x,y,t
-4.130776120949905e-14,1.631060691963564e-14,1779854181.5360365
-4.142206360040954e-14,1.6366122737009998e-14,1779854181.596162
-4.153603648550092e-14,1.6421452818745744e-14,1779854181.636135
-4.165017620095471e-14,1.6476838237387196e-14,1779854181.696166
-4.176490574488313e-14,1.654734201334468e-14,1779854181.7362156
-4.187279844755768e-14,1.6600089204102638e-14,1779854181.7964175
-4.1986935326801365e-14,1.665587152111079e-14,1779854181.8363051
-4.210080772386527e-14,1.6711506045516283e-14,1779854181.8963966
-4.221489671807256e-14,1.6767227872149147e-14,1779854181.9362237
-4.2328817959880326e-14,1.6822849242580982e-14,1779854181.996326
-4.244268070209048e-14,1.6878423566413025e-14,1779854182.0362613
-4.255697920626947e-14,1.693419203552672e-14,1779854182.096375
-4.267080650606503e-14,1.6989712061991296e-14,1779854182.1362936
-4.278491135850401e-14,1.704534896872663e-14,1779854182.196227
-4.2899146970593766e-14,1.7101031072476282e-14,1779854182.2362194
-4.301316309415627e-14,1.7156587647785844e-14,1779854182.2962134
-4.3127203365316904e-14,1.721213748205652e-14,1779854182.3362088
-4.324105618222023e-14,1.7267577528638055e-14,1779854182.396293
-4.3355304131333985e-14,1.7323191475348032e-14,1779854182.4362502
-4.346953653757162e-14,1.7378779290422846e-14,1779854182.496272
-4.3583403556827765e-14,1.743417080057411e-14,1779854182.5362349
-4.369768373125234e-14,1.7489744788948174e-14,1779854182.5963087
-4.3811641458552493e-14,1.7545143457016322e-14,1779854182.6362047
-4.392575391536534e-14,1.7600598859427718e-14,1779854182.696285
-4.404004997105113e-14,1.7656124949468014e-14,1779854182.7362223
-4.4055689172880594e-14,1.767724855505202e-14,1779854182.7561753
-4.414876563435366e-14,1.7722795309552848e-14,1779854182.7962315
-4.426268897599948e-14,1.777853363470347e-14,1779854182.8362713
-4.437686379919336e-14,1.7834382976703856e-14,1779854182.896258
-4.4490689005691275e-14,1.7890049289892572e-14,1779854182.936231
-4.46046477558956e-14,1.7945768925393373e-14,1779854182.9963498
-4.4718647659713604e-14,1.8001496678522057e-14,1779854183.0362263
-4.483278058644154e-14,1.8057277437515314e-14,1779854183.0962572
-4.494684976591242e-14,1.8113015014084466e-14,1779854183.1363966
-4.50606719859493e-14,1.816861992629674e-14,1779854183.1962233
-4.5174665282058224e-14,1.8224296430116453e-14,1779854183.2362046
-4.528890361373701e-14,1.8280080588479715e-14,1779854183.296361
-4.540288898437623e-14,1.83357291992903e-14,1779854183.336215
-4.5516847004345334e-14,1.8391352465095745e-14,1779854183.39623
-4.563077930005431e-14,1.84469511897054e-14,1779854183.4364243
-4.574479026955645e-14,1.85025763177818e-14,1779854183.496193
-4.585895985782867e-14,1.855826682215163e-14,1779854183.536452
-4.59728677188583e-14,1.8613817658928686e-14,1779854183.5962403
-4.608706308850918e-14,1.8669496707026517e-14,1779854183.6362612
-4.6201130496628784e-14,1.872510134717721e-14,1779854183.6962159
-4.631530651220919e-14,1.878074691709575e-14,1779854183.7363877
-4.634922219935942e-14,1.8808147666378884e-14,1779854183.7563176
-4.642501273603421e-14,1.8845301129762255e-14,1779854183.796271
-4.653901134996865e-14,1.8901180141155024e-14,1779854183.8364034
-4.6652704610392404e-14,1.895690268675536e-14,1779854183.8962116
-4.6766640685399006e-14,1.9012737453316015e-14,1779854183.9365826
-4.688072831507944e-14,1.9068639681086302e-14,1779854183.9962652
-4.699471323311201e-14,1.9124484769671257e-14,1779854184.0366104
-4.71085519646614e-14,1.9180251440748328e-14,1779854184.0963054
-4.72226150647818e-14,1.9236121224268816e-14,1779854184.1362066
-4.733638526589327e-14,1.9291840746164704e-14,1779854184.196252
-4.745049286449153e-14,1.934771871260419e-14,1779854184.2362773
-4.756429124976448e-14,1.9403438459942493e-14,1779854184.2964833
-4.7678398248493365e-14,1.9459302517192794e-14,1779854184.336408
-4.779223297065664e-14,1.9515026474418043e-14,1779854184.3963904
-4.790641762218835e-14,1.9570914923711516e-14,1779854184.4363995
-4.802017293253529e-14,1.96265864302103e-14,1779854184.4963171
-4.813430481334503e-14,1.9682435433932197e-14,1779854184.5363011
-4.82483796041845e-14,1.973824968756228e-14,1779854184.596284
-4.836233534387399e-14,1.9793998889282863e-14,1779854184.6363049
-4.847604267233254e-14,1.9849619783310617e-14,1779854184.6963148
-4.8528578766752346e-14,1.988293252754664e-14,1779854184.716495
-3.3068232032099476e-05,1.619719291397086e-05,1779854184.7366138
-0.00010192464804783405,4.9979523684865414e-05,1779854184.796367
-0.0001835921841028355,9.008265557383691e-05,1779854184.836339
0.0012234551757705821,-0.0005998511958307937,1779854184.8964052
0.0047044000155996545,-0.0023080649638549527,1779854184.9364944
0.007117486621610132,-0.0034938195415200367,1779854184.9962807
0.00718511429049725,-0.0035282241944767385,1779854185.0364823
0.006354998215476555,-0.003120947686532565,1779854185.096367
0.005377949336463417,-0.0026412576511684414,1779854185.1362758
0.004493969348845505,-0.002207216138564063,1779854185.196435
0.004127822120351945,-0.00202728790173058,1779854185.2363133
0.00443999299540019,-0.002180336916428062,1779854185.2962086
0.005002837190749896,-0.00245656115378174,1779854185.3365128
0.005953462438795169,-0.0029230722423950494,1779854185.3962827
0.007358018619902997,-0.0036123467071500705,1779854185.4365096
0.009881899580635027,-0.004850818204415816,1779854185.4962206
0.013775415302101763,-0.0067613550133266975,1779854185.5362878
0.018164451218489818,-0.00891506728171583,1779854185.5963528
0.023700493896295922,-0.011631414624250004,1779854185.6362681
0.030678124707171607,-0.015054933259946267,1779854185.6963131
0.0352991173899797,-0.017157754655597605,1779854185.7161944
0.03877603957069768,-0.018845213378442378,1779854185.7366595
0.04756102375238595,-0.02310351658750061,1779854185.7964523
0.056589331028533606,-0.027477131311853704,1779854185.836429
0.06681656623277821,-0.03243275023031984,1779854185.8964245
0.07861914017558645,-0.038150442120172996,1779854185.93643
0.0919296280635129,-0.04459641328430769,1779854185.9964345
0.10673706014662057,-0.051765129646954906,1779854186.0363848
0.12213902279394886,-0.05921784027465216,1779854186.0963392
0.13799964565460365,-0.06689066267248496,1779854186.1363738
0.15430225914458365,-0.07477543604337143,1779854186.1963384
0.17166680899219053,-0.08317280668851551,1779854186.236299
0.1903537745791726,-0.09220764919059242,1779854186.2962754
0.20951377402881094,-0.1014675817746768,1779854186.3363528
0.2292251397480557,-0.11099196147717556,1779854186.3963752
0.24965103636286934,-0.12085928329972791,1779854186.4363933
0.27041885793974596,-0.13088901730831842,1779854186.49637
0.2915634739617941,-0.14109818037797117,1779854186.5363772
0.3127304764727319,-0.1513154645851793,1779854186.596345
0.33437544152114057,-0.16176138015025257,1779854186.636353
0.35659002695475744,-0.1724797129792398,1779854186.6963906
0.3798738623296218,-0.18209140752835778,1779854186.7364347
0.40304161101481545,-0.1931438879621676,1779854186.7964554
0.426360637561577,-0.20426318859752746,1779854186.8363204
0.4500812797684442,-0.2155705261297652,1779854186.89643
0.47438017125747683,-0.22714907155243053,1779854186.9362738
0.4991831194118838,-0.23896268675774165,1779854186.996466
0.524374062748332,-0.25095612176223275,1779854187.0363955
0.5497396426868173,-0.2630270931446247,1779854187.0964055
0.5742079952053447,-0.27466399152464377,1779854187.13619
0.5974566122278943,-0.28571574041970066,1779854187.1962895
0.6196762642213132,-0.2962748833067377,1779854187.2363927
0.6410366293186323,-0.30642188297838047,1779854187.2962773
0.6620806433752424,-0.31641582494471593,1779854187.3363836
0.6832579030397784,-0.3264697041418376,1779854187.396368
0.7046271038681043,-0.33661072771085326,1779854187.4363902
0.7262632031101869,-0.34687422898976605,1779854187.4964502
0.7482177705305976,-0.35728449702540027,1779854187.5362368
0.7703143366230166,-0.3677574021064881,1779854187.5963824
0.7926403008205472,-0.3783349518200039,1779854187.6362827
0.8124250515942658,-0.38770550591875846,1779854187.676431
0.8153212834942465,-0.3890769456369286,1779854187.6963644
0.8382339204356295,-0.3999234810785338,1779854187.7362971
0.8614578472807232,-0.41091280150502085,1779854187.7963603
0.8847590601770775,-0.421933867492657,1779854187.8362565
0.9080818747077369,-0.43296050178267464,1779854187.8965569
0.9313944833272231,-0.4439777463061179,1779854187.9362073
0.9546944657400923,-0.45498454129694255,1779854187.996365
0.9780432362778138,-0.46600986006103345,1779854188.0362132
1.0013522970017863,-0.4770118686613967,1779854188.0962484
1.0247229576421928,-0.48803839523611114,1779854188.1361244
1.0480799019070857,-0.49905389752370016,1779854188.196236
1.071265947407693,-0.5099841310028358,1779854188.2362044
1.0942701054325157,-0.5208241140995504,1779854188.2961628
1.1172430990900517,-0.5316451166472119,1779854188.336096
1.1402911940655343,-0.542497124222305,1779854188.396426
1.1633602157919283,-0.5533545166993615,1779854188.4361644
1.1864068379496011,-0.5641968236349035,1779854188.4962914
1.2095352093451526,-0.5750730794421796,1779854188.536135
1.2326340147358394,-0.5859309258123144,1779854188.5962315
1.2556501451205484,-0.5967453705310123,1779854188.6360981
1.2780265828136275,-0.6096561522567594,1779854188.6963785
1.3007551701232336,-0.6203987696106859,1779854188.7361665
1.3238628360576152,-0.6313172045535363,1779854188.796287
1.3470441587037711,-0.6422670498131519,1779854188.836277
1.370212025459002,-0.6532071238564625,1779854188.8962302
1.3933970952248738,-0.6641519103941659,1779854188.936257
1.4165466587243172,-0.6750765123318252,1779854188.99625
1.4394983750050627,-0.6859043514579246,1779854189.0362966
1.4624837715396262,-0.6967447220260659,1779854189.0961945
1.4853133822859323,-0.7075082373739436,1779854189.136309
1.5079966447858542,-0.7181994106868066,1779854189.1963494
1.5306956454414127,-0.7288946937336328,1779854189.2362082
1.553397360028947,-0.7395879224364688,1779854189.296315
1.5760223801920026,-0.7502416990870696,1779854189.336192
1.5987098606577665,-0.7609215668851642,1779854189.3962724
1.6213767368965102,-0.7715884033261515,1779854189.436193
1.6441341268329865,-0.7822944935345445,1779854189.4962616
1.6669000659805426,-0.7930012536550298,1779854189.5363154
1.6896608281514935,-0.8037022193523075,1779854189.5964973
1.7124836827594123,-0.8144290504977737,1779854189.6362264
1.7377685280005384,-0.8293239345482606,1779854189.6962593
1.7570318088195687,-0.8384405984631975,1779854189.7361476
1.7798768265701113,-0.8492505882681359,1779854189.7962818
1.8027004406948923,-0.8600482859195387,1779854189.8362734
1.8254156437417222,-0.8707926212075825,1779854189.896229
1.8480005004391182,-0.8814731935116962,1779854189.936187
1.8705744111622644,-0.8921464331418272,1779854189.996254
1.8930821507580624,-0.902786296233414,1779854190.0362108
1.9154342700399147,-0.9133505024190053,1779854190.0962982
1.9378738013070727,-0.9239538881919269,1779854190.1361618
1.9604221976367873,-0.9346066086134406,1779854190.1962514
1.9830398832216363,-0.9452899681987614,1779854190.2362113
2.005706657938637,-0.9559943944764873,1779854190.2961862
2.028490335194839,-0.9667519062797076,1779854190.336212
2.051318608858584,-0.9775283456328901,1779854190.3962455
2.074154653953937,-0.9883063209061252,1779854190.436137
2.096995927721387,-0.9990846311552031,1779854190.4961429
2.119977408909519,-1.009926975213187,1779854190.5360687
2.143112618649807,-1.0208396948140208,1779854190.5961974
2.166322012247362,-1.0317852196231796,1779854190.6362967
2.1956374212371843,-1.0475765174474532,1779854190.6961997
2.2121947160056235,-1.0554188124429311,1779854190.736062
2.2354963060871405,-1.0664546516408147,1779854190.796261
2.2587225200035257,-1.0774534154568087,1779854190.8361187
2.2819959178950486,-1.0884731070561704,1779854190.8962057
2.30510418913467,-1.0994132581210803,1779854190.9361384
2.328215314152354,-1.1103533878367557,1779854190.9964678
2.351117641927926,-1.1211933283533102,1779854191.0363817
2.37379945517749,-1.1319275435506586,1779854191.0961263
2.3965007539289602,-1.1426695953905102,1779854191.1360404
2.4191577169233205,-1.153389306965978,1779854191.1964076
2.441808195864007,-1.1641046041788772,1779854191.2360768
2.464478466479013,-1.1748279228249494,1779854191.2962756
2.487207212304492,-1.1855775533718107,1779854191.336055
2.509854580156764,-1.1962873493364317,1779854191.396078
2.5325568773400486,-1.207021776107468,1779854191.4360523
2.555191137578948,-1.2177226856802186,1779854191.4960737
2.577769610726459,-1.228395880388352,1779854191.5359695
2.600436997798683,-1.2391097636965756,1779854191.596093
2.6230735156047653,-1.249807709963616,1779854191.636
2.631432817584489,-1.256464240129802,1779854191.6559827
2.644587853879031,-1.2627215118880468,1779854191.6959987
2.667065694721736,-1.2734130089640543,1779854191.7359328
2.6895859920114713,-1.2841242879646324,1779854191.7963972
2.7121607358309796,-1.2948611704397153,1779854191.8361993
2.7348130058076765,-1.305634710820722,1779854191.8962328
2.757503195481734,-1.3164259543490127,1779854191.9363568
2.780373912875003,-1.327302774845629,1779854191.996856
2.8031350119470737,-1.33812735907784,1779854192.0362575
2.8256454983222294,-1.3488325184329446,1779854192.096672
2.848174053718886,-1.3595459076120404,1779854192.1365058
2.868166998515939,-1.3690545985392952,1779854192.196411
2.8846419184756913,-1.3768903160600214,1779854192.2364728
2.9004665609258122,-1.3844150851873924,1779854192.2964196
2.915800706635712,-1.3917064324245736,1779854192.336376
2.9306341656164125,-1.3987595245390754,1779854192.3965535
2.945010049387183,-1.4055948722292595,1779854192.4363945
2.958844814948356,-1.412172764816295,1779854192.4964614
2.9722382682973234,-1.418540668745067,1779854192.5362115
2.941358777157633,-1.40386143669982,1779854192.5963783
2.942303834665239,-1.4043106646057422,1779854192.6362567
2.9414953911630017,-1.405422531643979,1779854192.6761837
2.9422564065850234,-1.4057838805025795,1779854192.696436
2.9423152111396935,-1.4058108406813574,1779854192.7362566
2.942213583204175,-1.4057615803938128,1779854192.7961447
2.942071555245153,-1.405693206159073,1779854192.8360913
2.9419301816458856,-1.4056252373626155,1779854192.8963315
2.9418033739887233,-1.4055642919294438,1779854192.936592
2.94169296588477,-1.4055112320829029,1779854192.9965773
2.9415977889982026,-1.4054654911140438,1779854193.0361264
2.9415153555340154,-1.4054258739567842,1779854193.0966232
2.9414449364494475,-1.405392027458276,1779854193.1366646
2.941384590023325,-1.40536301961728,1779854193.1961198
2.9413324658090665,-1.4053379625955909,1779854193.2360578
2.941288379299309,-1.40531676537103,1779854193.2965267
2.94124957346756,-1.4052981076858244,1779854193.3360367
2.941216287887827,-1.4052821019310522,1779854193.3962204
2.9411869415156886,-1.405267990620752,1779854193.436011
2.94116208210347,-1.4052560340497,1779854193.4961612
2.9411403634866944,-1.405245587477513,1779854193.536194
2.941122025165226,-1.4052367642527093,1779854193.5962281
2.9411056429638993,-1.405228882645092,1779854193.636096
2.9409067886626343,-1.4052774982613407,1779854193.6764934
2.941065848491624,-1.4053534301187258,1779854193.6962535
2.9410601846098077,-1.4053506354931828,1779854193.7362661
2.9410493938113094,-1.405345405774575,1779854193.7962663
2.9410381702831416,-1.4053399791190042,1779854193.8363178
2.941028147814455,-1.4053351344169105,1779854193.8962934
2.9410194279614066,-1.4053309188754683,1779854193.9361923
2.9410114383951202,-1.405327057670098,1779854193.9963412
2.9411149278141417,-1.4053764930257646,1779854194.0362148
2.9413761768706683,-1.4055013939690713,1779854194.0963616
2.941698714437197,-1.4056556544941896,1779854194.1362135
2.9415685617021183,-1.4055934862445374,1779854194.196317
2.9407770798562693,-1.4052149451560478,1779854194.2361805
2.9401631276052744,-1.4049211093811114,1779854194.2962055
2.940070629169758,-1.4048767098202708,1779854194.3360977
2.9401826666532473,-1.4049302697981865,1779854194.39613
2.94076951791021,-1.4052109827784902,1779854194.4363208
2.9419542887148737,-1.4057778351755927,1779854194.4963677
2.9428428293638524,-1.4062031437441491,1779854194.536309
2.9430828020767654,-1.4063181193935637,1779854194.5963724
2.942511318876895,-1.4074788356390984,1779854194.6364255
2.942493774400161,-1.4074697641555534,1779854194.696254
2.9425426131910593,-1.4074930553594451,1779854194.7362537
2.942766903171861,-1.4076021923414068,1779854194.7962778
2.9432079591205444,-1.407817997355625,1779854194.8362987
2.9437287620862147,-1.4080739224171621,1779854194.8963535
2.944274489733856,-1.4083424601807935,1779854194.9363194
2.9448295613467628,-1.4086157861794841,1779854194.9962578
2.945357199582965,-1.4088758447154899,1779854195.0361917
2.9458481921425204,-1.409117979796513,1779854195.0964158
2.946324125391177,-1.409352694887293,1779854195.1362786
2.946795389067461,-1.409585181602691,1779854195.1962738
2.9472656915985045,-1.4098172896138712,1779854195.236415
2.9477445845148567,-1.4100537132739637,1779854195.2962267
2.948236395102499,-1.4102966184067502,1779854195.3363147
2.9487323887959334,-1.4105417263000861,1779854195.3964689
2.949231108657663,-1.4107882991089675,1779854195.4362803
2.9497291195188033,-1.411034633318825,1779854195.496151
2.950162332833387,-1.4112491700850107,1779854195.536208
2.9505032578067363,-1.4114181422645542,1779854195.5964499
2.9509671270857525,-1.4112707533403388,1779854195.6362827
2.9512519796094576,-1.4114151150840035,1779854195.6962068
2.9515451709531986,-1.411563784080212,1779854195.7361808
2.951864880684962,-1.4117258429824142,1779854195.796418
2.9522238214677947,-1.4119079421407048,1779854195.8362358
2.952596308008557,-1.4120972633828923,1779854195.8963366
2.9529735499092875,-1.4122892115803733,1779854195.9362793
2.9533514396466765,-1.4124816594391991,1779854195.996227
2.953673868314934,-1.4126462890770448,1779854196.0361059
2.9539190046799484,-1.4127716751629518,1779854196.0964804
2.9541353633621417,-1.4128821848135675,1779854196.1363492
2.9542308319834114,-1.4129314543176765,1779854196.1962733
2.9541677148981504,-1.4128997508515055,1779854196.2362607
2.954019526561368,-1.4128241038720746,1779854196.2962642
2.953814567970329,-1.4127192059291378,1779854196.3362327
2.9535892348695234,-1.4126036334678842,1779854196.3962116
2.9533023322510004,-1.412456573607003,1779854196.436223
2.9529356137560296,-1.4122684695864969,1779854196.4962502
2.952578536915774,-1.4120848305103406,1779854196.5362294
2.9522632783326674,-1.4119224689127303,1779854196.5963638
2.9519649079121115,-1.4117687985049525,1779854196.636417
2.952315337109202,-1.410865080456414,1779854196.656511
2.9522321599438395,-1.4108197610774516,1779854196.6964347
2.9522575278675762,-1.4108315384466676,1779854196.7363076
2.9522873621487284,-1.4108472496344597,1779854196.7964513
2.9522609034143725,-1.410833722420268,1779854196.8363335
2.9522128930965392,-1.4108085130224481,1779854196.8964634
2.9521117214020465,-1.4107554382735519,1779854196.9363153
2.951943890721818,-1.4106671319093078,1779854196.9961848
2.9518264804061043,-1.4106046522376474,1779854197.0364769
2.951803973837404,-1.4105921698317823,1779854197.0965824
2.9518168712994393,-1.4105988453020255,1779854197.1363878
2.951766572479528,-1.410572532847612,1779854197.196484
2.951616868635731,-1.4104935277034565,1779854197.2363634
2.9513660711274894,-1.4103606543699845,1779854197.2961335
2.951013909763124,-1.410173662143419,1779854197.3364165
2.9506255293255546,-1.409966827206088,1779854197.3964522
2.950337822362314,-1.409812828868314,1779854197.4363353
2.9502002852059506,-1.4097386920182593,1779854197.4964867
2.950089704572922,-1.4096795225330914,1779854197.5362313
2.9499576413320145,-1.4096089841592814,1779854197.5965085
2.9502327099656007,-1.408906560384157,1779854197.6163323
2.9501378894851458,-1.4088552296997696,1779854197.636225
2.949909064555493,-1.4087317622897757,1779854197.696633
2.9495670577877124,-1.4085467637482105,1779854197.7362761
2.9493482480147164,-1.408426838772555,1779854197.7966325
2.9493460137762564,-1.4084242800627125,1779854197.8362384
2.9494244474101396,-1.4084666954662628,1779854197.8966029
2.949601370615285,-1.4085627624336583,1779854197.936204
2.9498881932613794,-1.4087189777006401,1779854197.9962542
2.950353623645144,-1.4089727389028497,1779854198.036264
2.9510209101928293,-1.4093373121391146,1779854198.0964184
2.9517647925404344,-1.4097451157215704,1779854198.1360822
2.9524825022213728,-1.4101395132645274,1779854198.1962976
2.95314520658849,-1.4105042582779899,1779854198.2360814
2.9539161303831727,-1.4109280978370937,1779854198.2963727
2.954856372117915,-1.4114455073173398,1779854198.3362186
2.955861255442575,-1.411999807678055,1779854198.3964431
2.9568208205321636,-1.4125302338991406,1779854198.4362154
2.9576954743107615,-1.413014454779664,1779854198.496317
2.9585050709550047,-1.4134631056558498,1779854198.5361996
2.9592521984512654,-1.4138776055533848,1779854198.596471
2.9604864089897034,-1.4122641402036427,1779854198.6163366
2.9608222575586804,-1.41245779486902,1779854198.6361544
2.961449465449242,-1.4128198733419526,1779854198.69624
2.9619634848569563,-1.4131173709067928,1779854198.7361405
2.9624184475208843,-1.4133803995466538,1779854198.7965264
2.9628349750670844,-1.4136213838256169,1779854198.8362148
2.963236580677792,-1.4138538380206214,1779854198.8962417
2.9634459477653494,-1.4139771785732185,1779854198.9362419
2.963389136044628,-1.4139465352250162,1779854198.9961631
2.9633972591427735,-1.4139500442894082,1779854199.0361364
2.963600705002898,-1.4140664806418861,1779854199.0963137
2.963878173494481,-1.4142277386786737,1779854199.1359723
2.9641053970445737,-1.4143609873026848,1779854199.196148
2.9642402203874205,-1.414440622460994,1779854199.236024
2.964484787090901,-1.4145829310992901,1779854199.296112
2.964919851167859,-1.4148369743111822,1779854199.33645
2.965423228987143,-1.4151328180168086,1779854199.3961458
2.965832282153511,-1.415374841220773,1779854199.4361281
2.966084220059393,-1.4155247944313485,1779854199.496188
2.9663873645092402,-1.4157035558019913,1779854199.5360076
2.9668230177607597,-1.4159606729846768,1779854199.5961292
2.968804234503239,-1.4124648705360927,1779854199.616079
2.969006262550953,-1.4125933526508299,1779854199.6360123
2.9695977619924756,-1.4129711954369228,1779854199.696103
2.9703232190170996,-1.4134368715016319,1779854199.736005
2.971159189010201,-1.4139768781729702,1779854199.7961423
2.9720950889286013,-1.4145839202882675,1779854199.8362267
2.9730665072016285,-1.4152176370737828,1779854199.8962996
2.973756537978133,-1.4156764321555302,1779854199.9361472
2.974050888481827,-1.4158783294126507,1779854199.9962764
2.9742597662646624,-1.4160165444918458,1779854200.0362046
2.974508702915067,-1.4161793562816194,1779854200.0962439
2.9747732779449967,-1.4163537275494367,1779854200.1362329
2.975140381752259,-1.4165949561329136,1779854200.1963189
2.9756408546837188,-1.41692530018999,1779854200.2362137
2.976251987892521,-1.4173311284360657,1779854200.2963057
2.9769637054812677,-1.4178057009374787,1779854200.3362322
2.977708660095634,-1.4183051446732644,1779854200.3963668
2.9783490059846085,-1.4187378859637487,1779854200.4362166
2.9788367556326696,-1.4190693872976354,1779854200.496318
2.9792074604635244,-1.4193217641988483,1779854200.5361927
2.9794760222465464,-1.4195052089026818,1779854200.5963168
2.9816337146846523,-1.4152631156809508,1779854200.6362648
2.9817216116688567,-1.4153399494378591,1779854200.6963031
2.9816491884876535,-1.4152912805242188,1779854200.73626
2.9816300546387544,-1.415270726112525,1779854200.7963083
2.981741169794512,-1.4153504557788836,1779854200.8362365
2.981898784992555,-1.4154731161922522,1779854200.8963256
2.9821120904293323,-1.4156405775123673,1779854200.9363024
2.9823869511453456,-1.4158584885653804,1779854200.9962852
2.982591130434833,-1.4160266068369467,1779854201.0360687
2.982677792866544,-1.4161015569007456,1779854201.0963705
2.98272215606978,-1.4161385692354471,1779854201.1361969
2.9826049978049274,-1.4160483759523133,1779854201.1962616
2.982281108895593,-1.4157885242900663,1779854201.236169
2.9820004926571015,-1.4155529640378006,1779854201.296319
2.9818545233841687,-1.4154256304672135,1779854201.3361604
2.9817566326031733,-1.4153417147935734,1779854201.3964572
2.9816906188402967,-1.415284789489407,1779854201.4362378
2.981651931576855,-1.415250910813399,1779854201.4963493
2.9816063113535,-1.4152122734427277,1779854201.536138
2.983321451327965,-1.4112052679215457,1779854201.5762246
2.983302172948862,-1.4111875635724538,1779854201.5963333
2.983236080519389,-1.4111205187986664,1779854201.6362953
2.9830905593746597,-1.4109805487169005,1779854201.696144
2.982842987624382,-1.4107364469696113,1779854201.7363014
2.9826389827020345,-1.4105204368309117,1779854201.7963426
2.9825260142023877,-1.4103938224442674,1779854201.8362126
2.9824439716963838,-1.4103051168082381,1779854201.8963573
2.98235694112104,-1.4102138238967765,1779854201.9364462
2.982252990795003,-1.410104853050909,1779854201.9964626
2.9821736071644716,-1.4100178698971446,1779854202.0362735
2.982132332284772,-1.4099704282006398,1779854202.096301
2.9821042441755283,-1.4099391779239234,1779854202.1363013
2.9820508615872363,-1.4098830312808828,1779854202.1963234
2.981959535115013,-1.4097855307779792,1779854202.236283
2.9817463914722606,-1.4095585014214673,1779854202.296345
2.9813830189712958,-1.4091637977004212,1779854202.3361764
2.98097029473523,-1.4087032773050414,1779854202.3961625
2.980551303045786,-1.4082296845966482,1779854202.4362874
2.980138319316239,-1.407758870190847,1779854202.4963384
2.979828138649331,-1.407396221882708,1779854202.5363274
2.9812024166490896,-1.404182028395714,1779854202.5963387
2.981091444861297,-1.4040186305840838,1779854202.6362588
2.9808588038406882,-1.403713975826201,1779854202.696382
2.980462734424402,-1.4031784284313595,1779854202.7364137
2.980038833310789,-1.4025706667811582,1779854202.7964113
2.9796285971923564,-1.4019692078200439,1779854202.836089
2.9792226845929255,-1.4013693031263503,1779854202.896389
2.978796413027382,-1.4007374465911595,1779854202.9361703
2.9783393577044053,-1.400053802643527,1779854202.996336
2.977889583094689,-1.3993683548430709,1779854203.0360682
2.9774546594807383,-1.3986970470651026,1779854203.0960944
2.9770272240898104,-1.3980318627202517,1779854203.1360033
2.9766538645628215,-1.3974378696523242,1779854203.19614
2.9763456295907402,-1.39693949372655,1779854203.2359626
2.9761006260080505,-1.396538207147174,1779854203.2960691
2.975917739429713,-1.3962340757402518,1779854203.3361409
2.9757549383134396,-1.3959660307933852,1779854203.3963532
2.9756287932458836,-1.3957535823474339,1779854203.436384
2.9755427528006098,-1.3956055543969785,1779854203.4963515
2.9754700891477555,-1.3954826203526047,1779854203.536487
2.976932928803633,-1.39329373530847,1779854203.5966713
2.9768773742494603,-1.3931786844156266,1779854203.6363575
2.9768368514906105,-1.393088028737359,1779854203.69622
2.9768153701518147,-1.3930367955624037,1779854203.7360837
2.9767987778035443,-1.3930010241306898,1779854203.796201
2.9767935615532606,-1.3929885693478976,1779854203.8364794
2.9768006732277597,-1.3930041347115663,1779854203.8965077
2.976899143091964,-1.393208722368552,1779854203.936428
2.977105159737849,-1.3936714933315362,1779854203.9965355
2.977335904955085,-1.3942352532106081,1779854204.0364153
2.977620582872729,-1.3949361036924297,1779854204.0965214
2.977963311209918,-1.3957967092731816,1779854204.136108
2.978312605296456,-1.3967098735256789,1779854204.1962276
2.978656233109772,-1.3976304376498623,1779854204.236151
2.9789943886035433,-1.3985531274346095,1779854204.2962036
2.979367992814082,-1.399575251906234,1779854204.336564
2.9797851479117674,-1.4007358595394854,1779854204.3965929
2.980208516841217,-1.401952534669491,1779854204.4364254
2.9805696898624947,-1.4030392055221335,1779854204.4965312
2.98085508598206,-1.4039279318519569,1779854204.5364006
2.981106198641003,-1.4044224063920678,1779854204.5965903
2.981295218264717,-1.4051850515195166,1779854204.6364086
2.9815138656262428,-1.4061003667762306,1779854204.6969652
2.981677568900593,-1.4068648871530491,1779854204.736619
2.981782973544902,-1.4074060519916456,1779854204.7968564
2.981857327176951,-1.4077907601014994,1779854204.8365097
2.981904977672364,-1.4080497143395583,1779854204.896448
2.981947184099283,-1.4082622462334737,1779854204.9364142
2.9820049535641457,-1.4085309081507045,1779854204.9965053
2.9820798710761087,-1.408895043688449,1779854205.036719
2.9821201871282064,-1.4091552608774254,1779854205.09652
2.982122873289738,-1.4092266614217266,1779854205.136595
2.982121283939822,-1.409225866749167,1779854205.1967394
2.9820812959085425,-1.4090287838984308,1779854205.2364714
2.9820037896025404,-1.4085809282711752,1779854205.2965486
2.9818491263636058,-1.407648035995671,1779854205.3363562
2.9816221732540478,-1.4061397837062155,1779854205.3964717
2.981400261547794,-1.4044111051053487,1779854205.4363596
2.981218573718797,-1.402786408449219,1779854205.4966326
2.981075124514529,-1.401364781964712,1779854205.5361023
2.981022375433165,-1.4009010322328923,1779854205.5565639
2.9810316950584954,-1.4002442012830623,1779854205.5964582
2.9810334854352383,-1.3994310694837326,1779854205.636332
2.9810251389251214,-1.398722919283946,1779854205.6964126
2.9809988552460904,-1.3978445933971388,1779854205.736306
2.980972623669595,-1.3966883640827106,1779854205.7964456
2.980977224111525,-1.3955280773836445,1779854205.8363063
2.9809960247739826,-1.3944819347817068,1779854205.8964097
2.9810167415012407,-1.3934792523436597,1779854205.9363043
2.9810438823093883,-1.3924992925124773,1779854205.9964602
2.981077898877924,-1.3915394409762387,1779854206.0362952
2.981121126954822,-1.3907136552911425,1779854206.0964131
2.9811638911730993,-1.3900623140947521,1779854206.1363697
2.9812004053453736,-1.3894775619374937,1779854206.1965091
2.9812377426322643,-1.3889552357951613,1779854206.236318
2.981274472959814,-1.3884974317519687,1779854206.2965128
2.981308888164506,-1.388125856529133,1779854206.336358
2.9813379184713598,-1.3878482642283771,1779854206.3964946
2.98136207307852,-1.3876053846406353,1779854206.4363432
2.9813833500948577,-1.3874253730406867,1779854206.4964502
2.9813977429886727,-1.3873214080781222,1779854206.5363312
2.981965676252051,-1.387482929243175,1779854206.5563254
2.9819646842933407,-1.3875230486884873,1779854206.5964513
2.981949929556507,-1.3876307822646632,1779854206.6363525
2.9819208125954058,-1.3877743585671396,1779854206.6964471
2.9818823003563644,-1.3879605452541788,1779854206.736389
2.981832121461349,-1.388193461039078,1779854206.7963994
2.981792646533786,-1.3883196500397048,1779854206.836624
2.981788217641035,-1.3882815517526685,1779854206.8966672
2.981807956565364,-1.3881825236341032,1779854206.9361613
2.981834408556759,-1.3880745452242729,1779854206.9965973
2.981860701250989,-1.3879751054951452,1779854207.0364397
2.9818636304290576,-1.3879908697171095,1779854207.0964334
2.981824054774156,-1.3881615273960897,1779854207.1361327
2.981758808840923,-1.3883881400140168,1779854207.1962512
2.981667320858146,-1.388702011200924,1779854207.236143
2.9815412661191845,-1.3891177338992031,1779854207.2965062
2.981394894992705,-1.3895686807528747,1779854207.3363914
2.981239611996146,-1.3900287509405607,1779854207.3966231
2.9810780828898835,-1.3904926376935223,1779854207.4364796
2.9809384351208497,-1.390864792616243,1779854207.4968028
2.980838831772944,-1.3911131038111084,1779854207.5362833
2.9808740793995083,-1.391417586013409,1779854207.5764298
2.980853885470531,-1.391447230062519,1779854207.5962865
2.9807901676174215,-1.3915851071859253,1779854207.6364706
2.9807330273315955,-1.3917107835852,1779854207.696536
2.9806450098919517,-1.3919191890626865,1779854207.7364259
2.9805020478620006,-1.392243691650348,1779854207.7966135
2.9806391501253,-1.3918232562260047,1779854207.8362098
2.981284396749205,-1.3903458451404689,1779854207.896111
2.982198040064179,-1.3885002959731676,1779854207.936101
2.9826359206301496,-1.3878707424069627,1779854207.9965594
2.982172647231622,-1.3890179723751837,1779854208.0365007
2.981699528817989,-1.3898097315718199,1779854208.0965674
2.9817894319407983,-1.389474041302044,1779854208.1364772
2.982176795530447,-1.38874398785426,1779854208.1965709
2.982524979972512,-1.3881746224701539,1779854208.2364602
2.9826911936088214,-1.38794493999329,1779854208.2962852
2.982694290593035,-1.3879735992633322,1779854208.3362145
2.98255514718878,-1.3882251423483372,1779854208.39668
2.9823530095262942,-1.3885496258133967,1779854208.4363685
2.9822455729878623,-1.3886872170318723,1779854208.4964356
2.9823121286745367,-1.3885502554485718,1779854208.536453
2.9822878363190406,-1.388194143814096,1779854208.5764196
2.982307190173039,-1.388163760472304,1779854208.5965366
2.982340787078068,-1.3881174561471898,1779854208.6364188
2.982352088538049,-1.3881020551487435,1779854208.696646
2.982355508506101,-1.3880972537161107,1779854208.7364383
2.98235639478266,-1.3880957834524994,1779854208.7965422
2.982356484011333,-1.3880953501434963,1779854208.836444
2.9823563299490385,-1.3880952382022498,1779854208.8964906
2.982356120601562,-1.388095209771758,1779854208.936466
2.982355899503195,-1.3880952113302258,1779854208.996455
2.9823556916569243,-1.3880952117210057,1779854209.036371
2.9823554948589774,-1.3880952135057212,1779854209.0964446
2.9823553187562295,-1.3880952046920827,1779854209.1364474
2.9823551529623007,-1.3880951971769626,1779854209.1965404
2.9823549979443436,-1.3880951895413858,1779854209.236411
2.9823548587300945,-1.388095175619376,1779854209.29654
2.9823547317760504,-1.3880951590538257,1779854209.336414
2.9823546119065067,-1.3880951448468175,1779854209.3965325
2.9823545047212425,-1.3880951264439376,1779854209.4365265
2.982354403525509,-1.3880951104631802,1779854209.4965973
2.9823099895913474,-1.3875939010393075,1779854209.5367246
2.9823099963224626,-1.3875939149386791,1779854209.5966108
2.9823099696763533,-1.3875939427625403,1779854209.6363351
2.9823099365794286,-1.3875939671727955,1779854209.6965358
2.9823099013386907,-1.3875939887247841,1779854209.7364728
2.9823098670323795,-1.3875940058606016,1779854209.796748
2.9823098342858696,-1.3875940190737206,1779854209.8364103
2.9823098023567645,-1.387594030077743,1779854209.8964577
2.9823097721302685,-1.3875940383790089,1779854209.936417
2.98230974315693,-1.3875940449692714,1779854209.9965966
2.98230971652004,-1.3875940489672987,1779854210.0364897
2.9823096911732874,-1.3875940518661147,1779854210.096434
2.9823096672972924,-1.3875940536647353,1779854210.1362972
2.982309644759888,-1.3875940546687326,1779854210.1964364
2.9823096241163807,-1.387594054415235,1779854210.236524
2.982309604619903,-1.3875940537930813,1779854210.2965524
2.9823095864502727,-1.3875940526672563,1779854210.336281
2.98230956943261,-1.387594051255726,1779854210.3965964
2.982309553498716,-1.3875940496446268,1779854210.4365268
2.982309538879197,-1.3875940476200037,1779854210.4964197
2.9824030621049493,-1.3871244603861244,1779854210.5365348
2.982403067454661,-1.38712447219281,1779854210.596406
2.9824030682394063,-1.3871244808431473,1779854210.6364095
2.9824030674767266,-1.387124487471219,1779854210.6965246
2.982403065575909,-1.387124493296113,1779854210.7360706
2.9824030634200187,-1.3871244978829136,1779854210.7961211
2.982244491108652,-1.3873205396790333,1779854210.8360412
2.9818649451355657,-1.387787026037628,1779854210.8960447
2.981402661009911,-1.388348885165182,1779854210.9361782
2.9794728897883074,-1.3906856913507477,1779854210.996211
2.975518351172528,-1.3954150764419047,1779854211.0360372
2.9697799301954713,-1.4021853857112712,1779854211.0962617
2.9623812173340665,-1.4108091107474159,1779854211.1362734
2.954314161502481,-1.4200746112049298,1779854211.1963136
2.945074669756771,-1.4305894750596693,1779854211.2362468
2.9344352410852204,-1.4425676179926836,1779854211.2961571
2.921893851618164,-1.4565426922637839,1779854211.336215
2.9072871999460124,-1.4726370207177075,1779854211.3962789
2.891862078734628,-1.4893857803449029,1779854211.4362526
2.876010369254001,-1.5063951217277214,1779854211.496305
2.874190096781349,-1.5391825563554482,1779854211.536301
2.8616022238346805,-1.5566160813222625,1779854211.5964084
2.847506280715677,-1.5759650827110026,1779854211.6363387
2.83327469483322,-1.5953465830889406,1779854211.6961017
2.8189839674546064,-1.6146590916936807,1779854211.735935
2.804641894694752,-1.633892442865914,1779854211.7962785
2.7901316106645866,-1.6531964581374838,1779854211.8360348
2.775417697589804,-1.6726237080003388,1779854211.8961074
2.7605914897778097,-1.6920581868306055,1779854211.935998
2.7456627691893165,-1.7114830866349355,1779854211.9960995
2.730639965543688,-1.7308871747880072,1779854212.0361085
2.715556400822526,-1.750228638090305,1779854212.0960805
2.700494340160243,-1.7694019278699997,1779854212.1360786
2.685344957292426,-1.7885465012594137,1779854212.196145
2.6701270172444382,-1.8076387936145444,1779854212.2361364
2.6548331695455554,-1.8266885290018986,1779854212.296359
2.639488840370452,-1.8456639734132936,1779854212.3362246
2.6241034124290192,-1.864554142375467,1779854212.3961475
2.6086785440343156,-1.883358082817104,1779854212.436025
2.630307124414698,-1.9386723882147996,1779854212.4961538
2.619827275822283,-1.9542608304863898,1779854212.5360057
2.606282907389912,-1.974318981706167,1779854212.596157
2.592654154001371,-1.9944125295829083,1779854212.6360307
2.5789933188089744,-2.0144669277502647,1779854212.6961355
2.5653073005171856,-2.0344712338976674,1779854212.735988
2.5515119949819427,-2.054549796042604,1779854212.79616
2.5377301356962603,-2.0745276366073813,1779854212.8361313
2.5239593763650383,-2.0944058807202306,1779854212.8960874
2.510162500495797,-2.1142361075296665,1779854212.936065
2.4964600400395853,-2.1338517150585807,1779854212.9961312
2.4828627853577956,-2.1532356707982223,1779854213.0361655
2.4692102507619067,-2.1726117798598024,1779854213.0962384
2.455449444244205,-2.1920596618014594,1779854213.1361353
2.4415788650623624,-2.2115832775039026,1779854213.196257
2.4275850807545334,-2.23119823424013,1779854213.2360435
2.4134497870363085,-2.2509299919842327,1779854213.2963476
2.3992194538191116,-2.2707134140850127,1779854213.3363461
2.384984685306587,-2.290421674162616,1779854213.396467
2.3706622561641124,-2.310170067596045,1779854213.43636
2.3562428400183366,-2.3299707460302623,1779854213.4964826
2.3931322364247176,-2.3688431862041526,1779854213.5165815
2.3849433261106454,-2.381881489976744,1779854213.536465
2.371789730304298,-2.4028042798662113,1779854213.5964284
2.358577239026287,-2.4237807120620296,1779854213.636173
2.3453539234945966,-2.4447367690997,1779854213.6961365
2.3320249369278017,-2.4658170652473888,1779854213.7359838
2.31863992396858,-2.486944517349907,1779854213.796128
2.305249644646206,-2.50804280126196,1779854213.836162
2.2918397743809993,-2.5291317333661514,1779854213.8961456
2.278413214999159,-2.550205175891452,1779854213.936555
2.2650331081747415,-2.571166677899851,1779854213.996531
2.251658642254199,-2.592078969931077,1779854214.0364885
2.238435971617277,-2.6127153398448137,1779854214.096637
2.2252844569206727,-2.6332010016654994,1779854214.1364405
2.2121975415810144,-2.653543790744293,1779854214.1965466
2.1991714833137976,-2.673753204451434,1779854214.2364976
2.1861364680508397,-2.6939376900446548,1779854214.2966275
2.173168974268361,-2.713978484994595,1779854214.3364868
2.160183133563775,-2.734009144755624,1779854214.3964663
2.1471730017868773,-2.75403874626097,1779854214.436424
2.1341694745276025,-2.774019885805973,1779854214.496512
2.159686800213211,-2.807091518292996,1779854214.516455
2.1539904621351966,-2.816748992590405,1779854214.5364442
2.141884892525786,-2.8372706750431753,1779854214.5966034
2.129747031928373,-2.857838503410961,1779854214.636433
2.1175974847334578,-2.8784178274790766,1779854214.6965914
2.105428303802154,-2.899020012530495,1779854214.7366054
2.09321167956465,-2.919693476804924,1779854214.7963665
2.0809476747822977,-2.9404383795167943,1779854214.836179
2.0686316008549666,-2.961262633208849,1779854214.8961904
2.0563123261185114,-2.982084709939424,1779854214.9365416
2.0440114791502757,-3.002867884421024,1779854214.9968536
2.0317196514931366,-3.023627042634712,1779854215.036519
2.0193809094337904,-3.044454196276848,1779854215.096566
2.007016277028554,-3.065315601871411,1779854215.1363752
1.9945944953929229,-3.086265639587867,1779854215.1967955
1.9821803534871671,-3.1071940591704434,1779854215.236477
1.969752289368922,-3.128136960798765,1779854215.296498
1.9573196667472679,-3.149078151432918,1779854215.3363786
1.9448214173823468,-3.1701207354012966,1779854215.3965724
1.932364194578707,-3.1910854440488245,1779854215.4363973
1.9423977845017046,-3.2174697447329206,1779854215.476522
1.9386720104678261,-3.224098841944667,1779854215.4965801
1.9267817640707567,-3.245247084446405,1779854215.5364015
1.9148992711304293,-3.266387121337302,1779854215.5965583
1.9030258058735827,-3.2875190329117343,1779854215.6363945
1.8911331198438446,-3.3086939059575666,1779854215.6961446
1.8792800363352966,-3.329806946018008,1779854215.7361145
1.8673821807563586,-3.351007158669084,1779854215.7961736
1.8554884221231105,-3.372210122688496,1779854215.836513
1.843635971666244,-3.393349518825958,1779854215.8964214
1.831798892439103,-3.414469014724859,1779854215.936373
1.8199811156666987,-3.4355623955159675,1779854215.996503
1.808143852835846,-3.4566985441358136,1779854216.036407
1.7962825300409613,-3.477886504535131,1779854216.096492
1.7844475626594085,-3.4990366621525832,1779854216.1364393
1.7725978163847975,-3.5202218132413265,1779854216.196484
1.7607800638932156,-3.5413585258560976,1779854216.2365205
1.7489613516057503,-3.562505635939493,1779854216.296475
1.7371434802962655,-3.5836598178085928,1779854216.336413
1.7253392855616787,-3.6047981679001064,1779854216.396531
1.7134966629032882,-3.6260140365827156,1779854216.436408
1.7122559572002485,-3.6482752522763024,1779854216.4764757
1.7101770076219214,-3.6520978440191025,1779854216.4965343
1.6986288460493568,-3.673330648142756,1779854216.5364232
1.68709245838486,-3.6945570116214506,1779854216.5960474
1.6754908032653562,-3.7159202049556406,1779854216.6360655
1.663912857969948,-3.7372577697976865,1779854216.6961954
1.652307926998126,-3.758661703776254,1779854216.736109
1.6406497292227604,-3.780181024478589,1779854216.7960498
1.6290109473231758,-3.8016821630316326,1779854216.8361235
1.6173239211254702,-3.823289833028362,1779854216.8964798
1.6056584840869828,-3.844875177222674,1779854216.9360688
1.5940157815427947,-3.8664357782285563,1779854216.9964316
1.5823606954622262,-3.8880365908290457,1779854217.0365171
1.570712751912851,-3.9096414650367057,1779854217.0963724
1.5591032186209781,-3.9311929317511733,1779854217.136637
1.54753547791204,-3.952684146105534,1779854217.196559
1.5359600741138604,-3.9742056064924425,1779854217.2364182
1.5243358877731525,-3.9958347898465467,1779854217.2964866
1.5127057014121517,-4.0174931614839835,1779854217.3363125
1.501036800185169,-4.039240830310164,1779854217.3965163
1.48934156036371,-4.061055079077892,1779854217.4363842
1.4779396528931965,-4.083072402655831,1779854217.4965599
1.466245182575776,-4.104940971252914,1779854217.5364003
1.4545618636768645,-4.126806641646157,1779854217.5965617
1.4436887095447735,-4.14718426235747,1779854217.6364427
1.4339617127491633,-4.165432318758474,1779854217.6965885
1.4246228863914012,-4.182955771550545,1779854217.736578
1.4167462778060784,-4.197762595959507,1779854217.7962697
1.4107798140195023,-4.208994857207872,1779854217.83654
1.4064669170019888,-4.2171210361637534,1779854217.8963847
1.4036987657497202,-4.222343743894376,1779854217.936301
1.401480090176385,-4.2265223450510945,1779854217.9965067
1.3999534364051975,-4.22940223929184,1779854218.0365078
1.3991967673189476,-4.230832209654195,1779854218.0962853
1.3988270011835566,-4.231528017876877,1779854218.1360917
1.3986996337640663,-4.231765099180728,1779854218.1966255
1.3986547666510194,-4.231844946644563,1779854218.2365506
1.398640481051406,-4.231866943152218,1779854218.2969303
1.3986403827752678,-4.231862386780425,1779854218.3364537
1.3986445211921186,-4.2318501203556504,1779854218.3965807
1.3986502605909321,-4.231835158798741,1779854218.436471
1.3975411142986758,-4.231181559990707,1779854218.496497
1.3975108277614847,-4.231237427227448,1779854218.5363984
1.397511925133507,-4.231233645076244,1779854218.5965073
1.3975167443397347,-4.231222792525558,1779854218.636397
1.397522435727333,-4.231210344226075,1779854218.696435
1.3975272954775277,-4.23119955873596,1779854218.7364502
1.3975322767957403,-4.231188623899514,1779854218.7965233
1.3975365833660633,-4.2311790559743185,1779854218.8364108
1.3975401619656478,-4.231170956779029,1779854218.8964965
1.3975438189674543,-4.231162783578354,1779854218.9364839
1.3975469243065557,-4.231155736863533,1779854218.9965389
1.3975498159901694,-4.231149168019986,1779854219.0364287
1.3975522176322699,-4.231143603396742,1779854219.0965657
1.3975546636921194,-4.2311380158568195,1779854219.1365254
1.3975567435322391,-4.231133189083145,1779854219.1965475
1.3975586947813285,-4.231128664545379,1779854219.2365208
1.3975603277612594,-4.231124803643675,1779854219.2965856
1.39756194373436,-4.231121024476194,1779854219.336485
1.3975634098846947,-4.231117579163432,1779854219.396488
1.3975647344023325,-4.231114449415145,1779854219.4364266
1.3966439977663874,-4.230634470268736,1779854219.45651
1.3966278721820742,-4.230665399368417,1779854219.4961715
1.3966274261152323,-4.230666300347453,1779854219.5362322
1.396628574158557,-4.230664083957176,1779854219.5962877
1.3963238161314013,-4.231243924546057,1779854219.636264
1.3955945405582968,-4.2326326462210115,1779854219.6961381
1.3947076070237436,-4.234323289575954,1779854219.7366052
1.394072988531115,-4.235534629357421,1779854219.7961323
1.3938417302748987,-4.235977169251339,1779854219.8364944
1.3939443100617914,-4.23578213464019,1779854219.8964365
1.3943494582402602,-4.235008659786668,1779854219.9364016
1.3948636482903753,-4.234025456437917,1779854219.9965107
1.3951912291520838,-4.233397580899684,1779854220.0364277
1.3952276604949572,-4.233326405109523,1779854220.0964136
1.395253157128503,-4.233277482374735,1779854220.1364152
1.395379624873595,-4.2330354060114335,1779854220.19652
1.3955442239543097,-4.232719692274266,1779854220.2364721
1.3956871042403085,-4.232445188735071,1779854220.29618
1.3957860849872257,-4.2322547466851725,1779854220.3364558
1.395893811786656,-4.232047684093989,1779854220.396582
1.3960299520887625,-4.231785957050678,1779854220.4367588
1.3954141159041453,-4.231544077528584,1779854220.4564428
1.3955033810835005,-4.231379608842718,1779854220.4965448
1.3956168611198498,-4.231171604956735,1779854220.536668
1.3956778020173783,-4.231060652329093,1779854220.5965395
1.3956648017699935,-4.231086554371576,1779854220.636389
1.3955696682035785,-4.2312641776741735,1779854220.6966705
1.3954435624545463,-4.231497829517867,1779854220.7363868
1.3953420983780744,-4.231684951548544,1779854220.7963507
1.3952857280765523,-4.231788495504868,1779854220.8367472
1.3952912785457259,-4.2317774067416485,1779854220.8964338
1.395364279120091,-4.2316416332354745,1779854220.9361348
1.3954624550021517,-4.23145995668809,1779854220.9965613
1.3955929052834164,-4.231218480117434,1779854221.036496
1.395760203613775,-4.23090885491692,1779854221.096275
1.3959266553625742,-4.230601210449942,1779854221.1363287
1.3960760937037837,-4.230325113715394,1779854221.1963782
1.396219425628126,-4.230060179622033,1779854221.2366192
1.3963559456081116,-4.229807836225866,1779854221.2964408
1.3964847772748858,-4.229569697105995,1779854221.3364391
1.396635551357278,-4.22929077118196,1779854221.3963888
1.396820203807498,-4.2289491553957275,1779854221.4364042
1.3979082418263358,-4.229478044053243,1779854221.4764235
1.3980035807186557,-4.229307278778377,1779854221.496477
1.3982037782299017,-4.228949184291275,1779854221.5364797
1.3983988791097008,-4.228600397510705,1779854221.5965123
1.3985518095030802,-4.2283281258901075,1779854221.6361384
1.398647683516989,-4.22815810270149,1779854221.696297
1.3987214663299918,-4.228026606818468,1779854221.7365015
1.398773388139332,-4.227934255733955,1779854221.796442
1.3988019085493315,-4.227883704856121,1779854221.83634
1.3988469139584776,-4.227802946304653,1779854221.8966007
1.398924721734081,-4.22766354263347,1779854221.9363382
1.3990151291798416,-4.227502180306637,1779854221.9966726
1.399063884864035,-4.227415981798922,1779854222.036427
1.399049759040263,-4.2274419946010795,1779854222.0964835
1.3989714058469727,-4.22758223972286,1779854222.1364765
1.3988288076182527,-4.227836648564134,1779854222.1967525
1.3986627189914032,-4.228132108998717,1779854222.2364619
1.3985245593234208,-4.228377171848737,1779854222.2967591
1.3984345340214328,-4.22853647268429,1779854222.3364098
1.3983568783992515,-4.228674207952523,1779854222.3963385
1.3996265370011969,-4.229620447304328,1779854222.416387
1.3996026807554967,-4.229661537285101,1779854222.4364533
1.3995211902564957,-4.229802320242491,1779854222.4964178
1.3994029699681239,-4.230007545332874,1779854222.536386
1.3992338272167217,-4.230300675868326,1779854222.596579
1.3989833196824986,-4.230734512518991,1779854222.6364155
1.3986397981643186,-4.231328310423647,1779854222.6963727
1.3982607846828958,-4.231981190764004,1779854222.7364805
1.3978690623088599,-4.232654961018203,1779854222.796384
1.3974758425836922,-4.233330636806779,1779854222.836412
1.3970536943557819,-4.234055930285421,1779854222.8963833
1.3965947878119016,-4.234843806118698,1779854222.9364078
1.3961232936240873,-4.23565213599783,1779854222.996348
1.395341979570975,-4.23699561848648,1779854223.0364273
1.3941363541796619,-4.239065255184362,1779854223.096462
1.392590841830524,-4.241712276132228,1779854223.136387
1.3907439020437307,-4.244871248487503,1779854223.1963995
1.3887869288171746,-4.248212307219977,1779854223.2364357
1.3869844388410508,-4.251283532372801,1779854223.2964706
1.3854240261284305,-4.253938834704384,1779854223.3365133
1.384020479063562,-4.2563263754183795,1779854223.3966053
1.3835487972717544,-4.258956046186305,1779854223.43646
1.3823012000839592,-4.261039248393281,1779854223.496422
1.3810675458624126,-4.263097854053801,1779854223.5364099
1.3798358518638205,-4.265151213761907,1779854223.59668
1.3786102612127922,-4.267192131454682,1779854223.636512
1.3773935861498132,-4.269215993482155,1779854223.6961713
1.376176820287633,-4.271237921358796,1779854223.7360516
1.3749376019528383,-4.273295365833861,1779854223.7964618
1.3736676418753386,-4.275401625286873,1779854223.8361232
1.3723491711837592,-4.2775862082080325,1779854223.8961637
1.3709756271272113,-4.279859536842254,1779854223.9367943
1.3695767851192142,-4.282171487514346,1779854223.9964004
1.3682430956562563,-4.284371970962598,1779854224.0364041
1.367004039735644,-4.286413684909984,1779854224.0963354
1.3658342121920797,-4.288339645459007,1779854224.1363833
1.3647311972638294,-4.290153758727734,1779854224.1963995
1.363648875319527,-4.2919325413883325,1779854224.2364438
1.3625693401868157,-4.293705064125264,1779854224.296445
1.3614821894603388,-4.2954881939689775,1779854224.3364327
1.3604125926007393,-4.2972402277696835,1779854224.3963761
1.3600023948230597,-4.299314447629829,1779854224.4364836
1.3589573820932508,-4.300986542806942,1779854224.496739
1.3579578889696584,-4.302582436893622,1779854224.536479
1.3570211440437636,-4.304075796871545,1779854224.5963824
1.3560618793209018,-4.305605247170916,1779854224.6363866
1.3550489561786627,-4.3072184406506615,1779854224.696365
1.354011513857091,-4.308867297090713,1779854224.7363517
1.3530068099250965,-4.310460682397746,1779854224.7964785
1.3520523501118626,-4.311971938354823,1779854224.8364272
1.3510054093376072,-4.313630553321244,1779854224.8963609
1.3498100061293177,-4.315522085784329,1779854224.9365237
1.3485543246878005,-4.31750381190352,1779854224.9964578
1.347282952327927,-4.319506793802829,1779854225.036457
1.3460029556403679,-4.32152034274479,1779854225.0964584
1.3447925543074282,-4.323420339661566,1779854225.1364937
1.3436856149430016,-4.325155070687512,1779854225.1965187
1.3426099094892645,-4.326839765448231,1779854225.2364688
1.3415585036895548,-4.328484283343217,1779854225.2964637
1.3405270559865858,-4.3300953903932236,1779854225.3363466
1.3394249842634467,-4.331815849301511,1779854225.3964193
1.338225172345892,-4.333686475526167,1779854225.4363978
1.3385989714666955,-4.3342319933941695,1779854225.4564502
1.3374982284215233,-4.335881384777697,1779854225.4964097
1.3361971973412443,-4.337826651424075,1779854225.5363579
1.334878812959319,-4.339793790682454,1779854225.596409
1.3334795026945745,-4.341879614390488,1779854225.6364183
1.331982523871191,-4.344106833536009,1779854225.6964006
1.3304438510618393,-4.346389123581335,1779854225.736359
1.3288893360044294,-4.3486897453847995,1779854225.7964778
1.327332864792343,-4.350988624262067,1779854225.8364003
1.325705556469182,-4.353389371854605,1779854225.8964472
1.3239863998114676,-4.355921022536065,1779854225.936482
1.3222329065096534,-4.3584963990890975,1779854225.9965088
1.3204697238635217,-4.3610804979737825,1779854226.0364547
1.3186969103409396,-4.363673587140257,1779854226.0969174
1.316830816599294,-4.366400080536341,1779854226.1364443
1.3148409686815812,-4.369302141522077,1779854226.1966136
1.312806167097093,-4.3722618679335925,1779854226.2363243
1.3107490387150633,-4.375247707117082,1779854226.2969172
1.3086857487447925,-4.378236573144663,1779854226.3364751
1.3056748878334499,-4.381686040518192,1779854226.396507
1.3041610308159999,-4.383728357271399,1779854226.4364114
1.3020148341956692,-4.386620450856064,1779854226.4963644
1.2999652915504625,-4.389368743638072,1779854226.5364656
1.2980614194600868,-4.391913175552217,1779854226.5964842
1.2961696767327642,-4.394441986096929,1779854226.6364381
1.2942350576743364,-4.397022777829765,1779854226.696434
1.2922754959265648,-4.399627768448695,1779854226.7364461
1.2904082049724148,-4.402097969053727,1779854226.796463
1.2886871474311121,-4.404366840738058,1779854226.836391
1.2869652911619323,-4.40663692524051,1779854226.8960006
1.2851778093308637,-4.408988478917043,1779854226.9360383
1.2833618314855293,-4.411368823355671,1779854226.9964035
1.281692024107522,-4.413545202963282,1779854227.0361688
1.280239983036697,-4.415430357954876,1779854227.096214
1.2788639939900506,-4.41721675074395,1779854227.1360059
1.2775145063987179,-4.418965283596514,1779854227.1961844
1.2761689612669784,-4.420704154846137,1779854227.2361543
1.274830756169269,-4.422428484241987,1779854227.2965715
1.2734991216532647,-4.4241393920416865,1779854227.3360069
1.2721569567635744,-4.425859424382367,1779854227.3961365
1.2693246671341063,-4.42462543724907,1779854227.4161606
1.2684632413041792,-4.425611519122679,1779854227.4360669
1.2669973102568928,-4.42727870194773,1779854227.4961011
1.265387891039622,-4.429110742706209,1779854227.5360408
1.263586530729257,-4.431151715229754,1779854227.5960627
1.261743229758937,-4.4332173466558755,1779854227.6360536
1.2599307935614306,-4.435235809187498,1779854227.6960473
1.258126324818521,-4.437238261542879,1779854227.736012
1.2564617855805453,-4.43906944715049,1779854227.796096
1.2549837292666337,-4.4406858709740265,1779854227.8360727
1.2535640997508548,-4.442240113755914,1779854227.8960953
1.2521308831927886,-4.443804724204211,1779854227.9360209
1.2506952267908495,-4.4453644611781735,1779854227.9962387
1.2494241432712998,-4.446730705664649,1779854228.0361745
1.2483966515694735,-4.447826933859652,1779854228.096114
1.2474200159134454,-4.4488737503098985,1779854228.1359875
1.2464133246307056,-4.449950600464039,1779854228.1960611
1.24538783929377,-4.451041308038233,1779854228.2360692
1.2442714706442481,-4.452226159166754,1779854228.2960954
1.243032492227069,-4.453535185337608,1779854228.3360372
1.2418095779344005,-4.45481551861778,1779854228.3960361
1.237848478521934,-4.452574981116189,1779854228.416029
1.2373684486977976,-4.453002677561021,1779854228.4360476
1.2361665009105658,-4.454091353808907,1779854228.496136
1.235048605260035,-4.4550921436147535,1779854228.5359778
1.2340331634000692,-4.455994067448588,1779854228.5961194
1.233039278600751,-4.456878668530999,1779854228.6361213
1.2320248048719866,-4.457777514694374,1779854228.69621
1.230997204720972,-4.458680623899317,1779854228.7363443
1.2300545167443582,-4.459497317760259,1779854228.7960668
1.2292376261952271,-4.460198367995741,1779854228.8361135
1.2284034137115174,-4.46091940058479,1779854228.8961148
1.227484952414467,-4.4617099347309646,1779854228.9360025
1.22652836901532,-4.462523898099637,1779854228.9961011
1.2255583269021835,-4.463342622248033,1779854229.0360935
1.2245977375780241,-4.46414678076796,1779854229.0961778
1.2236631648071234,-4.464923234902451,1779854229.1360397
1.2227446050491813,-4.465681901922403,1779854229.196223
1.221831325543835,-4.466431718848238,1779854229.2361372
1.2209194481782355,-4.467175509836027,1779854229.296543
1.2200988451963266,-4.4678362248701395,1779854229.3363922
1.216356533963299,-4.4650385904633,1779854229.3762329
1.2161575667217805,-4.4651678179544865,1779854229.3960042
1.2153187234030625,-4.465744175945363,1779854229.4361224
1.2144606177009343,-4.466323595260305,1779854229.4963512
1.2135923896612058,-4.466902901487739,1779854229.5364509
1.2127111961956272,-4.467485333494425,1779854229.5964675
1.2118168390468023,-4.468070596321011,1779854229.635995
1.2109111839219207,-4.468656709982802,1779854229.6964786
1.2100028074347218,-4.469238538003774,1779854229.7363412
1.2090932102086616,-4.469815293045909,1779854229.795949
1.208211315256297,-4.470366784456382,1779854229.83629
1.20737115469016,-4.470886910792923,1779854229.8963964
1.206532379032188,-4.471403135583137,1779854229.9360015
1.205693683936675,-4.471914202858276,1779854229.9960966
1.2049943458946075,-4.472328617701132,1779854230.0364187
1.2044897771771401,-4.472621048428104,1779854230.0962
1.2040361588692798,-4.472889004055184,1779854230.1364708
1.2035670038398285,-4.473165693169807,1779854230.196368
1.203090765544298,-4.473442874457489,1779854230.2366185
1.2025831359636125,-4.47373611517546,1779854230.296578
1.2020365128512398,-4.4740485165660155,1779854230.3364859
1.1992633800286254,-4.471449195153904,1779854230.376271
1.1990144205844337,-4.471583300113576,1779854230.396538
1.1981280277707402,-4.472000819797545,1779854230.4360437
1.19717300629527,-4.4724297711638235,1779854230.496375
1.196193761430682,-4.472859436030944,1779854230.536494
1.1953071982748853,-4.473233813033939,1779854230.596189
1.1946187023299168,-4.473512398710485,1779854230.636303
1.194063941187241,-4.473737146130398,1779854230.6964965
1.1935584713982328,-4.473944004112951,1779854230.7362218
1.1930680636737874,-4.4741431166875625,1779854230.7964065
1.1926661293565246,-4.474298906837098,1779854230.8366098
1.1923855819449785,-4.474403520833305,1779854230.896618
1.1922379491696884,-4.474455248762505,1779854230.9363391
1.1922265650973718,-4.474454876785105,1779854230.9963863
1.1922667555424662,-4.474440423609029,1779854231.0366533
1.192217021341451,-4.474466097037206,1779854231.0965736
1.1920218854088742,-4.474545027796916,1779854231.1364124
1.19196440418697,-4.47455879556284,1779854231.1965103
1.1921635150826753,-4.474479619173744,1779854231.236618
1.1924617534466813,-4.474377118258218,1779854231.2965262
1.1926344559090354,-4.474328359522712,1779854231.3364415
1.191630274585713,-4.472850921354406,1779854231.3960214
1.1914206570959827,-4.472918058947625,1779854231.4365585
1.1910575054249022,-4.4730165075882296,1779854231.496461
1.1906361416207951,-4.473117474328227,1779854231.5364745
1.1902774009361297,-4.473193301962204,1779854231.5964253
1.1900257182001504,-4.473241408326332,1779854231.6360774
1.18974442918154,-4.473303832407078,1779854231.6960363
1.1893763815132048,-4.473384509513928,1779854231.7364092
1.1889742607044422,-4.473465313684815,1779854231.796061
1.1886522540118405,-4.473521406866847,1779854231.8365557
1.1884553867431689,-4.473550804441647,1779854231.896571
1.1882033837706003,-4.47359954778247,1779854231.9363635
1.187822752338971,-4.473671135553917,1779854231.996557
1.1873917128702636,-4.473743075604287,1779854232.0364883
1.1869671477828894,-4.47380836033589,1779854232.096327
1.18656519064137,-4.473866663422994,1779854232.136474
1.1859758333853494,-4.473959719057832,1779854232.196005
1.1851149081123615,-4.474087886895497,1779854232.2361088
1.1841553053614404,-4.4742130816790695,1779854232.2961116
1.1832137762223824,-4.4743241377071294,1779854232.336097
1.181973192440389,-4.473441031725467,1779854232.3961594
1.181201001219039,-4.473473576718836,1779854232.4361477
1.1803206839031224,-4.473506957744873,1779854232.4961734
1.1794395062983252,-4.473533400441558,1779854232.536109
1.178628639809274,-4.473546461547583,1779854232.596068
1.1779184556733233,-4.473550769592872,1779854232.636085
1.177225458456024,-4.473555807888595,1779854232.6960454
1.1765150785527205,-4.473557357916452,1779854232.7364488
1.1757984850681453,-4.473552569894702,1779854232.7964816
1.1751741023782316,-4.473537698557074,1779854232.8364868
1.1746787139097514,-4.4735196165132045,1779854232.8964689
1.1743044653306287,-4.473502654336921,1779854232.9364228
1.1740479493206042,-4.473487962512445,1779854232.9960067
1.1738331692905815,-4.473477833298844,1779854233.0362008
1.1737050590948845,-4.47346789924826,1779854233.0964355
1.173682803128515,-4.47346280641454,1779854233.13611
1.1736988231270822,-4.473464181387944,1779854233.19611
1.1737268179231777,-4.473467712409651,1779854233.2361536
1.173758483910485,-4.473472000151927,1779854233.296556
1.173738824897153,-4.473474552745337,1779854233.336433
1.1738781332595802,-4.472664879551924,1779854233.35608
1.1737769945309693,-4.47265736133708,1779854233.396295
1.1736268845135893,-4.472637427340951,1779854233.4362493
1.173427501490648,-4.472606026125068,1779854233.4966438
1.1732113534026012,-4.472566610905967,1779854233.5364423
1.1729273868468666,-4.472515428187267,1779854233.5962613
1.1725575050653567,-4.472444434620906,1779854233.6365373
1.1720429736278644,-4.472342132238424,1779854233.696408
1.1713634013957632,-4.472198137476885,1779854233.7364726
1.1706267981757432,-4.472026180084708,1779854233.7960544
1.1698817485288135,-4.471842297717711,1779854233.836173
1.1691460514814995,-4.47165316304247,1779854233.896402
1.1683348699276483,-4.4714434161610095,1779854233.936614
1.1674138147035085,-4.47119771876702,1779854233.9961157
1.1664543171065966,-4.470927426772293,1779854234.0365329
1.165475110702796,-4.470641602408191,1779854234.0961554
1.1644807416175116,-4.470341834795566,1779854234.1365137
1.1635132100179466,-4.470038415561534,1779854234.196542
1.1625887447296326,-4.469739032230058,1779854234.2364533
1.1616817560801795,-4.469438564743706,1779854234.2964487
1.1608815078664354,-4.469159895494969,1779854234.3362236
1.161114900194084,-4.468187102778596,1779854234.3561776
1.1607808304973977,-4.468030274833503,1779854234.396218
1.1604659914233235,-4.467865384729813,1779854234.4364126
1.160517429535545,-4.467856335732091,1779854234.4963577
1.160696432391919,-4.467931201522635,1779854234.5363753
1.160857937645785,-4.4680127549373525,1779854234.596006
1.160952315126127,-4.4680675155826455,1779854234.636047
1.161185559866613,-4.4681715536712865,1779854234.696372
1.1616317781265604,-4.468379256347063,1779854234.7364256
1.1621528881239218,-4.468643771956473,1779854234.7961724
1.1626177805435651,-4.4688956347297575,1779854234.836421
1.162984851254316,-4.469103397594842,1779854234.896608
1.164220710377991,-4.469706433513277,1779854234.936405
1.166663344953577,-4.47097812002498,1779854234.9963052
1.169511596316375,-4.472586600358882,1779854235.0364745
1.1709284291680804,-4.473549775149296,1779854235.0965378
1.1702740661979576,-4.47333351134682,1779854235.1364667
1.1697121567636468,-4.472969891529825,1779854235.196187
1.1700026283538973,-4.473073898336345,1779854235.2361968
1.1705857006941276,-4.4734222151042715,1779854235.2962353
1.1712664249057212,-4.473857953712405,1779854235.3361502
1.171581776529764,-4.474056513626965,1779854235.3761573
1.171944771539549,-4.474292955284584,1779854235.396567
1.17233933409723,-4.474579414666707,1779854235.4363344
1.1723103903204013,-4.474592946510561,1779854235.496416
1.1721363605067163,-4.474481275497714,1779854235.5364258
1.1720563079251656,-4.474413967960682,1779854235.5964139
1.172152578749109,-4.47446664532824,1779854235.6364582
1.1722489426805185,-4.474536585361925,1779854235.696484
1.1722815086659488,-4.4745651029483495,1779854235.7364755
1.1722917228255287,-4.474573214836839,1779854235.7964804
1.172294941592694,-4.474574891851129,1779854235.8364944
1.1722960272027387,-4.474574636744447,1779854235.8965304
1.1722964167171621,-4.47457379938854,1779854235.9364526
1.172296621263215,-4.474572863087721,1779854235.9965029
1.172296782443927,-4.474571962534564,1779854236.0364203
1.1722969140925958,-4.474571107607409,1779854236.09655
1.1722970434792201,-4.474570319699274,1779854236.1361916
1.172297173348074,-4.474569597287523,1779854236.197155
1.1722973078211552,-4.474568940460151,1779854236.236217
1.1722974438501266,-4.474568342311716,1779854236.296324
1.1719815272986813,-4.473956272126375,1779854236.316194
1.1719860309206087,-4.4739600030626026,1779854236.3359191
1.171986122296852,-4.473960006842567,1779854236.3961487
1.171986030423324,-4.473959775047403,1779854236.4363813
1.1719859267552935,-4.473959505195518,1779854236.4964285
1.1719858246026198,-4.4739592262307175,1779854236.5364404
1.1719857432208733,-4.473958961723504,1779854236.5965006
1.171985677835871,-4.473958711124575,1779854236.6363626
1.171985634963059,-4.473958483007315,1779854236.6964781
1.1719855996104769,-4.473958265237291,1779854236.7364502
1.1719855795135565,-4.473958066523695,1779854236.7964504
1.1719855678315232,-4.47395788145878,1779854236.8363743
1.1719855648375792,-4.473957711144455,1779854236.8967617
1.1719855666488799,-4.473957552276529,1779854236.9364831
1.1719855746054464,-4.473957406667203,1779854236.9964554
1.1719855858476138,-4.473957271639441,1779854237.0361931
1.1719855999543138,-4.473957146875756,1779854237.0962617
1.1719856153554489,-4.473957030696617,1779854237.1362443
1.1719856325290627,-4.473956923588143,1779854237.1965284
1.1719856529207648,-4.473956827193148,1779854237.2365825
1.1719856713303038,-4.473956735368436,1779854237.2962828
1.171560195834562,-4.473066048536655,1779854237.3362608
1.1715601658149064,-4.473066083930149,1779854237.3962653
1.1715601235324544,-4.473066074355584,1779854237.4365566
1.1715600838929126,-4.47306605196571,1779854237.4964912
1.171560050358484,-4.473066026407867,1779854237.5360029
1.171560021283347,-4.473065999012976,1779854237.5963845
1.1715599976378241,-4.4730659721863395,1779854237.6363614
1.1715599789767777,-4.473065946624873,1779854237.6966739
1.1715599634331544,-4.4730659214287005,1779854237.736344
1.1715599514171353,-4.47306589766754,1779854237.7965317
1.1706993192622008,-4.4722588309615485,1779854237.836537
1.1686608719565705,-4.470303143323688,1779854237.8962827
1.165511107951694,-4.467225783594038,1779854237.9364982
1.1612938843283789,-4.46304390119287,1779854237.996514
1.1567224946445873,-4.458424734548999,1779854238.0364623
1.1507602846394336,-4.452370260975794,1779854238.0964913
1.1430338338524189,-4.4444268135348866,1779854238.136128
1.1332422890365301,-4.434232029121293,1779854238.1962929
1.1212666219817966,-4.421593682112111,1779854238.236143
1.1086186135283067,-4.407994347290018,1779854238.296229
1.085813908161462,-4.40129042001044,1779854238.336135
1.0699015619708252,-4.387973916530463,1779854238.3962445
1.0531324596309835,-4.373828243066544,1779854238.4361653
1.0356538710216712,-4.35896228671135,1779854238.496627
1.017930618545271,-4.343784118925454,1779854238.5361876
1.0000932875455844,-4.328379757759461,1779854238.596694
0.9821476396902951,-4.312750088131063,1779854238.636545
0.9642374771301028,-4.297019381278591,1779854238.6965022
0.9462541074088747,-4.281091529503884,1779854238.7364686
0.9282912110419024,-4.265048945523167,1779854238.796548
0.9104672100795865,-4.248997697316089,1779854238.8364732
0.8928365329327255,-4.232988094408332,1779854238.8965979
0.8752436535435661,-4.216880305934372,1779854238.9365706
0.8577377013326526,-4.200719460911401,1779854238.996515
0.8403389418843585,-4.184525152289705,1779854239.0365026
0.8228532205647642,-4.168117392161894,1779854239.096549
0.8053242430213067,-4.1515345245420585,1779854239.1363947
0.7878435550943141,-4.134860423805172,1779854239.1965084
0.7704165055163237,-4.118101060387725,1779854239.2365189
0.7530886967898011,-4.1013010499144364,1779854239.2965882
0.6992275959155848,-4.121451827702071,1779854239.3365679
0.6810169086193674,-4.107163338508618,1779854239.3962293
0.6619166783337279,-4.092094625075178,1779854239.4362643
0.642778446101184,-4.076919005510405,1779854239.49624
0.6235493131010797,-4.061599541380175,1779854239.5364544
0.6044403741101669,-4.046302678447394,1779854239.5962813
0.5854493702985474,-4.031025413676894,1779854239.636503
0.5664414563342335,-4.0156576597671245,1779854239.69657
0.5475151083039116,-4.000280192043539,1779854239.7364075
0.5285747989881482,-3.984816235881907,1779854239.796447
0.5097238290194969,-3.9693502938967296,1779854239.836385
0.49092977993236514,-3.9538559908733872,1779854239.8961284
0.47221276120130606,-3.938350656061403,1779854239.936068
0.4536487962930563,-3.9228973517134365,1779854239.9961421
0.4351245764645094,-3.9074019512104186,1779854240.036123
0.4166955580879715,-3.8919115430505955,1779854240.0960968
0.39827938217275594,-3.876357308640559,1779854240.1361089
0.37977344322040063,-3.860651869133681,1779854240.1961932
0.3612130219544374,-3.844824516864368,1779854240.2361991
0.30287761871821195,-3.867729391566692,1779854240.2962675
0.28656938594923786,-3.8557812282879858,1779854240.3362799
0.2668313915537739,-3.841288480566458,1779854240.3962653
0.24718862757260654,-3.8268300973294536,1779854240.4362087
0.2276439242713422,-3.8124076734163435,1779854240.496541
0.20809723402721242,-3.7979456964476475,1779854240.5366127
0.18866911862003483,-3.7835360734624275,1779854240.5965188
0.16926965108925826,-3.7691119628520617,1779854240.636533
0.14994582267435858,-3.7547080811354796,1779854240.6966057
0.13072320360629391,-3.740343980307528,1779854240.7364652
0.11146243009432671,-3.725915255097765,1779854240.7965093
0.09228296210761636,-3.7115117654261613,1779854240.8360996
0.07309218131233508,-3.697064270522419,1779854240.8962152
0.05394519352501441,-3.682614661316943,1779854240.9361486
0.03487624276483512,-3.6681885449019194,1779854240.99656
0.015807764995014878,-3.653726963484984,1779854241.0366032
-0.003237895523476788,-3.639246819386228,1779854241.0962467
-0.02230566367440937,-3.624714281409493,1779854241.1364958
-0.041371128228452715,-3.6101482829770446,1779854241.1962924
-0.06030527197425855,-3.595647133644012,1779854241.2362125
-0.07927448252723249,-3.581083459829569,1779854241.2962737
-0.11257085635123093,-3.6103198713214866,1779854241.316165
-0.12606869040634414,-3.600994239363654,1779854241.3360536
-0.14557402031883723,-3.5875084150461696,1779854241.396308
-0.1650835994849291,-3.5740048758844676,1779854241.4364731
-0.1846948779273825,-3.560418766309978,1779854241.4965954
-0.2042715127329558,-3.546846133321462,1779854241.5361147
-0.22400339366401884,-3.5331518704438647,1779854241.596234
-0.2438274090307305,-3.519381613172466,1779854241.6364996
-0.2637899721758985,-3.5055049901172093,1779854241.6966138
-0.2837895143768772,-3.4915912625629244,1779854241.7363148
-0.3038273590370145,-3.477639653463446,1779854241.7961743
-0.32382929295732427,-3.463701234096888,1779854241.8364968
-0.34391008123242245,-3.4496954258793195,1779854241.8965828
-0.36397176252469177,-3.4356910248632637,1779854241.9364626
-0.38404345183593774,-3.4216680048836965,1779854241.9966176
-0.4041338937569493,-3.4076197233703827,1779854242.0365965
-0.42417759130733135,-3.3935920275091367,1779854242.096548
-0.44418191522556727,-3.379580284195395,1779854242.1364365
-0.46412177185154807,-3.365601228778819,1779854242.196654
-0.4841877099248489,-3.35152128575467,1779854242.2362046
-0.5042870596911733,-3.3374061302396685,1779854242.2963898
-0.52943903660657,-3.3529383030450237,1779854242.3161423
-0.5409691189756723,-3.3453365813003537,1779854242.3362505
-0.5614722437155284,-3.3318190498154894,1779854242.3964949
-0.5818910406965012,-3.318360732895579,1779854242.4365737
-0.602164592880964,-3.30500012036142,1779854242.4966154
-0.6224170291002261,-3.291652837964838,1779854242.5361578
-0.6426539593622516,-3.278316617534612,1779854242.596168
-0.6628910572788133,-3.2649817934878302,1779854242.6361306
-0.6830761525034583,-3.2516820394651043,1779854242.6967592
-0.7033895140306456,-3.2382988462525337,1779854242.7366333
-0.7236845839099072,-3.2249296099323277,1779854242.7964997
-0.7439494441906207,-3.211581816280853,1779854242.836425
-0.7643249771510334,-3.1981620501200587,1779854242.8964295
-0.7847180597290169,-3.1847325550580368,1779854242.9361558
-0.8050196797967256,-3.1713652549786104,1779854242.9965088
-0.8253770881961173,-3.1579623059158695,1779854243.0361574
-0.8456495924514356,-3.144616566202552,1779854243.096238
-0.866065042352446,-3.1311775712552286,1779854243.1360056
-0.8865836082499545,-3.117671762790088,1779854243.196151
-0.9072250613091212,-3.1040869538428235,1779854243.2361872
-0.926828419920852,-3.1078365357570834,1779854243.2764413
-0.9360387464557536,-3.101972861594885,1779854243.296448
-0.9569380118047212,-3.0886716088114454,1779854243.3361328
-0.9777335911202393,-3.0754459132038394,1779854243.3961694
-0.9984387429826576,-3.0622849091932385,1779854243.4360595
-1.0192268395286685,-3.0490777064873607,1779854243.4961646
-1.0400519270037232,-3.035855605118837,1779854243.5361028
-1.0608959525842725,-3.0226296935880033,1779854243.5963688
-1.0816738581354972,-3.009454400580002,1779854243.6360993
-1.1023279234535321,-2.9963659583519493,1779854243.696161
-1.1229304012142585,-2.9833176451704384,1779854243.7360713
-1.1435590823660309,-2.970260323000429,1779854243.7963586
-1.1641299712540438,-2.957247438797781,1779854243.8360882
-1.1847231202523236,-2.944228148639595,1779854243.8961537
-1.205402772172335,-2.931161926678758,1779854243.9364455
-1.2261791923279022,-2.9180427927441848,1779854243.9965732
-1.2469581801235814,-2.9049303337652193,1779854244.036419
-1.2677189223353196,-2.8918374223931624,1779854244.0965297
-1.2885310829491232,-2.878719964162647,1779854244.1364079
-1.3093908601801245,-2.865580555302354,1779854244.1964657
-1.3301810779277943,-2.8524935410725276,1779854244.236116
-1.346996612078368,-2.846088687813355,1779854244.2765484
-1.3528061876237067,-2.842467802571639,1779854244.296472
-1.3734888290595075,-2.829576035565603,1779854244.3364122
-1.3941620774073267,-2.816699456790946,1779854244.3961902
-1.4148661842876378,-2.8038132022381435,1779854244.4361742
-1.4354720084022674,-2.7909983175258093,1779854244.4962027
-1.4559337706407596,-2.778282640662261,1779854244.5361161
-1.4763630993039927,-2.765596026378547,1779854244.5964983
-1.4944813121643115,-2.754365298774701,1779854244.636403
-1.5092587530446848,-2.7452168227934908,1779854244.696361
-1.5233826386184386,-2.7364654506320694,1779854244.7363298
-1.5370429392995493,-2.7280076430096005,1779854244.796311
-1.5502379081660511,-2.7198440492466287,1779854244.836385
-1.5629713249814654,-2.711971899055897,1779854244.8964064
-1.5752403764904457,-2.7043925024040267,1779854244.9363933
-1.5548705802128866,-2.7170252267029626,1779854244.99677
-1.5554280722153666,-2.7166822900639382,1779854245.0363984
-1.5558533098418799,-2.716417282116039,1779854245.0963576
-1.555951088821622,-2.7163537762476757,1779854245.1364489
-1.5559208382340242,-2.7163693250083365,1779854245.1964564
-1.55585769369277,-2.716405322386441,1779854245.2363422
-1.5544681399931068,-2.7155872933598872,1779854245.2764041
-1.555094634948348,-2.7151998288296317,1779854245.2965176
-1.5550525734625977,-2.7152244874291624,1779854245.336387
-1.5550005393287956,-2.715255215377644,1779854245.3963983
-1.5549425670984924,-2.7152896432070346,1779854245.4363344
-1.55488600480596,-2.7153232465060078,1779854245.4965832
-1.554836398471748,-2.715352634688846,1779854245.5363402
-1.5547930970906023,-2.715378211179599,1779854245.5964618
-1.5547552595588214,-2.7154004915784213,1779854245.6365857
-1.5547229011620047,-2.7154194665463534,1779854245.696958
-1.554694359858712,-2.715436152192015,1779854245.7364755
-1.5546689567055239,-2.7154509618632092,1779854245.7961009
-1.5546477447591023,-2.7154632520531687,1779854245.8364298
-1.5546290151933166,-2.7154740655342273,1779854245.8965476
-1.554612922361466,-2.715483306946084,1779854245.93607
-1.5545985509308553,-2.7154915330484,1779854245.9964802
-1.5545860815412056,-2.715498632527426,1779854246.0364504
-1.5545750388725776,-2.7155048936399635,1779854246.0965536
-1.5545652033496182,-2.7155104486032635,1779854246.1360698
-1.5545566707757652,-2.7155152381420162,1779854246.1964676
-1.5545492875765314,-2.715519354684205,1779854246.2361372
-1.553824654064739,-2.714311687647972,1779854246.2964094
-1.5538212171334027,-2.7143139921349486,1779854246.3362694
-1.5538162941759985,-2.714317082285511,1779854246.3963656
-1.5538118944393062,-2.7143197987237286,1779854246.4362361
-1.5538344864911782,-2.714305924490176,1779854246.4963124
-1.5538945951927772,-2.714269029208472,1779854246.5362487
-1.553968954520756,-2.714223413989584,1779854246.5963929
-1.553595227060454,-2.7144525433584734,1779854246.6360369
-1.552590740079092,-2.7150678551068657,1779854246.6960933
-1.5518319503330436,-2.7155318636539003,1779854246.736008
-1.5516725235588915,-2.7156288047781754,1779854246.796083
-1.5517358190179653,-2.71558989349987,1779854246.8359776
-1.5522092088620127,-2.7153002373068023,1779854246.8960476
-1.5531763944767236,-2.7147091370305745,1779854246.9359822
-1.5538864751796213,-2.714276131036427,1779854246.9960573
-1.5540438744858829,-2.7141807587821214,1779854247.0359514
-1.5539969665906461,-2.7142095191151014,1779854247.0960631
-1.5540018030237592,-2.7142064261560352,1779854247.135964
-1.5541479947557908,-2.714117155313671,1779854247.1960392
-1.554329127347591,-2.7140068314016172,1779854247.236217
-1.5538782013180128,-2.7128860181024486,1779854247.2560234
-1.5540253437365525,-2.712793662467866,1779854247.29598
-1.5541930045558505,-2.712688423472058,1779854247.3359625
-1.5543594101673395,-2.712583956590865,1779854247.396032
-1.5545256265631067,-2.7124795922488363,1779854247.435967
-1.5547181705214679,-2.712358818350412,1779854247.4960203
-1.5549471270383115,-2.712215168181045,1779854247.5359697
-1.555190411401734,-2.7120623642194395,1779854247.595995
-1.555437802605003,-2.711906935153902,1779854247.6361375
-1.5556858669467701,-2.7117510699331064,1779854247.6960268
-1.5559976260385797,-2.711555404445736,1779854247.7359264
-1.5563948725854628,-2.71130604880356,1779854247.7959957
-1.5568236839669232,-2.7110366445894454,1779854247.8361607
-1.5572631497216765,-2.710760491391187,1779854247.896227
-1.5577053235778895,-2.7104826283065844,1779854247.93613
-1.5580941880905155,-2.7102381372391875,1779854247.9964485
-1.5584102695905928,-2.710039368237695,1779854248.0361826
-1.5587002357498156,-2.7098571364414834,1779854248.096252
-1.558891798376283,-2.7097366038454007,1779854248.1363149
-1.5589577730077373,-2.709694966836303,1779854248.1964085
-1.5589692359950995,-2.7096877235320984,1779854248.2364175
-1.5595560567712072,-2.7102927272112654,1779854248.2564254
-1.5595425529588915,-2.7103014492727335,1779854248.296445
-1.5595192220671856,-2.710316719319069,1779854248.3360415
-1.5595813735874953,-2.710277474045651,1779854248.3963683
-1.559763714754173,-2.710160416436102,1779854248.4362988
-1.559998796404961,-2.7100084062387144,1779854248.4964197
-1.5602607660487553,-2.7098386792716638,1779854248.5361156
-1.560531267853376,-2.7096632128777576,1779854248.5960538
-1.5607867455894995,-2.7094972719301245,1779854248.636341
-1.5610189488362693,-2.7093463453491267,1779854248.696424
-1.561269232043827,-2.7091838695957215,1779854248.736335
-1.561553550601903,-2.70899926137914,1779854248.7964945
-1.5618488875272634,-2.7088072730481287,1779854248.8362122
-1.5621313896093219,-2.7086234267752713,1779854248.8964975
-1.562390596274531,-2.708454636457829,1779854248.93647
-1.562632204670697,-2.708297272928049,1779854248.9964828
-1.5628595731872494,-2.708149133707188,1779854249.0363863
-1.5630812443952202,-2.708004687536916,1779854249.0964527
-1.5633366041584091,-2.7078383661779024,1779854249.1363914
-1.5636401799434188,-2.7076405578625726,1779854249.1965137
-1.5640667576297926,-2.707362656331072,1779854249.2363405
-1.5651536435134323,-2.7084067424034686,1779854249.25641
-1.5655562509693506,-2.708139335742175,1779854249.2964847
-1.566184836138244,-2.70771859973482,1779854249.336359
-1.566778511549493,-2.707320005090704,1779854249.3965013
-1.5673034259891732,-2.706967070555569,1779854249.4363813
-1.567778440580431,-2.7066476232640864,1779854249.496431
-1.5682093416968483,-2.7063576754235474,1779854249.5360997
-1.568624491351127,-2.7060783629840386,1779854249.5961316
-1.5690857281698611,-2.7057682943365315,1779854249.636432
-1.5696181373987543,-2.7054101376404227,1779854249.6966462
-1.5701586357395148,-2.705045741211431,1779854249.7363226
-1.5706846028623513,-2.704690726642289,1779854249.7964072
-1.571203090621966,-2.7043405683654496,1779854249.836312
-1.571719080285673,-2.703991848080819,1779854249.8965776
-1.5722349611092747,-2.7036429338665102,1779854249.9363458
-1.572740119729448,-2.703300952561107,1779854249.9963467
-1.5732346408621356,-2.702965897009079,1779854250.0363815
-1.5737250634068278,-2.702633402554931,1779854250.096434
-1.5740044696082858,-2.7024427314205344,1779854250.136388
-1.573994306182181,-2.702448309696706,1779854250.1964118
-1.574912756533475,-2.703784085345532,1779854250.2165391
-1.574727956654805,-2.7039103920641816,1779854250.2361038
-1.574392308385073,-2.704143299462414,1779854250.2966368
-1.5740110738740762,-2.704409660985833,1779854250.336138
-1.5736495877446595,-2.7046632234565524,1779854250.3966238
-1.5733292256888827,-2.704888404474445,1779854250.4361994
-1.572983825975875,-2.705130547283547,1779854250.4965937
-1.5725837357283685,-2.7054111188476275,1779854250.5361993
-1.5721634330917647,-2.7057065801916567,1779854250.5962853
-1.5716166996264085,-2.7060902896730124,1779854250.6366024
-1.570903431183448,-2.706591506431378,1779854250.6964953
-1.5703074138047595,-2.7070132375077387,1779854250.7364132
-1.5699417615321185,-2.70727345341696,1779854250.796539
-1.5696613799265162,-2.707472278063672,1779854250.836251
-1.569374344542839,-2.707675333535893,1779854250.8965755
-1.569048490947124,-2.7079059295565724,1779854250.9364214
-1.5689047233986408,-2.7080093354648143,1779854250.9964023
-1.5690292990118653,-2.7079227027021155,1779854251.0363712
-1.569251550584953,-2.7077651315897135,1779854251.0964632
-1.569281983234628,-2.7077419399471663,1779854251.1364439
-1.5690139095783444,-2.70793096373852,1779854251.1964602
-1.5705270197032655,-2.7105300744271426,1779854251.2165117
-1.5704474779577988,-2.710590161990007,1779854251.2363458
-1.5702690275373674,-2.7107262753047316,1779854251.2965043
-1.5701218858523331,-2.710837204039051,1779854251.3362882
-1.5700443486501683,-2.710896761835585,1779854251.396217
-1.5700517948079196,-2.7108925855933697,1779854251.4362442
-1.5701570295467617,-2.7108147938629905,1779854251.4965186
-1.570365138376487,-2.710659127347859,1779854251.5360892
-1.5706096164662984,-2.710474440991938,1779854251.5963342
-1.5708825480470672,-2.71026778956389,1779854251.636519
-1.5711816650289636,-2.7100408657332813,1779854251.696447
-1.5714992131933228,-2.709799382741054,1779854251.7363923
-1.5718308688228686,-2.7095466841460287,1779854251.79656
-1.5721672024936666,-2.70928983909645,1779854251.8364272
-1.5723208818550665,-2.709169666592668,1779854251.8963237
-1.5722208569048552,-2.7092430709108792,1779854251.9364092
-1.5721962379470589,-2.70926328746609,1779854251.9964552
-1.5723733050825308,-2.7091296815844372,1779854252.0361438
-1.5726250425639505,-2.70893647404727,1779854252.0965407
-1.5728491494646482,-2.7087630800298284,1779854252.136331
-1.5730117282418221,-2.708636635607233,1779854252.196485
-1.5759645670852334,-2.712861329235511,1779854252.2363853
-1.5759154241775508,-2.7128975942607685,1779854252.2964706
-1.5758327314537013,-2.7129673639708334,1779854252.3360646
-1.5757063379287515,-2.7130746081565906,1779854252.396392
-1.5755322972644092,-2.7132233026900012,1779854252.4362247
-1.5755187287551577,-2.7132420144551985,1779854252.4962332
-1.5757415554559149,-2.713057352251787,1779854252.5363123
-1.5760482832309215,-2.712792497330792,1779854252.5962663
-1.5762774604692602,-2.712589003448349,1779854252.636396
-1.576372736300924,-2.7125009268221794,1779854252.696521
-1.5764831585408674,-2.7124046403440616,1779854252.736165
-1.5766655061570136,-2.7122460350346755,1779854252.7964544
-1.5768746129405047,-2.7120615796819285,1779854252.8364809
-1.5771309298592149,-2.7118353024328172,1779854252.8964224
-1.577443502657701,-2.7115583258450173,1779854252.936462
-1.577832157556468,-2.711212897314316,1779854252.9967449
-1.5783014682278347,-2.710794095628293,1779854253.0364258
-1.5788004138033787,-2.7103457764630114,1779854253.0964584
-1.5791964869670971,-2.70998554679666,1779854253.1363926
-1.5794428875956579,-2.7097588620739965,1779854253.1963773
-1.5827473981707987,-2.7143437616881814,1779854253.2363756
-1.5829113142248301,-2.714169723731027,1779854253.2965574
-1.5830707796868297,-2.714000648305747,1779854253.336304
-1.5832357121910856,-2.7138257522320264,1779854253.3963995
-1.5834094559870429,-2.713640621995609,1779854253.436217
-1.5836674777622852,-2.7133694969009756,1779854253.4962227
-1.5840352879073483,-2.712978964354812,1779854253.536138
-1.5844385827469514,-2.7125414047332357,1779854253.5965817
-1.5848304970045597,-2.712110590659417,1779854253.636404
-1.5851957961043686,-2.711705974708299,1779854253.6965868
-1.585456371313762,-2.7114102854949245,1779854253.7364902
-1.5855864778737951,-2.7112574508128024,1779854253.7964385
-1.585672162749489,-2.711159703891044,1779854253.8364341
-1.5856647981809382,-2.7111631774236122,1779854253.89646
-1.5855466046021405,-2.711291597664476,1779854253.9364836
-1.5854269396388712,-2.711429201563957,1779854253.9964428
-1.5853436833430936,-2.7115276749300636,1779854254.0364392
-1.5852736589304555,-2.711609774556183,1779854254.096467
-1.5852498747673598,-2.7116405613772194,1779854254.1362503
-1.58755912066031,-2.7152753265372804,1779854254.1965528
-1.587501160006487,-2.7153389284321636,1779854254.2364006
-1.5873131008439112,-2.715582213888609,1779854254.2964177
-1.5870876805937024,-2.715898437891865,1779854254.3363786
-1.58677934495078,-2.7163298341340774,1779854254.396401
-1.5863762940068116,-2.7169007494118063,1779854254.4364674
-1.5859343777629344,-2.717541943645387,1779854254.4964125
-1.5854679655156962,-2.718227109595021,1779854254.5360672
-1.5849968208571619,-2.71892752498254,1779854254.5963852
-1.584525542365081,-2.719634608402373,1779854254.6363492
-1.5840568273365923,-2.720343832244926,1779854254.6963966
-1.5836383149441555,-2.7209889100265667,1779854254.736351
-1.5832878213543742,-2.7215363219001354,1779854254.7965817
-1.582958175738806,-2.7220499158509424,1779854254.836487
-1.582601552897654,-2.722603770768287,1779854254.8965118
-1.5822022855120332,-2.7232280898109025,1779854254.936485
-1.5817795346630965,-2.723897891408938,1779854254.9964278
-1.5813381674989757,-2.7246043506121373,1779854255.036345
-1.5808945130390013,-2.725322490326376,1779854255.0965235
-1.5804504829371457,-2.7260481150933207,1779854255.1364093
-1.581993982226443,-2.729473539346933,1779854255.1965404
-1.581719391407143,-2.730048628100024,1779854255.236368
-1.5814538697202922,-2.730611356092739,1779854255.2965224
-1.581204145753112,-2.7311329336749712,1779854255.3362267
-1.5809918479541143,-2.7315875484753067,1779854255.3965096
-1.5808218304453903,-2.731958982667522,1779854255.4363275
-1.5806597443469996,-2.732307978117158,1779854255.4964042
-1.5804961752469757,-2.732662157977458,1779854255.5361195
-1.580334203443278,-2.733018513552757,1779854255.5962827
-1.5801789844483534,-2.733366407658338,1779854255.636227
-1.5800311856413494,-2.733702850343732,1779854255.696541
-1.579974478332535,-2.73385667400579,1779854255.7363431
-1.5800294931360772,-2.733755836816654,1779854255.7964275
-1.580115171081134,-2.733556781298585,1779854255.8364968
-1.5802893150168256,-2.7331562157315616,1779854255.8964868
-1.5805651581227884,-2.7325035549738677,1779854255.9364877
-1.5809012538937268,-2.7316786958125587,1779854255.9964588
-1.5812865036710122,-2.7307129440918083,1779854256.03637
-1.5816814844274496,-2.729696285172412,1779854256.0964377
-1.5820765537134032,-2.728660630316185,1779854256.136491
-1.5833119773772553,-2.7287940787581326,1779854256.1964505
-1.5834155288741916,-2.7283676727444193,1779854256.236406
-1.5836247754618071,-2.727646088099729,1779854256.2964249
-1.5838329808665321,-2.7268991978341997,1779854256.3363812
-1.5840379906867896,-2.7261428174388422,1779854256.3963852
-1.5841629844362597,-2.7256094639743114,1779854256.4364793
-1.584210985039972,-2.725357198529611,1779854256.4964566
-1.5842554453393867,-2.725173527088939,1779854256.536472
-1.5842963291366676,-2.7250073279774867,1779854256.5962608
-1.5843353850306436,-2.72484637483448,1779854256.63626
-1.5843877044015597,-2.7246367129605593,1779854256.6962228
-1.584460823255538,-2.7243365678917555,1779854256.7361708
-1.5845415845949617,-2.7239807479299656,1779854256.7961392
-1.5846222293867391,-2.723605226371137,1779854256.8365614
-1.5847010119204106,-2.723223882508324,1779854256.896798
-1.5847880108932948,-2.722798349466896,1779854256.936242
-1.584868809779449,-2.7223768662666386,1779854256.9965184
-1.584932598424076,-2.7220173576281583,1779854257.0363777
-1.5849917227410864,-2.7216838880085095,1779854257.0964096
-1.5850481456144272,-2.721357656696627,1779854257.1364973
-1.5850847584249066,-2.721115841697093,1779854257.1964016
-1.5849060401312893,-2.7213930064156724,1779854257.2164843
-1.5849199829230893,-2.721238591163252,1779854257.2364273
-1.5849582612819022,-2.720876839639589,1779854257.296472
-1.5849891840477104,-2.7204729781385333,1779854257.3364165
-1.5850158663002065,-2.7200547887667996,1779854257.396496
-1.5850377927981645,-2.719642264499258,1779854257.436584
-1.5850367898990194,-2.71940623654474,1779854257.4963799
-1.5850228887359619,-2.719407614420257,1779854257.5362115
-1.5850171053138278,-2.7194987528408125,1779854257.5963612
-1.5850145308753056,-2.7196181912712816,1779854257.6362789
-1.5850168082878389,-2.719704901647606,1779854257.6963255
-1.5850231491024702,-2.71970497609419,1779854257.7366886
-1.585027555656945,-2.719640514760945,1779854257.7964284
-1.585028731227801,-2.7195531000641346,1779854257.8364904
-1.5850283261265607,-2.7194585687176236,1779854257.896418
-1.58502945798885,-2.719288638691803,1779854257.9363916
-1.5850290065055683,-2.718954225414911,1779854257.9964094
-1.585018457821222,-2.718493933674945,1779854258.036405
-1.5849981314562507,-2.7179911884585963,1779854258.0965111
-1.5849719827096838,-2.7174737475685773,1779854258.1364362
-1.584499627659354,-2.717154552914559,1779854258.1765323
-1.5844692582649773,-2.7169190618098917,1779854258.19652
-1.5844068575287584,-2.716426082699948,1779854258.2362275
-1.58434689576941,-2.7160303347501755,1779854258.296463
-1.584300648192429,-2.7157645803532064,1779854258.3363118
-1.5842663930152245,-2.7155485129541463,1779854258.39644
-1.5842480295891819,-2.7155015129605604,1779854258.436451
-1.5842637338284125,-2.7156745579462376,1779854258.496462
-1.584308804474974,-2.7159596438072864,1779854258.5364103
-1.5843713127743717,-2.7163127653884707,1779854258.596488
-1.5844440022049937,-2.716688666430573,1779854258.636092
-1.5845081791424667,-2.7169691212536136,1779854258.6964786
-1.5845470433969118,-2.7171084553444453,1779854258.7363758
-1.5845504744165617,-2.7170730988376133,1779854258.796507
-1.584511310227635,-2.7168511687109316,1779854258.8364246
-1.584446498306755,-2.716562641550646,1779854258.8967173
-1.5843606584241205,-2.7161928546191403,1779854258.9365296
-1.584248683966054,-2.715731504008226,1779854258.9967093
-1.5841251062391843,-2.7152605520950464,1779854259.0364478
-1.5840007416513993,-2.7148073512927646,1779854259.096503
-1.5838754931951025,-2.714362208582965,1779854259.1363986
-1.5833280329860948,-2.7139226686958513,1779854259.1765108
-1.5833038165532516,-2.71388937900296,1779854259.1964514
-1.583226233286618,-2.7137003516159073,1779854259.2363608
-1.58317390096002,-2.71356462565694,1779854259.2963605
-1.583133409363528,-2.7134583915275226,1779854259.336439
-1.5830971292537972,-2.7133621662397673,1779854259.3963907
-1.5830615962310723,-2.713269330945395,1779854259.436376
-1.583025704554975,-2.7131777815927425,1779854259.496422
-1.582995638295016,-2.7131064758539387,1779854259.5364754
-1.582975789033339,-2.7130622462704124,1779854259.5965054
-1.5829611254567186,-2.713027908395894,1779854259.6364233
-1.5829692692573045,-2.713055079952703,1779854259.6964488
-1.5830131626842259,-2.713162913349429,1779854259.7363293
-1.5830188355491022,-2.7131534303259586,1779854259.7964067
-1.5829388427532107,-2.712955116976311,1779854259.8365133
-1.5828146105137224,-2.7126907675640197,1779854259.8964202
-1.5827112115448483,-2.7124933716602873,1779854259.9365184
-1.5826594364480244,-2.7124070943148753,1779854259.996613
-1.582616189973753,-2.7123224012270346,1779854260.036511
-1.5825536098942248,-2.71219830292796,1779854260.0965188
-1.5824801177811678,-2.7120607313290526,1779854260.1364198
-1.5820419325446773,-2.711808383846364,1779854260.1764991
-1.5819925310621326,-2.7117175019868545,1779854260.1964226
-1.5818450966089668,-2.711468590320135,1779854260.2363698
-1.5816781824803667,-2.711201849807018,1779854260.2963884
-1.5815029386024473,-2.7109298983651295,1779854260.3364553
-1.5813227611702412,-2.71065664371038,1779854260.396412
-1.5807335963199036,-2.7096774228736704,1779854260.4364562
-1.5794976926539066,-2.7077508684957117,1779854260.4962084
-1.5787528186144466,-2.7068452296201295,1779854260.5360742
-1.5791491502201802,-2.707627655325286,1779854260.596491
-1.5800908925884176,-2.70897745977597,1779854260.6363482
-1.580581057882354,-2.709514680171706,1779854260.6962378
-1.580150178114905,-2.708781949279029,1779854260.7362323
-1.5797586389879321,-2.708319470900003,1779854260.7965913
-1.5799403946052908,-2.7086491198922347,1779854260.8362994
-1.5803962604411315,-2.709240934879826,1779854260.896217
-1.581108514582503,-2.710139544003431,1779854260.9361675
-1.5821037242288583,-2.7113591766584424,1779854260.9965353
-1.582857711839222,-2.7121862465648197,1779854261.0363238
-1.5830985436475034,-2.712385431547863,1779854261.0961444
-1.5831147103433918,-2.7123811908759046,1779854261.136948
-1.583351380702817,-2.7126173277372794,1779854261.1765146
-1.5833357458832766,-2.7125979492474372,1779854261.1965117
-1.5833235197314388,-2.71258594533917,1779854261.2365055
-1.583318985244259,-2.7125820436537373,1779854261.2961154
-1.58331713609645,-2.712580840766843,1779854261.3362873
-1.5833161771332118,-2.712580486793803,1779854261.396121
-1.5833155249060242,-2.7125803993329525,1779854261.435996
-1.583315010580693,-2.712580414513748,1779854261.4962194
-1.5833145491942309,-2.7125804510278253,1779854261.5363727
-1.5833141467690046,-2.7125805159279444,1779854261.5964365
-1.5833137662171406,-2.712580574976684,1779854261.636664
-1.5833134234662902,-2.712580644196818,1779854261.6964984
-1.5833131071065578,-2.712580713854265,1779854261.736353
-1.5833128175387132,-2.712580785319275,1779854261.7964787
-1.5833125508861337,-2.7125808561351406,1779854261.8363543
-1.583312308574637,-2.7125809284258953,1779854261.896478
-1.5833120791250193,-2.712580993605485,1779854261.9364321
-1.5833118737308938,-2.712581061878496,1779854261.996538
-1.5833116834003111,-2.7125811266642597,1779854262.0364208
-1.5833115080170836,-2.7125811888341165,1779854262.0965123
-1.5836771494782713,-2.713067039517117,1779854262.1364598
-1.583677131749964,-2.7130669742527864,1779854262.1965806
-1.5836770846390764,-2.7130669345229235,1779854262.236468
-1.583677032252959,-2.7130669105959644,1779854262.296419
-1.5836769767136438,-2.7130668933527757,1779854262.33627
-1.5836769219187856,-2.713066882282138,1779854262.3965812
-1.5836768668597438,-2.7130668743081,1779854262.4364753
-1.5836768161665553,-2.7130668723481968,1779854262.4965222
-1.5836767676759005,-2.7130668733771777,1779854262.5361757
-1.583676720558574,-2.71306687594474,1779854262.596315
-1.5836766748101594,-2.713066879521727,1779854262.636341
-1.5836766326010598,-2.7130668855100075,1779854262.6965313
-1.5836765934477686,-2.7130668931026745,1779854262.7363544
-1.583676555928212,-2.7130669008723793,1779854262.7965384
-1.5836765199786011,-2.7130669086167836,1779854262.836289
-1.5836764878022782,-2.713066917928051,1779854262.8967195
-1.5836764561013201,-2.7130669261327403,1779854262.9365153
-1.5836764282341542,-2.7130669357581887,1779854262.996623
-1.5836764004470265,-2.713066943936855,1779854263.0365071
-1.583676376206448,-2.713066953244413,1779854263.0966632
-1.5836763523176163,-2.7130669613473444,1779854263.1364772
-1.583904015181394,-2.713521722491226,1779854263.1565914
-1.5839040791719414,-2.7135217517540906,1779854263.196606
-1.5839040859808784,-2.713521741812827,1779854263.2363484
-1.5839040841139707,-2.7135217306617485,1779854263.296636
-1.583904078986311,-2.7135217202005566,1779854263.3360624
-1.583904072648623,-2.7135217111226435,1779854263.3965845
-1.5823763756409104,-2.71210334160616,1779854263.436461
-1.5787179742382174,-2.7087254563207885,1779854263.496283
-1.5737194301136521,-2.70415707783194,1779854263.536319
-1.5676972015938064,-2.6987135920111056,1779854263.596425
-1.5612741898636089,-2.692978504891697,1779854263.636142
-1.5541455414968521,-2.686677120777566,1779854263.696217
-1.5461431764680498,-2.679678818673444,1779854263.7362592
-1.5357819063068543,-2.67068591671815,1779854263.796539
-1.5224536735492658,-2.659243926745753,1779854263.8365002
-1.5079932578822033,-2.647022508385716,1779854263.8963506
-1.4925300470167007,-2.634097333051585,1779854263.936414
-1.475952615305584,-2.6203942610961963,1779854263.9961805
-1.4588389554208971,-2.6064217884443615,1779854264.0361302
-1.441290082666593,-2.5922582348358256,1779854264.0963035
-1.4235674320129206,-2.5781207096824614,1779854264.1361094
-1.4348427348187756,-2.5556401928222368,1779854264.1560643
-1.423424989378699,-2.543783821192038,1779854264.1963413
-1.4076468244516873,-2.5275524748309,1779854264.23632
-1.391698657916955,-2.5112866354104173,1779854264.296625
-1.375513307363875,-2.494902064465834,1779854264.3361855
-1.3592187954542898,-2.4785195938373312,1779854264.396414
-1.3427621995594197,-2.4620946083425497,1779854264.4363627
-1.3260879066125808,-2.445570256716379,1779854264.496273
-1.3092091310396954,-2.4289599725348143,1779854264.5361161
-1.2921909406293894,-2.412329763178315,1779854264.5962906
-1.275110097178853,-2.3957537795732167,1779854264.6362722
-1.257899406777581,-2.37916832168566,1779854264.6964977
-1.240544125223427,-2.3625600151183463,1779854264.7363
-1.223219284540788,-2.3460961708071073,1779854264.7963285
-1.205789611468707,-2.3296475638162377,1779854264.8361318
-1.1883819337729327,-2.3133339445606342,1779854264.8966527
-1.1708349656539712,-2.2970033489943966,1779854264.9363997
-1.1532054298685432,-2.2807095419069476,1779854264.9965982
-1.1355550110417052,-2.264509822361987,1779854265.0366054
-1.1178381522976997,-2.248361682462903,1779854265.0965521
-1.1458365878090786,-2.2037259624635435,1779854265.116574
-1.1365134761086841,-2.193402225863102,1779854265.1362927
-1.1205095775277465,-2.175737961638421,1779854265.196528
-1.104596485420843,-2.1582464393471263,1779854265.2363954
-1.0886574456174645,-2.140805946034262,1779854265.2965243
-1.0726443032766972,-2.123355040599494,1779854265.3364322
-1.0565674870005595,-2.105901421865441,1779854265.3964183
-1.0403618941867243,-2.088381207788937,1779854265.4364176
-1.023892002020317,-2.070644680558867,1779854265.496608
-1.007313112320304,-2.0528581814734133,1779854265.5364962
-0.9905286336974617,-2.0349198416933523,1779854265.596525
-0.9736968371261997,-2.0169982685248145,1779854265.636508
-0.9568183159071995,-1.999095470684982,1779854265.696637
-0.9399283400511431,-1.9812497181755944,1779854265.736107
-0.9230025172680041,-1.963435842761677,1779854265.796191
-0.9059962837961638,-1.9456065109794949,1779854265.836414
-0.8889613473824267,-1.927815858667317,1779854265.896376
-0.8718775036495194,-1.9100429047894403,1779854265.936447
-0.854721747494473,-1.8922639000262487,1779854265.9961455
-0.8376231853120478,-1.8746125075098656,1779854266.0360734
-0.8205923478406897,-1.8570989021050197,1779854266.0963662
-0.8487324723428591,-1.809272741975044,1779854266.1161246
-0.8420447739643585,-1.8013608286976774,1779854266.136096
-0.82634097555021,-1.7828083575579259,1779854266.1961849
-0.8107025152338492,-1.7643658167897784,1779854266.2362554
-0.7950886789066212,-1.7459848523394972,1779854266.2965646
-0.7795006974747917,-1.7276661645511262,1779854266.336408
-0.7639299826176493,-1.709400894825937,1779854266.3964272
-0.7483418799812623,-1.6911473448480512,1779854266.4364696
-0.7327258292347321,-1.6728922314508783,1779854266.4965732
-0.7170327116585289,-1.6545789338341093,1779854266.536443
-0.7012612515613474,-1.6362053562034862,1779854266.5964112
-0.6855032705980435,-1.61787726017016,1779854266.6364195
-0.6695848579717142,-1.599394895552571,1779854266.6963506
-0.6536154116262638,-1.580884736067544,1779854266.736417
-0.637583662720408,-1.5623324097834863,1779854266.796245
-0.6214943962701961,-1.5437446486254995,1779854266.8361804
-0.6054576580538537,-1.5252488651088068,1779854266.8962266
-0.5893549795913694,-1.5067079983163583,1779854266.9361627
-0.5733165580149208,-1.4882723640081652,1779854266.9965417
-0.5572079204141961,-1.4697880484534962,1779854267.0364683
-0.5410298528882452,-1.4512554586154474,1779854267.0961146
-0.5538577799060889,-1.405608054683111,1779854267.1364913
-0.5384815950150289,-1.3863441713532425,1779854267.1964188
-0.5230539290845594,-1.3670217440120933,1779854267.2364957
-0.5076222319236412,-1.347702962908796,1779854267.296502
-0.4920993061791463,-1.3282764384748482,1779854267.336457
-0.4765892089100781,-1.3088700882823996,1779854267.3964615
-0.46103173321738816,-1.289410032084714,1779854267.4365313
-0.44548099830863835,-1.2699643913389473,1779854267.4964738
-0.4299815040691848,-1.2505865029998855,1779854267.5365415
-0.4146313283833036,-1.2314009874840035,1779854267.596566
-0.39930263444597364,-1.2122505329283413,1779854267.6362085
-0.3840133054328381,-1.1931546102676278,1779854267.6963685
-0.3688301973613473,-1.174197250353809,1779854267.7363055
-0.35369201869136974,-1.1553018741507382,1779854267.7963014
-0.33868604041195527,-1.1365774763822873,1779854267.8361566
-0.3236898838829141,-1.1178722437931228,1779854267.896513
-0.30868999007662185,-1.0991682323271,1779854267.9364076
-0.2937228224121407,-1.0805108378522044,1779854267.9964554
-0.2787443685310851,-1.0618460293213734,1779854268.0365252
-0.2636156973771471,-1.042999952083253,1779854268.0965574
-0.26607062211300375,-1.0089476755244708,1779854268.1363852
-0.2514051516138511,-0.989718752541296,1779854268.1964965
-0.23664693683845792,-0.9703587565183726,1779854268.2364063
-0.22198632942229202,-0.9511140606280719,1779854268.2964447
-0.2073640108209874,-0.9319099290818286,1779854268.3362024
-0.19279917626280807,-0.9127742673015355,1779854268.396435
-0.17823398671777227,-0.8936303889002871,1779854268.4363353
-0.1636531105350056,-0.8744571128341218,1779854268.4965155
-0.14898995587079414,-0.8551671482209537,1779854268.536394
-0.13426253449505535,-0.8357834935320189,1779854268.596437
-0.11949316247638171,-0.8163342333191436,1779854268.6363666
-0.10473333120011699,-0.7968885275499449,1779854268.6965182
-0.08991515728076183,-0.7773567637664176,1779854268.7363627
-0.07507560116573918,-0.7577868826475119,1779854268.7964127
-0.06027761174987199,-0.7382624424133573,1779854268.8364124
-0.04550371765263403,-0.7187607953063454,1779854268.896225
-0.030730888583111744,-0.6992513441733419,1779854268.936451
-0.015972481414367554,-0.6797517633232643,1779854268.996348
-0.0012608082484121233,-0.6603042973206894,1779854269.0364778
0.006271722649975976,-0.6352537793499178,1779854269.0964637
0.020709961010560725,-0.6157546528744425,1779854269.1363773
0.03510668965726391,-0.5962963999219348,1779854269.1963813
0.04945364865475337,-0.5768902446164044,1779854269.2365203
0.06390029883534801,-0.5573360391189605,1779854269.2965353
0.07846645691069089,-0.5376049411701841,1779854269.3365006
0.09305838639728117,-0.5178216662168752,1779854269.3964043
0.10769915127945959,-0.4979572967168702,1779854269.4364398
0.12247132546500063,-0.4778989761967681,1779854269.4965112
0.13722851469966607,-0.45784385416355544,1779854269.5364418
0.15198837302779475,-0.4377689913521753,1779854269.596689
0.16672702804545816,-0.4177073211924457,1779854269.6363907
0.18149298584620815,-0.39759274594726973,1779854269.696436
0.19613225190920525,-0.3776342387618037,1779854269.7363987
0.21070552793468325,-0.35774996084987043,1779854269.7965302
0.22524100556591653,-0.3379024666352833,1779854269.8364568
0.23978662834582712,-0.31802573042126103,1779854269.8965204
0.2542670316294671,-0.29822258021476045,1779854269.9366138
0.26871832909816035,-0.2784429602036952,1779854269.9963694
0.2829585101180063,-0.2589359652589948,1779854270.0364475
0.2980943750568447,-0.23735810879556893,1779854270.096523
0.3107418795532913,-0.21998601758555,1779854270.1361861
0.32476555223945863,-0.2007100187080279,1779854270.1964972
0.3374094130814569,-0.18330305204716216,1779854270.2362251
0.34986347096509796,-0.166156814444311,1779854270.296226
0.3621907789142622,-0.149171395405169,1779854270.3364449
0.37436076436254495,-0.13238920211948063,1779854270.3963675
0.3863896034689796,-0.11578826056591247,1779854270.436355
0.3982579191075521,-0.09939563198329127,1779854270.4964883
0.4099783220092249,-0.08319424692318124,1779854270.5362422
0.4215993859256282,-0.06711722790248355,1779854270.5964978
0.4330440900534656,-0.05127137398918107,1779854270.636363
0.4443325658945595,-0.03562920725075705,1779854270.6967783
0.4555158432177166,-0.02012031101267185,1779854270.7363956
0.40731362448098773,-0.08674459481389059,1779854270.7964845
0.4080097070982869,-0.08578222519661605,1779854270.8364801
0.40814873951839453,-0.08559316077176012,1779854270.8963947
0.40797573902296547,-0.0858365482373873,1779854270.936178
0.4077250892239973,-0.08618739301528959,1779854270.9961407
0.4074819503263702,-0.08652760490560324,1779854271.03615
0.4090398215379091,-0.0882581144468719,1779854271.096165
0.4089660841728503,-0.08836015530249508,1779854271.1360826
0.4088174678106534,-0.08856671565426848,1779854271.1963754
0.4086817328517153,-0.08875567957498365,1779854271.236123
0.408562626888891,-0.08892168580391338,1779854271.2961266
0.4084600773849191,-0.08906477398106283,1779854271.3361318
0.4083733721282437,-0.08918589789587768,1779854271.3961897
0.40829896134155175,-0.08928997230813318,1779854271.4361749
0.40823548099334467,-0.08937887609689049,1779854271.4961474
0.40818132230954124,-0.08945483267708182,1779854271.5361023
0.40813508186270886,-0.08951978297807306,1779854271.5963304
0.4080955965255006,-0.08957533588888324,1779854271.6363385
0.4080616996547018,-0.08962310859318727,1779854271.6961515
0.4080330006490573,-0.08966363510409785,1779854271.7361991
0.40800825649785416,-0.08969864492159814,1779854271.7962036
0.407987189401813,-0.08972851822395114,1779854271.8361602
0.40796909004104553,-0.0897542415338986,1779854271.8961623
0.4079535370675224,-0.08977639944710133,1779854271.9360683
0.40794026392815613,-0.08979536028320614,1779854271.9965765
0.4079288292264081,-0.08981173936582201,1779854272.036164
0.40791894926814565,-0.08982593166152777,1779854272.0961149
0.40914835560347146,-0.09071112600197148,1779854272.116099
0.40917310782587357,-0.09067619339111632,1779854272.1360347
0.40916839230955576,-0.09068255351235491,1779854272.1962745
0.4087787329689975,-0.09122597366009558,1779854272.2361205
0.4078304146661909,-0.09254840987454911,1779854272.296278
0.40683018844616187,-0.09394359908690277,1779854272.3360329
0.40602498579171203,-0.09506742660814578,1779854272.3961112
0.40531022869351735,-0.09606561315428695,1779854272.4360769
0.40491520063690256,-0.09661782620888469,1779854272.496154
0.4049492791522248,-0.09657061227279647,1779854272.5360603
0.4049872257311571,-0.09651749260384183,1779854272.5962248
0.4048349003572771,-0.09673042650268493,1779854272.6361713
0.4046029172754302,-0.09705522441210462,1779854272.6965516
0.40441093831495806,-0.0973243525256197,1779854272.7360659
0.4043042715417031,-0.09747410697821263,1779854272.7963405
0.40421324966738775,-0.09760183356240139,1779854272.8360913
0.4041079446028622,-0.09774961839455112,1779854272.8962548
0.40399601263769314,-0.09790681787591803,1779854272.9363978
0.4038468124219316,-0.09811637301392394,1779854272.9961772
0.4036464072767093,-0.0983979952470614,1779854273.03618
0.4045247784801557,-0.09901126527560415,1779854273.0560362
0.404479535752931,-0.09907074452759382,1779854273.0963154
0.40439893227987816,-0.0991785973756065,1779854273.1362286
0.40434580949107884,-0.09925040097508832,1779854273.196182
0.40430240326840106,-0.09930931084869818,1779854273.2363272
0.4042620254174349,-0.09936419432451479,1779854273.2963655
0.4041803355413484,-0.09947583713082672,1779854273.3363907
0.404038996584119,-0.09966876158111669,1779854273.3962011
0.4038747497262333,-0.09989242752345417,1779854273.4361308
0.4036784857310786,-0.10015978858145046,1779854273.4966109
0.40344616495644564,-0.10047625463713317,1779854273.5360906
0.403218581708178,-0.1007859442978368,1779854273.5961719
0.40301191227679556,-0.10106710543610793,1779854273.6361136
0.4028138792965749,-0.10133664305452923,1779854273.6961331
0.40265543611358856,-0.10155211286464183,1779854273.7361047
0.40254978705001465,-0.1016956898760575,1779854273.7962577
0.4024262415365784,-0.1018640290167904,1779854273.8361363
0.40225767252591954,-0.10209377049059512,1779854273.8962197
0.4020715732346947,-0.10234724402133404,1779854273.936143
0.40181220155200936,-0.10270072887852512,1779854273.9962564
0.4014571534046155,-0.10318455822269433,1779854274.0362418
0.400391000680903,-0.10267011262035151,1779854274.0761616
0.4002343657160641,-0.10287756179586863,1779854274.0960968
0.3998250711498838,-0.10341824848293157,1779854274.1360755
0.39941058002212776,-0.10396550400033755,1779854274.196414
0.39904526536791995,-0.10444671206581499,1779854274.2361577
0.3987493530507528,-0.104836020589825,1779854274.2961745
0.39851085455506347,-0.10514980417816919,1779854274.3360908
0.398324892634555,-0.10539435241285718,1779854274.396116
0.3981583310268788,-0.1056137586406297,1779854274.4360957
0.3979660913943912,-0.10586745915024605,1779854274.4963536
0.39773152766990555,-0.10617690548072191,1779854274.536049
0.39750673315203006,-0.10647270489632979,1779854274.5961967
0.3973120156371356,-0.1067286433356666,1779854274.6360455
0.39712825351841624,-0.1069703033135957,1779854274.6961653
0.3969798378158761,-0.10716515368834469,1779854274.7360258
0.39687675248538024,-0.10730030786664664,1779854274.7964342
0.3968151445220223,-0.10738098579701055,1779854274.8360896
0.3967941954844123,-0.10740827592805174,1779854274.8964128
0.3967878793460415,-0.10741657119183415,1779854274.9360647
0.39673549677181635,-0.10748574245072798,1779854274.9964201
0.3966141662213422,-0.10764539581929788,1779854275.0361419
0.3949651083317669,-0.10644085947325152,1779854275.076144
0.39493200427701397,-0.10648318199444756,1779854275.0961368
0.39482067621615413,-0.10662455160888584,1779854275.1361778
0.39471633326931166,-0.10675730545896836,1779854275.1963544
0.39472262101398736,-0.10674712144789918,1779854275.2362428
0.3948820002728975,-0.10654208667585126,1779854275.2961507
0.3951120268425443,-0.10624938450794447,1779854275.3361082
0.3953784915853052,-0.1059112414973581,1779854275.3960946
0.395657488860512,-0.10555785527487872,1779854275.4360573
0.395934052955323,-0.105208020310044,1779854275.4961767
0.39620370975305097,-0.10486723265297374,1779854275.5360203
0.39648235102007295,-0.10451507307110319,1779854275.5963423
0.39677853776974253,-0.10414095725174778,1779854275.6363173
0.39708054575319934,-0.10375994788945532,1779854275.6963341
0.3973593377002917,-0.10340887720771487,1779854275.7362196
0.39760309530169685,-0.10310229922811928,1779854275.7963035
0.39775546911393644,-0.10291158598532299,1779854275.8360355
0.3977951305785855,-0.10286288021179851,1779854275.89647
0.39779352002359575,-0.10286519654769852,1779854275.9364038
0.3977072424478128,-0.10297429851525135,1779854275.996279
0.39597673149295287,-0.10196030253865654,1779854276.0361855
0.395744786002642,-0.10224397960876908,1779854276.0963416
0.3955010277553443,-0.10254114939726053,1779854276.1361957
0.39525266575242085,-0.10284346009890474,1779854276.1963902
0.39493763301750456,-0.10322790864885707,1779854276.236174
0.3945299525929013,-0.10372478949080018,1779854276.2963505
0.39412563613723167,-0.10421497800876936,1779854276.3363798
0.3937674056127121,-0.10464820192696529,1779854276.396276
0.3934255221149549,-0.10506173963894831,1779854276.4361024
0.39302201894521105,-0.10555061726620807,1779854276.49634
0.3925285234088696,-0.106147920201829,1779854276.5361066
0.39205946427931915,-0.10671307758437806,1779854276.5962553
0.3916634663079129,-0.10718902438614188,1779854276.6361694
0.3912948496826894,-0.10763225165420721,1779854276.696325
0.3908615513360343,-0.1081539761118824,1779854276.7360668
0.3903287494873476,-0.10879484066230417,1779854276.7961197
0.3897786328790708,-0.1094544725118492,1779854276.8361676
0.3892440908892798,-0.11009431372021355,1779854276.8962152
0.3887157449034936,-0.11072614686111372,1779854276.9361541
0.3880681718494305,-0.11150120146915615,1779854276.9963498
0.3846757756296814,-0.11045932529423819,1779854277.0363166
0.3840794010453307,-0.11112956149195255,1779854277.0963316
0.3838166000331643,-0.11141672040308023,1779854277.1361444
0.3836897896818165,-0.11155803049643463,1779854277.1962419
0.3836060318640113,-0.11165275782059482,1779854277.2360063
0.3835355730813693,-0.11173293232840499,1779854277.29628
0.3834487971220288,-0.11183212261312037,1779854277.3360045
0.38333422806213846,-0.11196262151589938,1779854277.3961885
0.38320913304126125,-0.11210417822923936,1779854277.4360642
0.3831015285136014,-0.11222511428433911,1779854277.4961498
0.3830213310776668,-0.11231487502867187,1779854277.5360205
0.38301417005998734,-0.1123216797557269,1779854277.5961792
0.38309729698450873,-0.11222730109910244,1779854277.6361175
0.3832137334308546,-0.11209722510690337,1779854277.6962395
0.38315287539076925,-0.11216904466393778,1779854277.7363017
0.38283307463161226,-0.11252962066018034,1779854277.7962232
0.38248609253693283,-0.11291483524044926,1779854277.8362
0.3822060124595462,-0.1132238414079903,1779854277.8969133
0.38195249088933775,-0.11350384088574639,1779854277.936208
0.3817215734674823,-0.11375841331622451,1779854277.9961464
0.3815113684774048,-0.11398972512926792,1779854278.0361035
0.3765930967232801,-0.11016712626640474,1779854278.056258
0.3765064646106053,-0.11024630741908927,1779854278.0961454
0.3764908902108358,-0.11025533501461318,1779854278.1361175
0.3765179763862397,-0.11022745204476377,1779854278.1961448
0.3765300899015768,-0.11021734064135222,1779854278.2360368
0.37650525344533087,-0.11024419113711897,1779854278.296128
0.3765094031360225,-0.1102390610637366,1779854278.3364584
0.3765711047740656,-0.11017687784854255,1779854278.3966706
0.3766553071207739,-0.11009478693487386,1779854278.4364846
0.3767909858435879,-0.10996170152716073,1779854278.496468
0.37699172851367685,-0.10976587891300411,1779854278.5364408
0.3772319133874379,-0.10953384318822627,1779854278.5964744
0.37750122364392147,-0.1092749452674819,1779854278.6364677
0.37778103558285653,-0.1090074702600262,1779854278.6964176
0.37796743219626194,-0.10883337658567001,1779854278.7363713
0.37801842847876055,-0.10878929460286184,1779854278.796435
0.37820575476423646,-0.10860722962548282,1779854278.8363497
0.3786405185306544,-0.10818986778382293,1779854278.8963525
0.3791705658998662,-0.10768946977470026,1779854278.936542
0.37981476370912914,-0.10708284803982616,1779854278.9964442
0.38058579380883995,-0.1063595601472552,1779854279.036362
0.3759094002706123,-0.10236815687230343,1779854279.0564244
0.37646310850491344,-0.10192907253196358,1779854279.0961401
0.377235072380503,-0.10131843888608424,1779854279.136436
0.37799070475706736,-0.10072019131532224,1779854279.196455
0.3786211993004277,-0.10023141578435626,1779854279.2363753
0.37908012648915246,-0.09988144065501607,1779854279.29647
0.37962297997699695,-0.09945035369149648,1779854279.3362334
0.38036248534134964,-0.09886446310666308,1779854279.3962898
0.38118351850838733,-0.09822698222305809,1779854279.4364035
0.3819650837025705,-0.0976292931670084,1779854279.4964519
0.3826631387880824,-0.09710019545035617,1779854279.5364037
0.38330594976601634,-0.096614156963228,1779854279.5965137
0.3839049967006784,-0.09616325682925757,1779854279.6363933
0.38448876499100315,-0.09572497617311586,1779854279.6963723
0.3849450030748183,-0.0953894625665327,1779854279.7364554
0.38522525938391056,-0.09518766552196134,1779854279.796459
0.38569557398722526,-0.09484021156485947,1779854279.8964193
0.3859116913137592,-0.0946818431597086,1779854279.9363117
0.38620665298545553,-0.09446414644873552,1779854279.996501
0.38305844455018606,-0.09226507164771544,1779854280.0163417
0.3833686090589811,-0.09206468909599881,1779854280.0362594
0.3838578150928673,-0.09176816287287998,1779854280.0963457
0.384397898041954,-0.09144685607216803,1779854280.136374
0.3849541715565681,-0.09112220588731179,1779854280.196448
0.38545661900889605,-0.09083730600901933,1779854280.236378
0.3858716709856805,-0.09060614959634168,1779854280.2964876
0.3861301080758931,-0.0904700543740998,1779854280.3363771
0.3862013184667415,-0.09044059403473718,1779854280.396463
0.38620327122577086,-0.09044117165182117,1779854280.4363327
0.3861652562993233,-0.09046235445575707,1779854280.496453
0.386094807043378,-0.09050060269624478,1779854280.5364728
0.3859670547913814,-0.09057081727578138,1779854280.5964625
0.3857712075470207,-0.090677001871186,1779854280.6364913
0.385549728818095,-0.09079326772396765,1779854280.6964452
0.3853388743273892,-0.09090128444191835,1779854280.736345
0.3851508404700895,-0.09099613041972944,1779854280.7964191
0.3849990660041786,-0.09107108154743208,1779854280.8363976
0.3848886247571439,-0.09112437798176722,1779854280.8964336
0.38479312641718766,-0.09117106367955176,1779854280.9364727
0.38466521890662103,-0.09123549467041683,1779854280.9963555
0.3827795873330993,-0.0902438167098633,1779854281.0162907
0.38267026834586404,-0.09028979335779518,1779854281.0362575
0.3825837619487266,-0.0903112502830288,1779854281.0963671
0.3826491542056224,-0.09027360301772638,1779854281.136033
0.38277483164957254,-0.09022396647320612,1779854281.1964087
0.3828536194203052,-0.0901998219559129,1779854281.23635
0.3828430996651029,-0.09020957346725401,1779854281.2964554
0.3827490126783786,-0.09024708714769591,1779854281.3363717
0.3825753641961999,-0.09031057714468133,1779854281.3964822
0.3823706671531775,-0.09037992847666787,1779854281.4363484
0.38218580538287344,-0.0904387260281725,1779854281.4963984
0.3820392729327615,-0.0904833918226352,1779854281.5363677
0.381995163154242,-0.09049130592718028,1779854281.596221
0.382080432463352,-0.09045809006348772,1779854281.6366699
0.38221479500682787,-0.090415368226215,1779854281.6964667
0.38234532066359433,-0.09037710304937192,1779854281.7364247
0.38245291647807,-0.09034699262997237,1779854281.7967956
0.3825815402528868,-0.09030910927514797,1779854281.8364027
0.38274917315408624,-0.09026036883458056,1779854281.8967898
0.38293208975308246,-0.09020970193428103,1779854281.936395
0.382989729037709,-0.09020029168514809,1779854281.9964273
0.3823351052686443,-0.08990354146700479,1779854282.016378
0.3821542048910565,-0.08995590128317436,1779854282.0362425
0.381895420520258,-0.09000963704061685,1779854282.096388
0.38153198405114425,-0.09007578011447986,1779854282.136461
0.3811288990929399,-0.09013989271781653,1779854282.1964161
0.38080378372121493,-0.09018137305945645,1779854282.2364242
0.38060261431758596,-0.09020112683628285,1779854282.2964888
0.380572362201781,-0.09019420909484975,1779854282.3363621
0.3807296970005359,-0.09016285568105158,1779854282.3964334
0.38095838248667224,-0.09013220101616107,1779854282.4363947
0.3812088685963648,-0.09010303603150112,1779854282.4963849
0.381467133342971,-0.09007538959313674,1779854282.5366492
0.38173719288864616,-0.0900478216782351,1779854282.5961874
0.38202338993988955,-0.09002037561441671,1779854282.636279
0.38231493369159947,-0.0899948975399267,1779854282.696357
0.38251520423241614,-0.0899840121336282,1779854282.7360322
0.38258585858270955,-0.08998540694697262,1779854282.7963543
0.3825457279361019,-0.08999325128855049,1779854282.8361166
0.38240334182030206,-0.09000643535824804,1779854282.8961222
0.38222356090158727,-0.09001718527535077,1779854282.9361231
0.3819853441246213,-0.09011154044344903,1779854282.9761515
0.3819197395143183,-0.0901124935110053,1779854282.9963815
0.3816494616230093,-0.0901066600908404,1779854283.036114
0.38139376137078984,-0.09009394908401572,1779854283.0961819
0.381175856279341,-0.09007989293191397,1779854283.1361716
0.38097220428063233,-0.09006717591016003,1779854283.1962435
0.3807844806372804,-0.09005385166531026,1779854283.2361047
0.38061253340552614,-0.09004027389642544,1779854283.296077
0.38067452370094057,-0.09002895798674446,1779854283.3360877
0.3810570539953981,-0.09004252594672647,1779854283.3961098
0.38155809230781057,-0.09008521425140315,1779854283.4360685
0.38209568538522964,-0.09014001363929325,1779854283.4961214
0.3826974438269945,-0.09020408319122042,1779854283.5360181
0.3834558001416304,-0.09028576359679177,1779854283.5961204
0.3843572384030716,-0.09039332053288035,1779854283.636108
0.3853105666408457,-0.09052069501010152,1779854283.6960979
0.38627515590961775,-0.09065885238333803,1779854283.736038
0.38727740023465235,-0.09080886123351936,1779854283.7961807
0.3882072671945797,-0.09096153300955519,1779854283.836184
0.3889934226708258,-0.09110100339165668,1779854283.8961308
0.38972857187897064,-0.09123197354768568,1779854283.9361346
0.3905700494690309,-0.0920592335248026,1779854283.9962666
0.39115543323199925,-0.09222104042784722,1779854284.036624
0.3914296553820468,-0.09232011895502795,1779854284.0964715
0.3914378657038296,-0.09234135557422586,1779854284.1362567
0.3913537459186151,-0.09232098246680986,1779854284.196458
0.39124063334379894,-0.09228682105196724,1779854284.2361562
0.39113967866460514,-0.09225252296968971,1779854284.2965162
0.39101283381685836,-0.09221248209963716,1779854284.3361862
0.39082625090446976,-0.09215447471868835,1779854284.396408
0.3906180475302544,-0.09208436422093841,1779854284.436094
0.3904040592298278,-0.09200943452161589,1779854284.4963236
0.3902188164276201,-0.09194021901936072,1779854284.5360894
0.39020517439975166,-0.09192145288198304,1779854284.5963523
0.39038371964205393,-0.09197401437256578,1779854284.6361232
0.3906281698967864,-0.09206337188494836,1779854284.696099
0.3908935662916387,-0.09216642779669293,1779854284.7360282
0.3912427839103187,-0.09230124700618053,1779854284.7961438
0.39169207523601657,-0.09248047626295572,1779854284.8361065
0.39216379397422263,-0.09267944082336822,1779854284.8961031
0.3926406441711453,-0.09288646822228772,1779854284.936226
0.39328991085599463,-0.09353986620136404,1779854284.9962356
0.3936104005860756,-0.09370956967926328,1779854285.0361753
0.393850555404515,-0.09384449680046936,1779854285.096194
0.39402702974770604,-0.0939414424629901,1779854285.136136
0.3941813939457315,-0.09402462861190874,1779854285.1961603
0.39432813518554294,-0.09410430904827807,1779854285.236155
0.3945286398572163,-0.09421046246519195,1779854285.2961767
0.394738116060432,-0.09432861747656021,1779854285.3360522
0.39488417474497467,-0.0944186457068692,1779854285.3960762
0.39500687859929084,-0.09449257290157304,1779854285.4361029
0.3951218030122513,-0.0945621119999647,1779854285.4960678
0.39524338568441325,-0.09463611242906873,1779854285.5360126
0.39537593454182995,-0.09471836179935518,1779854285.596204
0.3956941158816652,-0.09490732475970363,1779854285.6361322
0.39625571727287945,-0.09525735389759796,1779854285.696105
0.39689673110620427,-0.0956837904640226,1779854285.7360682
0.3976401524394563,-0.09618690837141058,1779854285.7961469
0.3984949376426689,-0.09677782777860928,1779854285.8360784
0.3988952340860976,-0.09710629498906045,1779854285.8962681
0.3986529519451719,-0.09698530836632367,1779854285.936175
0.3980998925694915,-0.09689535291831115,1779854285.9962146
0.39889901989735826,-0.0974073182937914,1779854286.0362277
0.40084990225027345,-0.09884008911359692,1779854286.0966115
0.401990243501681,-0.09988114816136004,1779854286.1364863
0.40169241222610813,-0.09979229340214914,1779854286.1965463
0.4009208720837964,-0.09917155936666064,1779854286.2364197
0.4005072540864114,-0.09875932281517685,1779854286.296471
0.40071848092045587,-0.09887456860780425,1779854286.3363934
0.40127843822898296,-0.09934735355421588,1779854286.396672
0.4020895344605314,-0.10007602018102235,1779854286.4363918
0.4029777453311584,-0.10091380407800798,1779854286.496469
0.40362948801491405,-0.10157512600329624,1779854286.5362425
0.40394744615467876,-0.10192866821765424,1779854286.5964644
0.4042279434420538,-0.10221370544347386,1779854286.6364248
0.40456503656765197,-0.10255123765754358,1779854286.6964726
0.40491876838225516,-0.10291839483865217,1779854286.7365713
0.40515243702231113,-0.1031815546206215,1779854286.796749
0.40522661103596375,-0.1032805979963917,1779854286.8364284
0.4052503061133649,-0.10331059917024955,1779854286.8970344
0.40525814402325416,-0.10331869869662094,1779854286.936282
0.40551387210218126,-0.10210399847081975,1779854286.9562771
0.4055211544257092,-0.10211111375330165,1779854286.9963307
0.40552245712019314,-0.10211178904354232,1779854287.0361714
0.40552267476696485,-0.10211114922963284,1779854287.0963285
0.40552260770879184,-0.10211015501144993,1779854287.1360803
0.4055225112685559,-0.10210912345721174,1779854287.1962395
0.4055224550028716,-0.10210814936056062,1779854287.2363086
0.4055224221380763,-0.10210722257682643,1779854287.296267
0.405522428104712,-0.10210636653992819,1779854287.3361857
0.4055224666187347,-0.10210557859504416,1779854287.3964775
0.4055225192574862,-0.10210483939845798,1779854287.4363363
0.405522614329124,-0.10210418688618024,1779854287.4964652
0.40552270014028363,-0.1021035575505172,1779854287.5362952
0.40552280784406614,-0.10210299164309757,1779854287.5964937
0.40552293067450973,-0.10210248187605771,1779854287.6361477
0.4055230500200272,-0.1021020032061782,1779854287.6965375
0.4055231707018024,-0.10210156129718892,1779854287.736474
0.40552329041135426,-0.10210115227596038,1779854287.7962353
0.4055234183264208,-0.10210078877941416,1779854287.8360739
0.4055235383127441,-0.10210044658953378,1779854287.8966477
0.40552365647970695,-0.10210013317934839,1779854287.9364731
0.40564884008163193,-0.10098055125056575,1779854287.976712
0.40565075561785535,-0.1009830600087218,1779854287.9963605
0.4056507210861427,-0.10098319144567168,1779854288.0363185
0.40565060152230475,-0.1009831232363662,1779854288.0964622
0.4056504799592054,-0.10098300454488073,1779854288.1362896
0.40565037846149044,-0.10098288040064575,1779854288.1965861
0.4056502935030669,-0.1009827559004211,1779854288.2361877
0.4056502296905831,-0.1009826416681767,1779854288.2965
0.40565017556442695,-0.10098252801733727,1779854288.336416
0.40565013680387346,-0.10098242466268512,1779854288.396075
0.40565010678188584,-0.1009823260401052,1779854288.4362898
0.40565008577027917,-0.10098223447331563,1779854288.4963894
0.4056500719283912,-0.1009821493383672,1779854288.536272
0.40565006174107066,-0.10098206741079142,1779854288.596298
0.40565005789271863,-0.10098199332818025,1779854288.6361854
