x,y,t
-2.5363390623699183e-15,-1.0738549103580916e-15,1779933769.9500582
-2.5467438299519984e-15,-1.0790916056233453e-15,1779933769.9896264
-2.549425448723458e-15,-1.0804659348982949e-15,1779933770.009714
-2.5625381561306625e-15,-1.0870908304856337e-15,1779933770.0497851
-2.5726357138612895e-15,-1.0921746279223123e-15,1779933770.0895734
-2.575689613943619e-15,-1.0937358456154455e-15,1779933770.1095948
-2.588892266431568e-15,-1.1004280002577818e-15,1779933770.1497328
-2.598536179005147e-15,-1.105286216937019e-15,1779933770.18965
-2.602006700190061e-15,-1.1070547272329625e-15,1779933770.2099056
-2.615159964473513e-15,-1.1137015734626892e-15,1779933770.2496822
-2.6244597136899593e-15,-1.1183879431473375e-15,1779933770.2896678
-2.6283124314750455e-15,-1.1203657520213238e-15,1779933770.30979
-2.6413925101347505e-15,-1.12697611909461e-15,1779933770.349794
-2.6503457124121723e-15,-1.131490141997666e-15,1779933770.3897474
-2.6545084096095416e-15,-1.1336050465069375e-15,1779933770.4096813
-2.667629239273475e-15,-1.1402369356033592e-15,1779933770.4496822
-2.6762540501309522e-15,-1.1445867234834129e-15,1779933770.4896083
-2.680771583692471e-15,-1.1468936196319709e-15,1779933770.5097663
-2.6892037519755666e-15,-1.1511475309147513e-15,1779933770.5497572
-2.6938411397625136e-15,-1.1535000123128444e-15,1779933770.569782
-2.7021701213882807e-15,-1.1577024604903985e-15,1779933770.5895522
-2.7069831883521617e-15,-1.1601434006967465e-15,1779933770.6096296
-2.715115007661291e-15,-1.1642469454735872e-15,1779933770.6498322
-2.720154980406981e-15,-1.1668128912503775e-15,1779933770.6699412
-2.7280549847465e-15,-1.1708004778979978e-15,1779933770.6895888
-2.733224932737205e-15,-1.1734202885910378e-15,1779933770.7096863
-2.741002889336791e-15,-1.1773467780202864e-15,1779933770.7498713
-2.746329827585892e-15,-1.180045690881795e-15,1779933770.7698925
-2.753966839221153e-15,-1.1839015207856066e-15,1779933770.789575
-2.7594523724610104e-15,-1.1866803508878842e-15,1779933770.8098102
-2.7669442479722752e-15,-1.19046337998378e-15,1779933770.849954
-2.772616524287298e-15,-1.1933441361788584e-15,1779933770.869864
-2.7798905561660904e-15,-1.1970179330218793e-15,1779933770.8899977
-2.785683011296192e-15,-1.1999508256633107e-15,1779933770.909567
-2.792837456401371e-15,-1.2035646398231022e-15,1779933770.9496527
-2.798784651987066e-15,-1.2065755662976426e-15,1779933770.9697108
-2.805774236853898e-15,-1.2101065051294048e-15,1779933770.9895852
-2.811891867103721e-15,-1.2132033869594532e-15,1779933771.0095482
-2.818742733926824e-15,-1.2166646301042421e-15,1779933771.049656
-2.8250722947670955e-15,-1.2198737207835264e-15,1779933771.069862
-2.8316765189597005e-15,-1.2232109035931216e-15,1779933771.0896218
-2.838151961618306e-15,-1.2264879071594224e-15,1779933771.1096368
-2.8446394266327588e-15,-1.2297664171690503e-15,1779933771.1497638
-2.851324932527352e-15,-1.233149477221079e-15,1779933771.16966
-2.8576048435335585e-15,-1.2363234059459025e-15,1779933771.1897213
-2.8645465509005066e-15,-1.2398393953500714e-15,1779933771.2096343
-2.870532889530733e-15,-1.2428653518200168e-15,1779933771.2498262
-2.877637924569784e-15,-1.2464600191944722e-15,1779933771.2696517
-2.8834856108294342e-15,-1.2494161498683746e-15,1779933771.2897522
-2.890759365098283e-15,-1.2530960281686293e-15,1779933771.3297951
-2.8964377093343223e-15,-1.2559667964725023e-15,1779933771.349685
-2.9038931494064825e-15,-1.2597384526363044e-15,1779933771.3698506
-2.90938937547942e-15,-1.2625173755881279e-15,1779933771.389599
-2.917107513292544e-15,-1.266423522737843e-15,1779933771.4298463
-2.922359660097635e-15,-1.2690792973897388e-15,1779933771.4499483
-2.9301958656578683e-15,-1.2730432108700241e-15,1779933771.4700823
-2.9352936484479786e-15,-1.2756211198438992e-15,1779933771.489788
-2.9433062112398014e-15,-1.2796741597381045e-15,1779933771.52971
-2.9482666225388375e-15,-1.2821827773064533e-15,1779933771.5499423
-2.9564516495133677e-15,-1.286322980036317e-15,1779933771.569883
-2.961198543958628e-15,-1.2887237773191293e-15,1779933771.5897434
-2.9696597179451e-15,-1.2930039271123952e-15,1779933771.6297534
-2.9741498681029572e-15,-1.295275026718907e-15,1779933771.6497312
-2.982736825642022e-15,-1.299618395347912e-15,1779933771.6697083
-2.987097162661358e-15,-1.3018239681388042e-15,1779933771.6897836
-2.9958295202463073e-15,-1.3062408431814434e-15,1779933771.72988
-3.000054244629639e-15,-1.3083779407951593e-15,1779933771.749907
-3.0089960055253696e-15,-1.3129001881929704e-15,1779933771.7697952
-3.013006261319167e-15,-1.3149288936352139e-15,1779933771.7899375
-3.022073004809183e-15,-1.3195148708950782e-15,1779933771.8299165
-3.025978724222841e-15,-1.3214907934276917e-15,1779933771.849595
-3.0351769639589713e-15,-1.3261432638420383e-15,1779933771.8701138
-3.0389254721525974e-15,-1.328039742580757e-15,1779933771.8900006
-3.0482903482429583e-15,-1.3327764847305635e-15,1779933771.929992
-3.0518776363148235e-15,-1.3345914781716849e-15,1779933771.9501102
-3.061453990918679e-15,-1.3394337853997762e-15,1779933771.9697285
-3.064821528934801e-15,-1.341137640886646e-15,1779933771.9897227
-3.0745412592655277e-15,-1.3460539289045293e-15,1779933772.029747
-3.0777821699196373e-15,-1.3476937796218535e-15,1779933772.0498862
-3.0907255691842713e-15,-1.3542412239540174e-15,1779933772.0898652
-3.1008109752595205e-15,-1.359340661428495e-15,1779933772.1299353
-3.1036731668888896e-15,-1.3607889586145596e-15,1779933772.1498783
-3.116624853767614e-15,-1.3673407201587164e-15,1779933772.1898909
-3.126987767972959e-15,-1.372582472181705e-15,1779933772.2298481
-3.1295957405809178e-15,-1.3739022128126959e-15,1779933772.2497044
-3.1425424788991934e-15,-1.3804514917290037e-15,1779933772.289973
-3.1533664024857797e-15,-1.385924217763835e-15,1779933772.329941
-3.1555052113532983e-15,-1.3870065709507616e-15,1779933772.3499103
-3.1684316514571478e-15,-1.3935456845778524e-15,1779933772.389975
-3.179556235961772e-15,-1.3991729121769838e-15,1779933772.429913
-3.181383908817524e-15,-1.4000978542130647e-15,1779933772.449987
-3.194326721485189e-15,-1.4066452355316565e-15,1779933772.4895203
-3.2058351695458423e-15,-1.412464127561092e-15,1779933772.5299664
-3.2072886726823925e-15,-1.4131997159406989e-15,1779933772.549965
-3.2202398520255405e-15,-1.4197514108733455e-15,1779933772.5896695
-3.232042485059777e-15,-1.4257218112786375e-15,1779933772.6300576
-3.2332122835677855e-15,-1.4263138396438887e-15,1779933772.6496072
-3.246144897488015e-15,-1.4328534846292904e-15,1779933772.6902072
-3.2582978337725554e-15,-1.439001233478497e-15,1779933772.7301507
-3.2591171815458594e-15,-1.439415898328788e-15,1779933772.7495396
-3.2720664402021154e-15,-1.4459666377631408e-15,1779933772.7899106
-3.284993169272169e-15,-1.4525059493784044e-15,1779933772.8503013
-3.2979737198032237e-15,-1.4590698165625811e-15,1779933772.8898203
-3.310929829819083e-15,-1.4656240315996322e-15,1779933772.9500914
-3.3240004425042136e-15,-1.4722361674552701e-15,1779933772.9900017
-3.3371222622506786e-15,-1.4788741859909457e-15,1779933773.050065
-3.350355370990268e-15,-1.4855659060480675e-15,1779933773.0902789
-3.36345840024602e-15,-1.4921944574099806e-15,1779933773.1494336
-3.3765927509145318e-15,-1.4988388297938897e-15,1779933773.1900277
-3.389783298662083e-15,-1.505509193714395e-15,1779933773.2501116
0.0014923243292361763,0.0007552044766700347,1779933773.2901993
0.006534014928704534,0.0033067664651270563,1779933773.3500986
0.014181731047531768,0.007177637531606297,1779933773.3899016
0.02262346284059073,0.01144504842696541,1779933773.4505565
0.029802385026111967,0.015076231614309875,1779933773.4901755
0.031225539414925094,0.015785059029460032,1779933773.5099213
0.04180414106807649,0.02111692014872765,1779933773.5501134
0.05373297387903077,0.027141092081257964,1779933773.5898242
0.05658407908876267,0.02854106829023888,1779933773.6099436
0.07391595001881249,0.03724919419959063,1779933773.6500869
0.08780194938611609,0.04423829517758091,1779933773.6900833
0.091812766737068,0.04622203677176614,1779933773.7096775
0.10993954292595569,0.055293797458044885,1779933773.7500725
0.12369580669673386,0.06220118251854917,1779933773.7900605
0.12854463854817974,0.06455327240880661,1779933773.8100972
0.14792957559145337,0.07422825510223638,1779933773.8499727
0.16226348613002248,0.08140525591518435,1779933773.8898718
0.1679828053707655,0.08423123043298249,1779933773.9096098
0.1880704724445227,0.09424064777143018,1779933773.9498982
0.20191701516469485,0.10116066599451598,1779933773.9896944
0.20830363670127774,0.1042932711598485,1779933774.00971
0.22827356293378523,0.11424276455499006,1779933774.0501041
0.24147243794936582,0.12082771880865747,1779933774.0897825
0.24816936336845064,0.1241590444525935,1779933774.109886
0.2681259865993184,0.134096152948499,1779933774.1500657
0.2807467754799994,0.14038658014414732,1779933774.1899457
0.2879372032516255,0.14396458492202777,1779933774.2102046
0.30040677385781256,0.15017699939412027,1779933774.249642
0.3077705716454298,0.1538420806544557,1779933774.2700133
0.3201035489988225,0.15998403420561752,1779933774.2899659
0.32773297636162735,0.16378203162561317,1779933774.309913
0.34000589366494904,0.16989182593722874,1779933774.350097
0.3480454718470194,0.17389659760667683,1779933774.3700283
0.3600471212297686,0.17986914245416644,1779933774.389988
0.3683543047501055,0.18401003426611875,1779933774.410055
0.3801004928782249,0.1898534517115245,1779933774.4501665
0.3887055982172385,0.1941438688243735,1779933774.4700449
0.4002507281354975,0.19988550896428448,1779933774.4899523
0.4091872551183046,0.20435476572624187,1779933774.5097537
0.42043504981902297,0.20994762259117253,1779933774.550174
0.4296469815049842,0.2145421035359997,1779933774.5699036
0.4408827839390448,0.22012764614038738,1779933774.5899117
0.4504228108826138,0.22489095376030482,1779933774.6095846
0.4614464866494098,0.23036981703552714,1779933774.650096
0.4713485792506557,0.23531458470361932,1779933774.6700654
0.4821293585248377,0.24067159627128365,1779933774.6900237
0.49237591717259327,0.2458380465084624,1779933774.709948
0.5027429866827784,0.2509903913689315,1779933774.750238
0.513252762217538,0.25625066452775475,1779933774.770015
0.5234499745640686,0.2613181755174353,1779933774.7900457
0.5341657485854355,0.26669616972104543,1779933774.8098552
0.5441536590099503,0.27165988174548134,1779933774.8496068
0.5552149568439818,0.2772111680825646,1779933774.8698716
0.565045231130951,0.2820967779065201,1779933774.889896
0.5764839178943814,0.2878970222143283,1779933774.9097598
0.5858606492677894,0.292559338708576,1779933774.9499836
0.5975961822676877,0.2984495085022952,1779933774.9697685
0.6067767103203278,0.30301460712938727,1779933774.9897895
0.6187378336537726,0.30904029107654263,1779933775.0295043
0.6277309055418825,0.3135132506668213,1779933775.0500982
0.6401063100446022,0.31981614208852766,1779933775.0696874
0.6487793135347957,0.32413289181865185,1779933775.0894334
0.6614614834495278,0.3305260378809374,1779933775.1300325
0.6698613441922437,0.33470802812637085,1779933775.150065
0.6828074538265001,0.34123382220570836,1779933775.1696832
0.6909747950305288,0.3453012525486779,1779933775.1896045
0.7041673206735062,0.3519604402097237,1779933775.2292624
0.7120695143753973,0.3558972546861476,1779933775.2500675
0.7255975608223323,0.36280285219216635,1779933775.2698567
0.7330674060412686,0.36652747624289317,1779933775.2900264
0.7468052233152472,0.37347052503360206,1779933775.329875
0.7539762168562033,0.3770476676957303,1779933775.3501134
0.7680024345147642,0.38413540434171706,1779933775.3699622
0.7749519700948152,0.38760356029057647,1779933775.390078
0.7893115755958443,0.39487817181055146,1779933775.4300272
0.7958902106313461,0.3981630482589778,1779933775.4501214
0.8107076255287564,0.40576036716371844,1779933775.469885
0.8167577417339964,0.40878473287319445,1779933775.4894
0.8318899475356281,0.4164452078835003,1779933775.5294735
0.8376829268401301,0.4193425618478989,1779933775.5501962
0.8531441347699473,0.4271681533415007,1779933775.5700362
0.858590585647214,0.42989368699135044,1779933775.5901244
0.8743360416582407,0.4379182386259566,1779933775.6301353
0.8792603100415481,0.44038464064607485,1779933775.6499498
0.8999804247676955,0.45082881586456647,1779933775.689538
0.916047740248981,0.458941625642829,1779933775.730221
0.9206293046988564,0.4612381598561303,1779933775.750075
0.9413457652804313,0.47168239180895605,1779933775.7901409
0.9580865715358529,0.480228463792744,1779933775.8295593
0.9621569730235074,0.48227148212305676,1779933775.8495796
0.9831776498235707,0.49289086396071097,1779933775.8901193
1.0008427823242323,0.5018520371491098,1779933775.9294853
1.0045642553428544,0.5037218555747903,1779933775.9500453
1.0259941255862097,0.5146722296377885,1779933775.9903183
1.044721997220719,0.5241840958416781,1779933776.0298486
1.047538211565361,0.5256019357709193,1779933776.0498486
1.0691532264232495,0.5365694742546097,1779933776.0898585
1.088591121614362,0.5464341834908852,1779933776.1298535
1.0907721732290112,0.5475336505581648,1779933776.1497717
1.1124790718035735,0.558600301080381,1779933776.1899478
1.1327804910082766,0.5688959622266108,1779933776.2297592
1.1342796301775355,0.5696528473572081,1779933776.2497833
1.1560690247921894,0.5807011252746913,1779933776.2895737
1.1777643708186598,0.5917609639185908,1779933776.3501024
1.1994029546331701,0.6027548806193919,1779933776.3899398
1.2209874767442517,0.6137228220383656,1779933776.4500158
1.2426454809701284,0.6247291700896636,1779933776.4899046
1.2646165919512649,0.6359477470883422,1779933776.5501509
1.2865996254634187,0.6471302863556516,1779933776.590232
1.3086059048224414,0.6583261623374471,1779933776.6497304
1.3305609078549125,0.6694974312798565,1779933776.6900556
1.3526834823156249,0.6807889367442467,1779933776.7500658
1.3745504983703634,0.691933846075667,1779933776.789995
1.396456640791129,0.7031000922226538,1779933776.850083
1.4183757643066852,0.7143119402949955,1779933776.8899467
1.4401044578954056,0.7254042200260444,1779933776.9499512
1.4583262381978983,0.7346836662219361,1779933776.9898672
1.4618130220124295,0.7364996732763706,1779933777.0096745
1.4836064247818224,0.7476398782178757,1779933777.050076
1.5013310803616802,0.7566771167761436,1779933777.0901756
1.505611998097494,0.7589206176662708,1779933777.1097333
1.5275350997276262,0.7701338073031864,1779933777.1499236
1.5447371482258254,0.778916278120599,1779933777.1898713
1.5496163233459717,0.781434175005293,1779933777.2096786
1.571839580951273,0.7928273362028075,1779933777.2499769
1.5882704712880105,0.8012266039761194,1779933777.2898765
1.5938959695279056,0.8041264247167724,1779933777.3096454
1.6164542169888818,0.8156834537401206,1779933777.349872
1.6328487695886253,0.8240729056899441,1779933777.3901422
1.6394755329976733,0.8274699034566971,1779933777.4102116
1.6627009555996197,0.83936281628428,1779933777.4496095
1.678435776004929,0.8474224475001976,1779933777.4899511
1.6858702634353504,0.8512048154675588,1779933777.5095997
1.7091291926445775,0.8630930910094329,1779933777.549604
1.72424828265455,0.8708412670152714,1779933777.589576
1.7323614503305163,0.8749411978178244,1779933777.6096184
1.7470973362224664,0.8824933533131313,1779933777.6499898
1.7557337050629875,0.8868068683925375,1779933777.669763
1.7699694759525333,0.8941004318228561,1779933777.689928
1.778836212316729,0.8985955509973195,1779933777.7097926
1.7927912167431639,0.9057457684462942,1779933777.7499106
1.8019161618536834,0.9103721276497416,1779933777.7695513
1.8156122224274893,0.9173900399592605,1779933777.7897785
1.8251070520685078,0.9221880493706381,1779933777.8098538
1.8382049412265606,0.9288991476083948,1779933777.8499217
1.8478343848734669,0.9338145685088293,1779933777.869742
1.8604943306538744,0.940302737928569,1779933777.8899171
1.870398071627583,0.945405926843965,1779933777.9095109
1.88278491802393,0.9517572354290436,1779933777.9499073
1.893100239267884,0.957069661878578,1779933777.9697378
1.9050346833831118,0.963192019201688,1779933777.9899335
1.9158535791017883,0.9687933775880393,1779933778.0097497
1.927305186519176,0.9746720183469524,1779933778.0499313
1.9383691105227034,0.9803803529726098,1779933778.0695276
1.9495651099933284,0.9861308674089994,1779933778.089857
1.9609790155025664,0.9920024282674069,1779933778.1097348
1.971591381518415,0.9974557105313456,1779933778.149868
1.9832981052710348,1.003480140648692,1779933778.1697667
1.9932777581430623,1.0086105585560985,1779933778.1898563
2.0049996128096264,1.0146349127553722,1779933778.2096937
2.014825624022298,1.0196879235036391,1779933778.2498336
2.026761089345752,1.0258210302291941,1779933778.2695065
2.0363169962731464,1.03073672947193,1779933778.2899017
2.04851107461278,1.0370142034811267,1779933778.3298652
2.057799157622146,1.0417939684593214,1779933778.3499565
2.0704751488157216,1.0483183396023519,1779933778.3697522
2.079508010961795,1.0529683836730188,1779933778.3898294
2.0924922036959592,1.0596590965445154,1779933778.4298475
2.1014687646151726,1.0642820313222787,1779933778.4496622
2.1148370658963285,1.071169726646768,1779933778.4698203
2.1234120159889196,1.0755876468221215,1779933778.4897857
2.1372498948687855,1.0827078900164682,1779933778.5298445
2.1454520539952835,1.086935081516561,1779933778.5496814
2.1598162764465716,1.0943140551846415,1779933778.5699317
2.1674580511703643,1.0982532974549675,1779933778.5898275
2.1820571815381946,1.1057600497119915,1779933778.6298463
2.1892990253450577,1.1094941133130545,1779933778.6499
2.2040570999454694,1.1170822215647556,1779933778.6695886
2.2109238082581744,1.1206236336795188,1779933778.6899178
2.2260667539790147,1.128396066137833,1779933778.7298148
2.2324849594533673,1.1317064479595573,1779933778.7499316
2.2478226983245335,1.1395980061380495,1779933778.769853
2.2540402256898617,1.1428055479129167,1779933778.7897522
2.2696161226997096,1.1508295188871551,1779933778.8298533
2.275177446726065,1.1536995284333913,1779933778.8498783
2.2907556040697785,1.1617242777072605,1779933778.86953
2.295316317118304,1.1640788381202036,1779933778.889769
2.3106160047269464,1.1719333236778355,1779933778.9298768
2.3145992421839128,1.1739897023837254,1779933778.9498992
2.333618935783108,1.183786203743747,1779933778.9899616
2.348580709295037,1.1914735055828263,1779933779.029587
2.352552673640508,1.1935242098377434,1779933779.0498626
2.3709258134873843,1.202938510129253,1779933779.0900679
2.385905617874168,1.2106371098095714,1779933779.1298566
2.387964378946897,1.2117003352815001,1779933779.1498554
2.403884407808464,1.219884630422618,1779933779.1898918
2.417027077132153,1.2266216057397281,1779933779.2300243
2.4193452490710876,1.2278183212453817,1779933779.250012
2.4346834425368558,1.2356504359175051,1779933779.2901182
2.447791799541656,1.2423774262906555,1779933779.3297105
2.449395599104763,1.243205087877676,1779933779.3496556
2.462782593555175,1.2500763531627341,1779933779.3900955
2.4744787927555763,1.2560313956226183,1779933779.4299033
2.475089994181396,1.2563466485801922,1779933779.4499803
2.4869386910041653,1.262422992825438,1779933779.4900382
2.4976486845864168,1.2679128085979312,1779933779.529865
2.4986565348925316,1.2684325771280778,1779933779.549825
2.5098932781186742,1.274194800847001,1779933779.5898306
2.5200640077028686,1.2793777436949008,1779933779.6499147
2.529344677510539,1.2841308903556647,1779933779.6896768
2.538279145728197,1.2887067043684486,1779933779.7497478
2.547135150807242,1.2932431624770113,1779933779.7897537
2.5557234062216665,1.2976040358655683,1779933779.8498557
2.563179250857164,1.3014146973120342,1779933779.8900123
2.5697158770030346,1.304753507601671,1779933779.9500344
2.5760076155884932,1.3079349041963158,1779933779.9900296
2.582151439879561,1.311065819565627,1779933780.0497792
2.588042967365034,1.3140564417695024,1779933780.090185
2.5933041177777936,1.3167252802585208,1779933780.1500874
2.5981438903647356,1.3191505771756995,1779933780.1900828
2.6028222163315844,1.3215258521530808,1779933780.2502418
2.606815198424099,1.3235746297518698,1779933780.29007
2.6074825243436766,1.3238904504182598,1779933780.3101633
2.6120804247239002,1.326204093529372,1779933780.3502274
2.6157476069550634,1.3280828557186102,1779933780.3899698
2.6165127980541194,1.3284513356895749,1779933780.409787
2.620887989252661,1.3306710022045516,1779933780.4498267
2.624397829985298,1.332467044929442,1779933780.4897525
2.6252470232333756,1.3328838314985605,1779933780.5101097
2.629621794828004,1.3350848311265888,1779933780.5501328
2.633020470045095,1.3368209347859243,1779933780.5899515
2.633975358965519,1.3372870412067874,1779933780.6099904
2.6382257324538743,1.3394375898283457,1779933780.650051
2.6413477518492896,1.3410294492389294,1779933780.690096
2.642332667581495,1.3415158292742688,1779933780.7099817
2.646459561150468,1.343579965295046,1779933780.7495387
2.649464323534839,1.3451080465744851,1779933780.7900345
2.650542109498012,1.3456358528759904,1779933780.8100429
2.6547156915957135,1.3477385814656495,1779933780.8497548
2.657710031749431,1.3492575492604786,1779933780.8899608
2.658942251247655,1.3498521390200715,1779933780.9100943
2.6630837660687243,1.3519346380399817,1779933780.9494648
2.6659353614396286,1.3533759916587282,1779933780.989502
2.667245509570589,1.3540208396121618,1779933781.0094562
2.6714049437948586,1.3561049747370448,1779933781.0495546
2.6734316916879397,1.3571241749353835,1779933781.0896704
2.6746028822598635,1.3576946822851588,1779933781.1096404
2.67549236221152,1.358138348120513,1779933781.1500452
2.6761705599770136,1.3584733200351982,1779933781.1697757
2.676709221083674,1.3587421249528362,1779933781.1896396
2.6770851570370375,1.3589280263393289,1779933781.209503
2.677663427125558,1.3592179429330584,1779933781.2497516
2.6779486048238677,1.3593594385699372,1779933781.2696187
2.6785317919820137,1.35965191893578,1779933781.289671
2.6787995598037946,1.3597848889025774,1779933781.3098378
2.679234533305393,1.3600026134231755,1779933781.350037
2.67944071481813,1.3601061287654554,1779933781.3696432
2.6796047066498607,1.3601878864622676,1779933781.390113
2.6796733353577524,1.3602222172533815,1779933781.4102468
2.6797283206482128,1.360249750701138,1779933781.4500914
2.6796907914754486,1.3602308742200442,1779933781.4700844
2.67977261097994,1.360272112057767,1779933781.4899728
2.679703235291439,1.360239779279525,1779933781.5099962
2.6797894936674247,1.360283266851988,1779933781.5500839
2.679712440640069,1.3602472306416598,1779933781.5695937
2.6797974537680846,1.3602900419250183,1779933781.5900745
2.679720430463798,1.3602524143125412,1779933781.6102974
2.6798024610537188,1.3602936591172174,1779933781.6498783
2.6797267928903032,1.3602564126216823,1779933781.6698406
2.679806233189964,1.3602962901206392,1779933781.6899393
2.679734774926354,1.3602600709078287,1779933781.7098353
2.6798090331654443,1.3602973005929557,1779933781.7500129
2.679741414446462,1.3602623188844316,1779933781.7700698
2.679811224021323,1.3602972746564188,1779933781.790179
2.6797471477399557,1.360263927840258,1779933781.8095338
2.679812911321004,1.3602968182667476,1779933781.8499312
2.679752183940945,1.360262239955994,1779933781.8699102
2.6798155263796177,1.3602938747159274,1779933781.8898275
2.6797577487312347,1.3602616881140153,1779933781.9300456
2.679816863746751,1.3602911842512289,1779933781.9498875
2.679762585212939,1.360259930797286,1779933781.9700806
2.6798182806366606,1.360287692198061,1779933781.9900537
2.679766766204681,1.3602559918968247,1779933782.030032
2.679820093771135,1.360282544371956,1779933782.050121
2.6797707836317386,1.360254424599335,1779933782.0698376
2.6798204781350004,1.3602791495307553,1779933782.0899997
2.679775187133667,1.3602497304230294,1779933782.1297295
2.6798218939798484,1.3602729480748519,1779933782.1497874
2.679779409585315,1.3602442098066927,1779933782.169625
2.679823431366831,1.3602660748762452,1779933782.1897857
2.6797851309910783,1.3602341612771125,1779933782.2300885
2.6798270853097192,1.3602549812113036,1779933782.2501307
2.679788758718398,1.3602292469215385,1779933782.2699661
2.679827944766399,1.3602486840355432,1779933782.289644
2.6797920411278273,1.3602231180179727,1779933782.330327
2.679829022712321,1.3602414504577804,1779933782.3501055
2.6797980518526927,1.3602107947323347,1779933782.36998
2.6798332646345076,1.3602282375277954,1779933782.389883
2.679801298180718,1.3602049415511448,1779933782.4299357
2.6798340986826457,1.3602211844918028,1779933782.4496512
2.679804203192809,1.360198423499935,1779933782.4697073
2.679835108621249,1.3602137208023883,1779933782.4898307
2.679807488058023,1.3601909773128065,1779933782.5297606
2.6798365309509586,1.3602053459512569,1779933782.5498621
2.679814050473267,1.3601764786728476,1779933782.5697653
2.679841613931603,1.3601901079291117,1779933782.589879
2.679817132394293,1.3601693764141127,1779933782.6297717
2.6798428627619058,1.3601820975013534,1779933782.6499104
2.679820133009732,1.3601619615000526,1779933782.669703
2.6798442951389965,1.3601739037983114,1779933782.6898718
2.6798229813420114,1.3601547011256525,1779933782.7298396
2.679845684605887,1.3601659189882758,1779933782.7500079
2.6798505085371165,1.3601511942411204,1779933782.7899606
2.6798313612982967,1.3601333470414405,1779933782.8300025
2.6798517117447087,1.3601433979860127,1779933782.8500586
2.6798530030558187,1.3601355359432632,1779933782.8900576
2.6798391778545816,1.360112641073266,1779933782.9299576
2.679857476857334,1.3601216749951741,1779933782.949948
2.6798584635767813,1.360114498964881,1779933782.9899666
2.6798433803768966,1.3600992330429849,1779933783.0298638
2.6798595255516813,1.360107203088356,1779933783.0500038
2.6796609223829817,1.3600013929448782,1779933783.0900562
2.679428016606052,1.3598711882946175,1779933783.12991
2.6799478270410897,1.3601277130186868,1779933783.150268
2.6812541137858603,1.3607651920195976,1779933783.1899104
2.6827055707367555,1.3614433405330224,1779933783.229748
2.683036306147561,1.3616066663853235,1779933783.249877
2.6849613586672834,1.3625243704080943,1779933783.2898915
2.686683503953365,1.3632587943775245,1779933783.34996
2.687530552476971,1.363634096493224,1779933783.3898516
2.6875380398542883,1.3635893348965913,1779933783.4501
2.6871945193466447,1.3633285003722229,1779933783.4899795
2.6867133071051046,1.3630455580806329,1779933783.5499213
2.6866146341543033,1.362956463172382,1779933783.5898774
2.686881687148568,1.3630553889580317,1779933783.6498659
2.6870372593290996,1.3630718719972044,1779933783.6900184
2.687127138477608,1.363089625257089,1779933783.7500122
2.6872020468164477,1.3631025153981011,1779933783.789947
2.687378872425958,1.3631468604541688,1779933783.8500865
2.687623479941985,1.3632534852994098,1779933783.8900714
2.687842358070902,1.3633503105574813,1779933783.950255
2.6880141757787026,1.363440562692506,1779933783.9901087
2.6880554370710126,1.3634467682547684,1779933784.0099533
2.688273543952584,1.3635348471939965,1779933784.0498788
2.6884280639003344,1.3636167038930735,1779933784.0899572
2.6884713965311366,1.3636279690910487,1779933784.1097116
2.6886550531863382,1.3637157231767039,1779933784.150135
2.6887918748135133,1.3637886021449976,1779933784.1896465
2.6888399756666366,1.3637967154322919,1779933784.209685
2.6890185936197066,1.3638845052453814,1779933784.2498975
2.6891498508363387,1.363954902569919,1779933784.2899911
2.6891966959472122,1.3639730921574067,1779933784.3100402
2.6893868864274864,1.3640697516408689,1779933784.349967
2.6895040580257,1.364133092396649,1779933784.38998
2.6895543399753676,1.3641512697246887,1779933784.4100432
2.689677712438585,1.3642148169553874,1779933784.449932
2.689760744431903,1.3642599454501603,1779933784.4897485
2.689797301955376,1.3642769133466246,1779933784.5101047
2.689915319678073,1.3643390873391725,1779933784.5500321
2.690025151951289,1.3643988070079252,1779933784.5900233
2.6900734867510643,1.3644219810685367,1779933784.6101809
2.690312543853527,1.3645512133172153,1779933784.649946
2.6905030774176315,1.3646554622950857,1779933784.689864
2.690597648828999,1.3647062344855911,1779933784.7099638
2.69078313555843,1.364808228745113,1779933784.7497694
2.6908874082497287,1.3648643882953622,1779933784.7699828
2.691067448692411,1.364963717846589,1779933784.7896144
2.691176617470274,1.3650234413785427,1779933784.8097951
2.69124579897951,1.3650624172766692,1779933784.849745
2.6913153915061185,1.3651007203389065,1779933784.869771
2.6912635687120807,1.365072987601574,1779933784.8898249
2.6912663603462006,1.365074105659842,1779933784.90971
2.6912111670262053,1.3650437818137593,1779933784.949869
2.691181885045957,1.3650271791838884,1779933784.969774
2.691136478458368,1.3650019097213273,1779933784.989752
2.6910962375998357,1.3649791879046762,1779933785.009717
2.691054732763859,1.3649559460709002,1779933785.0498714
2.691009953557924,1.364930844134919,1779933785.069706
2.6909803098110125,1.3649141089567642,1779933785.0897884
2.6909376910626293,1.3648903989529493,1779933785.1096637
2.690840530387865,1.3648362193056967,1779933785.1498346
2.690762391646797,1.36479258801595,1779933785.1699479
2.690602819426941,1.3647034025358715,1779933785.1899793
2.690469860665333,1.364628796367359,1779933785.2099292
2.690333352970055,1.3645520039983137,1779933785.2497892
2.6901796613153595,1.3644657103844824,1779933785.2699454
2.6900533044558776,1.3643943816194852,1779933785.2897918
2.6898889744519647,1.3643022373655997,1779933785.3096187
2.6897127798983447,1.364202915441996,1779933785.3499033
2.689509857802481,1.3640886375046108,1779933785.3698623
2.6893902025309235,1.3640207121748664,1779933785.3900275
2.689193928849337,1.3639098838071952,1779933785.43004
2.6891670296149335,1.363894023229214,1779933785.4500818
2.689031622526728,1.3638176633087822,1779933785.469757
2.6889798348409477,1.3637880407615266,1779933785.48999
2.6888614924073546,1.3637210515905678,1779933785.5296988
2.6888039152652636,1.363688203227283,1779933785.5500882
2.6886899921873932,1.3636236057196365,1779933785.5697737
2.6886593910762273,1.3636059786579482,1779933785.5902405
2.68856441056648,1.363551896982298,1779933785.6300497
2.688581216506461,1.3635611579934153,1779933785.649992
2.688531674799035,1.3635332426677398,1779933785.669819
2.688554635960645,1.3635461544093828,1779933785.690009
2.688540930874395,1.3635383096742444,1779933785.7300656
2.688546335219673,1.3635413540125927,1779933785.749762
2.6885438873071026,1.3635400499979005,1779933785.769741
2.688543767984429,1.3635399804952355,1779933785.7900176
2.6885448844265065,1.3635406521284616,1779933785.8296683
2.6885251104462844,1.3635293724602648,1779933785.85002
2.6885121486715544,1.363522104160589,1779933785.8697417
2.688464134540447,1.3634946295264805,1779933785.8900137
2.688415641284137,1.3634666297442444,1779933785.930058
2.6883690362399184,1.3634398521933455,1779933785.9498453
2.6882613998949263,1.3633776896702245,1779933785.9897723
2.688173720926018,1.3633268020219047,1779933786.0296395
2.688149616107576,1.363312819312793,1779933786.0500658
2.688019413275188,1.3632373059120488,1779933786.090091
2.6879081898675614,1.3631726304080367,1779933786.1300108
2.6878814995658646,1.3631570936940893,1779933786.1497834
2.6877578599862155,1.36308500526463,1779933786.1900396
2.687651752137705,1.3630229294763232,1779933786.2296813
2.6876414089678455,1.3630168407227494,1779933786.250024
2.6875270358998895,1.3629498836166363,1779933786.2901604
2.687424419459137,1.362889710980903,1779933786.3296397
2.6874718614912307,1.3629172506690546,1779933786.3500526
2.687519607563672,1.3629448595685298,1779933786.390096
2.687587127604368,1.362984583707874,1779933786.430024
2.6876292748528208,1.3630092418730675,1779933786.4497783
2.6877615686239738,1.363087273968099,1779933786.490044
2.6879004957384836,1.3631693843183557,1779933786.5296032
2.6879009157282656,1.3631696789852439,1779933786.5499077
2.688001824443813,1.3632297447474784,1779933786.5897896
2.688106735052081,1.3632920375785413,1779933786.6499617
2.6882816140776438,1.3633957641016863,1779933786.6901124
2.6884926657388486,1.3635216835746549,1779933786.7499473
2.6887163346464042,1.363655798343196,1779933786.7901034
2.688976064700799,1.3638115383574527,1779933786.8501003
2.689322248230469,1.3640192478556614,1779933786.890065
2.689742609923537,1.3642728949940575,1779933786.9501407
2.690185943704922,1.364541344235588,1779933786.9900815
2.6906372914965853,1.3648153302204005,1779933787.0501692
2.6911011288798674,1.3650973898292424,1779933787.0901403
2.6915115259659395,1.365348946087093,1779933787.1501455
2.6918275312188586,1.3655433481271901,1779933787.1900568
2.692119755760651,1.3657230349965932,1779933787.2501347
2.6924063290653986,1.3659005271838238,1779933787.2900982
2.6926240025799073,1.3660356618842535,1779933787.3503919
2.692726275229496,1.3660992026908776,1779933787.3900719
2.692749950930938,1.366115280391385,1779933787.4096808
2.6928447087078746,1.366175073705963,1779933787.4500694
2.692915111780243,1.3662186856915892,1779933787.490002
2.692931892641608,1.3662310791536636,1779933787.5101233
2.6930170366904327,1.366284869261483,1779933787.550056
2.693188611386222,1.366390935988372,1779933787.5899582
2.6932330120150922,1.3664195366954834,1779933787.6099508
2.693549632395682,1.366617117964257,1779933787.6500793
2.693756246939543,1.3667465069808513,1779933787.6899981
2.693832421412828,1.366795127675491,1779933787.7101462
2.694111859569296,1.3669709183970291,1779933787.7500525
2.694310613608288,1.3670959493059995,1779933787.7900338
2.694391680423051,1.3671480964614349,1779933787.8101282
2.694420077739721,1.3671686261346445,1779933787.8501189
2.6942883396319615,1.367086597260705,1779933787.8900368
2.694249677607292,1.3670631198240506,1779933787.909632
2.694138952042658,1.366993314375304,1779933787.9500606
2.694070999242479,1.3669499871914224,1779933787.989742
2.69402781081782,1.3669237232424623,1779933788.009767
2.69396135624528,1.3668812348419062,1779933788.0497735
2.6939157143888264,1.366853587751458,1779933788.0700617
2.6938416935571383,1.3668062111000483,1779933788.089954
2.6937915639340146,1.366775453996108,1779933788.1096282
2.693880841301453,1.366831438195315,1779933788.150005
2.6938941099212235,1.3668408903385934,1779933788.1698568
2.694138507768572,1.3669964182799264,1779933788.1896992
2.69424747320842,1.3670697268931231,1779933788.2097087
2.69446304454019,1.3672084402615379,1779933788.2500508
2.694605281623512,1.3673016136909797,1779933788.2699993
2.69480917566338,1.367433578031585,1779933788.2900097
2.6949655646967674,1.3675374694457407,1779933788.3100054
2.695095320702575,1.3676223560189469,1779933788.350051
2.695228799775324,1.3677114148741543,1779933788.3700147
2.695419210433406,1.3678353566448274,1779933788.3899648
2.695576858813187,1.3679433222730055,1779933788.4098716
2.695874208444768,1.368137106643404,1779933788.4501488
2.696105444357275,1.3682916552514728,1779933788.469969
2.6963725146045348,1.368467091260621,1779933788.4899948
2.696630816853545,1.3686416357184827,1779933788.5099678
2.6968821282117994,1.3688076694258924,1779933788.5498593
2.6971540601386863,1.3689916761035155,1779933788.569857
2.6971768922340695,1.3690088863418417,1779933788.589882
2.697329612161577,1.3691199633294704,1779933788.609687
2.6972958771462228,1.3690991137530963,1779933788.6497228
2.69735479827171,1.3691436733798032,1779933788.6697261
2.6974786851350667,1.3692259650409724,1779933788.6895988
2.697578044590674,1.369300281143436,1779933788.7300375
2.697682436626763,1.3693703661240795,1779933788.7497513
2.697795817557112,1.3694597484158137,1779933788.7698963
2.6978903279441098,1.3695237960857858,1779933788.790119
2.6980121759346964,1.36961502266952,1779933788.8300521
2.6980126788681185,1.3696163511304087,1779933788.8497581
2.6980802473593086,1.3696699979810696,1779933788.869763
2.6980956727218297,1.3696809213156484,1779933788.889567
2.6981394048999867,1.3697206509298245,1779933788.9301078
2.698243887543122,1.369791919034322,1779933788.9495988
2.698335181961363,1.3698712393288957,1779933788.969816
2.6984134740916668,1.3699255135249642,1779933788.9897268
2.6985247663603418,1.3700127324366944,1779933789.029697
2.6985935145623268,1.370060920530161,1779933789.0500553
2.698712349146272,1.3701529845676832,1779933789.0699096
2.6987412787353198,1.3701739021713317,1779933789.0900805
2.6988333058606266,1.3702588417999713,1779933789.1301005
2.6989056029702083,1.3703100997897135,1779933789.1497712
2.699023396546898,1.3704027764408102,1779933789.1697812
2.6991518752428707,1.370494095392799,1779933789.1900988
2.699332577289501,1.3706351907348153,1779933789.22983
2.699425294780122,1.3707022317308697,1779933789.2497935
2.6996287094325804,1.3708600255302645,1779933789.269617
2.69970741359192,1.37091764142548,1779933789.2897441
2.6999146868614337,1.3710941376989296,1779933789.3301573
2.6998695235386543,1.371063168911791,1779933789.3497283
2.699990727206156,1.3711643078029223,1779933789.3897936
2.7000754966726594,1.3712408353304897,1779933789.430059
2.700209981839337,1.371340104713334,1779933789.4498725
2.70047234282174,1.3715501533509216,1779933789.4898365
2.700682102852075,1.3717377465192218,1779933789.529856
2.7007395567632995,1.3717821052577914,1779933789.5499754
2.700858398480881,1.3718896182072104,1779933789.5898213
2.7009336490423124,1.3719632831493696,1779933789.6296988
2.7007508220266216,1.3718242447995472,1779933789.6499722
2.7007265619802863,1.3718288454592418,1779933789.689813
2.7007147033888304,1.3718317838500882,1779933789.7297487
2.7009368711045623,1.372005040546317,1779933789.7499225
2.701244076619022,1.3722650098741678,1779933789.7897897
2.70153184215758,1.3725164013367326,1779933789.8297136
2.7015177745659473,1.3725064825157154,1779933789.849987
2.7017044551513916,1.3726943501938456,1779933789.889918
2.7018713018444656,1.3728506384213464,1779933789.9297738
2.70191454625921,1.3728865413153457,1779933789.9502778
2.7021890697638655,1.3731338712094512,1779933789.9899952
2.702482745036117,1.3734209910447188,1779933790.050137
2.702789388586623,1.3737122035658362,1779933790.089943
2.703019502297662,1.37394067700787,1779933790.1501527
2.70324026269496,1.3741579774474482,1779933790.1899147
2.703563021280158,1.3744899628584095,1779933790.249999
2.703941113676156,1.3748685446077133,1779933790.2899354
2.7043328860511275,1.375266143712648,1779933790.3499415
2.704735144218514,1.375678446206521,1779933790.3899407
2.705191573933723,1.3761760058177108,1779933790.450076
2.7057268037635707,1.3767443092118006,1779933790.4899392
2.7062831118074238,1.377346003909912,1779933790.550053
2.7068260913073416,1.3779765101856751,1779933790.589947
2.707338488343484,1.3785614293078812,1779933790.6500583
2.7077049927302372,1.3789674317314895,1779933790.6899698
2.707758220666545,1.3790653485391642,1779933790.7100468
2.708112963369194,1.3795005629067427,1779933790.7500741
2.708403356882295,1.3798303097791849,1779933790.7899275
2.708437279726352,1.3799394929055409,1779933790.8100712
2.7087674702878637,1.3803573178005644,1779933790.8499753
2.7090917480870056,1.380735078627494,1779933790.8898754
2.7091538511205577,1.3808513844735033,1779933790.9099746
2.70961357318073,1.381469111789553,1779933790.9501173
2.710006735540841,1.3819499597590783,1779933790.9900024
2.710105821715333,1.3821145886078272,1779933791.009975
2.710601198013075,1.3827743054105992,1779933791.0499558
2.7109782786306393,1.3832570477794806,1779933791.0900037
2.711096758214418,1.383441980565517,1779933791.109979
2.711567048283405,1.3841357444626958,1779933791.1499386
2.7120506880522086,1.384767906277709,1779933791.1899831
2.7122125108445068,1.3850344527842695,1779933791.2100341
2.7130361545922375,1.3861860326653797,1779933791.2500064
2.7136114591492984,1.3869826775232146,1779933791.2900014
2.7138618739979314,1.3873721767773888,1779933791.3100913
2.7146535879554463,1.388597488654621,1779933791.3500452
2.7152012560814236,1.3893943310062118,1779933791.3899155
2.715462498580263,1.3898386300363446,1779933791.4099104
2.7159287342491685,1.3905412558473575,1779933791.4498482
2.7161793213038523,1.3909701384039355,1779933791.4698849
2.7165550170475132,1.391553911698692,1779933791.489827
2.7167543457928387,1.3919665419055345,1779933791.5098596
2.717122333841604,1.392543946401898,1779933791.5498908
2.7173352632194683,1.3929320206314357,1779933791.5698805
2.7176972741328345,1.3935090103367127,1779933791.5898352
2.7179031378577467,1.3939118423448527,1779933791.6097715
2.718177926237044,1.3943696256096583,1779933791.6498504
2.718362404745273,1.3947320957213694,1779933791.6698925
2.7186356521141772,1.3951892176635352,1779933791.6898313
2.7187950529193428,1.39557293818734,1779933791.709878
2.719127823075023,1.3961308059305628,1779933791.750023
2.719341562206107,1.3965559063018713,1779933791.7700715
2.7196527150760437,1.397096350732501,1779933791.7897835
2.7198702675119355,1.3975544573151322,1779933791.8100066
2.7201647017824993,1.3980805811517774,1779933791.8499928
2.7203752548971902,1.3985732385010925,1779933791.8700523
2.720647174137881,1.3990742296995953,1779933791.8899837
2.720871058783291,1.3995634127662278,1779933791.909936
2.7210807016643552,1.3999684769316685,1779933791.9499407
2.721284023368345,1.4004125322743721,1779933791.9700606
2.72144799347917,1.400740225599022,1779933791.989906
2.7216128510752933,1.4011383004171076,1779933792.009842
2.721783080933385,1.401478092331278,1779933792.0499916
2.721928638375436,1.4018783532415968,1779933792.0700839
2.7220932110554465,1.4022137885078199,1779933792.089952
2.722250164491473,1.4026065724732626,1779933792.1100025
2.7224392537395605,1.4029956277337858,1779933792.150029
2.722619972407305,1.4034282215780824,1779933792.169951
2.72286715432708,1.4039418864890736,1779933792.190051
2.723085571773129,1.4044903839172005,1779933792.2299218
2.72334132919767,1.4050416416346498,1779933792.2499988
2.7235939455799048,1.4057090773414622,1779933792.2700129
2.7238139913054007,1.4062075468884572,1779933792.2898445
2.7240895394041567,1.4069116567189237,1779933792.3301187
2.7242916157336126,1.4073861780881127,1779933792.349924
2.7245787527253538,1.4081155827974647,1779933792.3697896
2.724708402088223,1.4084438735907618,1779933792.3898928
2.7249324174064657,1.409128846399971,1779933792.4300623
2.7249663315942003,1.4092461516420827,1779933792.4500966
2.725141278528713,1.4097301133382378,1779933792.4699543
2.725167711519375,1.409818847988382,1779933792.4900055
2.725279165697321,1.4101775192635764,1779933792.5301266
2.7253325361109475,1.4103230747253137,1779933792.550105
2.7254349985088093,1.4106410214111293,1779933792.5698829
2.725493472301542,1.4107997253801525,1779933792.5900111
2.725565326276295,1.4111283703536475,1779933792.6298342
2.7255867895059405,1.4111976650492217,1779933792.6497464
2.725659508168048,1.4114426007425298,1779933792.6699617
2.725582879951463,1.4112546498888356,1779933792.689709
2.7255608298879808,1.4112403995000171,1779933792.7298481
2.725463970693456,1.4109788700317192,1779933792.74973
2.7253490798018793,1.4107071738404122,1779933792.7697072
2.725306973739629,1.4105766625754135,1779933792.7897458
2.7251834138873345,1.4102133627902556,1779933792.829639
2.725158636962153,1.41012517247749,1779933792.8499236
2.7250465991010837,1.4097425282417184,1779933792.8899372
2.724943162746254,1.4094127274853023,1779933792.9300554
2.7249762055146745,1.4094997661566653,1779933792.9499807
2.724922902558043,1.4093353987750628,1779933792.9900155
2.724876296297558,1.40917934953385,1779933793.0300496
2.7248827802732856,1.4091945091992204,1779933793.0500114
2.72484932304878,1.4090609392036932,1779933793.0900846
2.7248125007963844,1.4089269579092931,1779933793.1300309
2.724747935237085,1.4086954054957874,1779933793.1500678
2.7245689538556386,1.4080005207784019,1779933793.1899803
2.7244087826281804,1.4073017212211587,1779933793.2299151
2.724383019442946,1.4071845785246269,1779933793.2500257
2.7242005607762096,1.4063278760596247,1779933793.2900484
2.7240290174906714,1.4054959773302205,1779933793.3300805
2.7240245678121493,1.4054599124606528,1779933793.350122
2.7238519744336687,1.4045574437121564,1779933793.389975
2.7236895785547364,1.4036652131096925,1779933793.4299378
2.723691665246839,1.4036591699528034,1779933793.4501588
2.7235491724268965,1.402809038916344,1779933793.4899914
2.7234220600699084,1.4019827019049422,1779933793.5500143
2.7232994814109457,1.4011643086641477,1779933793.5900106
2.723175033564183,1.4002732220968237,1779933793.65004
2.7230565929023913,1.39936214348691,1779933793.689992
2.722970595808119,1.3985232451088923,1779933793.7501516
2.7228873368921778,1.3977412902258368,1779933793.789995
2.7228172245044653,1.396970965955502,1779933793.8500445
2.722776676433831,1.3963157459244837,1779933793.8900166
2.7227707502860135,1.3959895798585595,1779933793.9501073
2.7227774172079267,1.395934148722024,1779933793.9900107
2.7227888462456376,1.3959635344062262,1779933794.0500484
2.722804653791088,1.3960172452003752,1779933794.0900197
2.722825057772932,1.3962613897846317,1779933794.1500525
2.7228494121702354,1.3968158915759294,1779933794.189937
2.7228737669232688,1.3975229865112435,1779933794.2500784
2.722874835491665,1.39813364638942,1779933794.2900825
2.7228827043713224,1.398265091030884,1779933794.3099797
2.722876771376333,1.3990232517280632,1779933794.3500495
2.7228642391374325,1.3996765107570723,1779933794.3899102
2.7228599355253915,1.3998511493329022,1779933794.40985
2.722836667401269,1.4007861933695733,1779933794.450156
2.7228059573155075,1.4015282964061724,1779933794.489944
2.7227974408457576,1.401759757979033,1779933794.5098917
2.7227427564620816,1.402747036667006,1779933794.5500927
2.722694929763487,1.4034698028934,1779933794.5898736
2.7226757405244415,1.4037434019247612,1779933794.6098347
2.7225969283384273,1.4047564857507224,1779933794.6499279
2.7225435390433987,1.4052645571099331,1779933794.6897285
2.7225185165459744,1.4055206688726831,1779933794.7100937
2.722456234274288,1.4060141456422568,1779933794.7495883
2.7224200188055003,1.406315180402896,1779933794.789711
2.722399158626854,1.4064859209476965,1779933794.8099885
2.722363240039743,1.4067797158026185,1779933794.8496232
2.7223416317719056,1.4069480433275052,1779933794.8697286
2.7223013102773987,1.4072705969205133,1779933794.8896809
2.7222735061368337,1.4074538380752826,1779933794.9099293
2.722221519826193,1.4078568753522058,1779933794.9501488
2.722186871278389,1.4080881490699533,1779933794.9699335
2.722123868859788,1.4085296950984907,1779933794.9900515
2.722078764732925,1.4088059718621124,1779933795.0096302
2.722011402671507,1.4092258298771771,1779933795.0502822
2.721961069623018,1.4095208529147332,1779933795.070188
2.721889870426236,1.4099315213210057,1779933795.0901382
2.721831112668722,1.4102379790463764,1779933795.1100261
2.721771046576548,1.4105364941378402,1779933795.1501017
2.721717879051379,1.4108104678552997,1779933795.1700668
2.721660626726713,1.4110901579025947,1779933795.1900256
2.721605098200411,1.4113426873811437,1779933795.2097752
2.72153374565492,1.4117007626857867,1779933795.2501705
2.7214703616158737,1.411995199880739,1779933795.269942
2.7213978698044525,1.4123306541415217,1779933795.289986
2.721322459449048,1.4126425634912891,1779933795.3096826
2.7212485686193517,1.4129640781913355,1779933795.3497121
2.7211691641032316,1.4132916061683451,1779933795.369717
2.7211201334525126,1.4134695828971855,1779933795.3897667
2.7210503794605256,1.4137296899089247,1779933795.4095497
2.7210462199103715,1.4136969732561526,1779933795.4497306
2.7210171060177037,1.4138063182708158,1779933795.469851
2.7210301973951734,1.413727760309322,1779933795.489954
2.721020025381202,1.4137241714946636,1779933795.50976
2.7210279794731855,1.4136913607821948,1779933795.5499108
2.721037289018375,1.4136560866378711,1779933795.569696
2.7210432940055593,1.413638151867189,1779933795.5899215
2.7210521521199014,1.413590285854974,1779933795.629762
2.721038900239449,1.4136499447475737,1779933795.6496341
2.7210391829137324,1.4136462315035838,1779933795.6696
2.7210289383285597,1.413686044809149,1779933795.6896014
2.7210181849882114,1.4136943703267553,1779933795.7296267
2.721029108413474,1.4136548358726946,1779933795.749644
2.721039392984497,1.4136234470642213,1779933795.769688
2.7210464247566364,1.4136034164823748,1779933795.7897234
2.721059221198526,1.4135575901222526,1779933795.8296404
2.7210649340057893,1.4135438206000825,1779933795.849731
2.721082747967873,1.4134949499922203,1779933795.8697722
2.7209768021664353,1.4138353646755226,1779933795.889686
2.7209004870430893,1.4140353732655178,1779933795.9298484
2.7208245066756636,1.414251147952323,1779933795.9498627
2.7207187146480107,1.4145345622670666,1779933795.9696143
2.7207708792847116,1.4143605279928333,1779933795.9895983
2.72075080478502,1.4144141967034551,1779933796.029601
2.7207711053904884,1.414353304865933,1779933796.0495713
2.7207826948189626,1.4143346907083048,1779933796.0697842
2.72079210414564,1.4143104253821353,1779933796.0894802
2.720812492952271,1.4142682452980604,1779933796.1296167
2.720705473325482,1.414555975568533,1779933796.1495833
2.720629309210201,1.414747460873563,1779933796.1694887
2.7205802895820415,1.4148647045018594,1779933796.1896164
2.7204852200822067,1.415094189504763,1779933796.2295141
2.720579871209467,1.4148461520752338,1779933796.2494123
2.7206123831453803,1.4148040838542888,1779933796.2695036
2.7206553817020356,1.4147009340936034,1779933796.2896922
2.7207221189856186,1.4145679370452393,1779933796.329594
2.720747441057419,1.4145126586002637,1779933796.3498533
2.7207058658059133,1.414645738406039,1779933796.3895817
2.720650500892255,1.4147768052758036,1779933796.4295032
2.7206057719521803,1.4148749921185828,1779933796.4498773
2.7206601512321598,1.4147693307187643,1779933796.4896019
2.7207341395318916,1.4146343871277454,1779933796.5295491
2.7207900780450798,1.4145149089643012,1779933796.5498252
2.7209478153684543,1.4142148609480307,1779933796.5899727
2.721100458393143,1.4139361690055725,1779933796.6297727
2.720993149109738,1.4141673199952218,1779933796.6498432
2.720929592065304,1.4143110223517035,1779933796.6897738
2.720855039659072,1.4144632372259853,1779933796.7299938
2.720912138191266,1.4143442621269644,1779933796.7500362
2.720930891685253,1.4143158624624634,1779933796.7897522
2.720958961410509,1.4142806627019395,1779933796.8299754
2.720964692077463,1.4142695515319545,1779933796.850018
2.7207210272991365,1.4147616542070984,1779933796.8896194
2.7204178921180664,1.41533303991865,1779933796.9299843
2.720279992107557,1.415599107969564,1779933796.9499981
2.720013635519913,1.4161086792886308,1779933796.9899838
2.7198498553240102,1.4164308141610347,1779933797.0502603
2.7197210956570053,1.4166946725894942,1779933797.0899255
2.7197821339200305,1.416600059730407,1779933797.14993
2.7199847536269908,1.416283365612048,1779933797.1897297
2.7200665255447793,1.4161644274807272,1779933797.2499323
2.7200746898096733,1.4161703893586455,1779933797.2899296
2.7200592939804826,1.4162153908010096,1779933797.3502638
2.7200518107247857,1.4162578893531876,1779933797.3897135
2.7200504702889443,1.4162730831316654,1779933797.4498682
2.7200534074182,1.4162796114073415,1779933797.489738
2.720060837338389,1.4162860714467456,1779933797.5500627
2.720063982418617,1.41628872911883,1779933797.5897746
2.720066707541246,1.4162910020938526,1779933797.65002
2.720068938392267,1.4162930407396737,1779933797.689701
2.720072219478861,1.4162964376405314,1779933797.7496183
2.7200719709551593,1.4162969080162218,1779933797.7898498
2.7200733104019688,1.4162979393645025,1779933797.8098624
2.720074004007877,1.416299259178831,1779933797.8497374
2.72007373867744,1.416299763699648,1779933797.8896456
2.720074649800269,1.416301322207521,1779933797.910323
2.720074574334119,1.4163022241164132,1779933797.9497166
2.7200742927510904,1.4163027476541226,1779933797.9896255
2.7200742019510673,1.4163029727488472,1779933798.0100353
2.7200735521245947,1.4163035771989065,1779933798.049746
2.72007327785648,1.4163040888854503,1779933798.0902712
2.7200719135911156,1.4163043375810527,1779933798.10993
2.7200708705035406,1.4163046579323062,1779933798.149788
2.720070604567956,1.4163051518409633,1779933798.1896262
2.720069640419182,1.4163048549805033,1779933798.209834
2.7200682405874548,1.4163049481638599,1779933798.2497115
2.7200679930797955,1.4163054119585092,1779933798.2896519
2.720065374331833,1.4163048304031005,1779933798.309916
2.720065121572641,1.4163053011288242,1779933798.349942
2.720063848128387,1.416304763139304,1779933798.3697054
2.7200636110172804,1.416305209890832,1779933798.3896239
2.720062222412946,1.416304611930232,1779933798.4097157
2.720061997273693,1.4163050387775353,1779933798.4497375
2.720059028046947,1.4163041158437368,1779933798.4697163
2.72005880787016,1.4163045324086518,1779933798.4896605
2.720057410416592,1.4163038732153197,1779933798.5099206
2.7200572055210928,1.4163042651981614,1779933798.54975
2.72005574111224,1.4163035715067425,1779933798.5697944
2.720055547348016,1.4163039447300447,1779933798.5896726
2.720054034237484,1.416303224369866,1779933798.609709
2.7200538507681573,1.4163035796712973,1779933798.649728
2.7200507851681928,1.4163024432559734,1779933798.6699772
2.7200506067641075,1.4163027890140985,1779933798.6897569
2.7200492043619438,1.41630207516362,1779933798.7096848
2.720049038938096,1.4163023989990482,1779933798.7501
2.7200476176774036,1.4163016766181282,1779933798.7699506
2.720047462140252,1.4163019831822758,1779933798.7901928
2.7200446443064017,1.4163008463387778,1779933798.8100164
2.7200444943429507,1.4163011427333925,1779933798.8499467
2.7200432264270233,1.4163004587643586,1779933798.869635
2.720043087069144,1.4163007368454166,1779933798.8896115
2.7200418203461143,1.4163000551924312,1779933798.9096348
2.7200416898556528,1.4163003172578617,1779933798.9499013
2.720040436078591,1.4162996433776027,1779933798.9695544
2.7200403135511277,1.41629989083734,1779933798.9895124
2.7200378847735744,1.4162988375307954,1779933799.0299652
2.7200377680969243,1.4162990739089136,1779933799.049629
2.7200366967232505,1.4162984668262184,1779933799.0696502
2.7200365885674365,1.4162986878219197,1779933799.089618
2.720035539960968,1.41629809317926,1779933799.1297328
2.7200354387726517,1.4162983011849144,1779933799.1495001
2.720033425339335,1.4162973809171897,1779933799.1697006
2.720033329048807,1.4162975796698862,1779933799.189498
2.7200324529203117,1.4162970555395658,1779933799.22976
2.720032363659194,1.4162972412107178,1779933799.2499528
2.7200315176146193,1.4162967338042212,1779933799.2696176
2.7200314341183383,1.4162969084745216,1779933799.2895818
2.7200306209480956,1.4162964193025986,1779933799.3298397
2.720030542791095,1.41629658361299,1779933799.3496263
2.7200290057845287,1.41629583846242,1779933799.3696065
2.720028931711091,1.416295994815831,1779933799.3895042
2.720028276573536,1.4162955759035982,1779933799.4296818
2.720028207818944,1.4162957219964976,1779933799.4496825
2.7200275863559997,1.41629532187831,1779933799.469612
2.720027522036301,1.416295459243538,1779933799.4895966
2.720026935289767,1.416295079027576,1779933799.5297716
2.7200268750661394,1.416295208239657,1779933799.549661
2.7200257810534336,1.4162946404930759,1779933799.5699496
2.72002572366369,1.4162947641311954,1779933799.5897949
2.720025269087263,1.4162944443005256,1779933799.629915
2.7200252156838483,1.416294559998139,1779933799.649979
2.7200247928347125,1.4162942582991391,1779933799.66991
2.720058594776035,1.4162199791366095,1779933799.689901
2.720087586008149,1.4161527472679336,1779933799.7299562
2.720138646477125,1.4160397607411261,1779933799.749887
2.7202365113034226,1.415818796404592,1779933799.789928
2.720319382367066,1.415630135720444,1779933799.8299403
2.720339737995461,1.4155841166025047,1779933799.8499274
2.7194920377084415,1.4174669518605236,1779933799.8899384
2.7186497811065435,1.419377451516558,1779933799.9299438
2.718471097655566,1.4197843911453394,1779933799.950005
2.717380197007062,1.4222777006705145,1779933799.990286
2.7163916739363816,1.4245578139973523,1779933800.0299647
2.7162192149849407,1.424953832844769,1779933800.050245
2.7075110280606616,1.44487288027723,1779933800.0899913
2.7032765490508113,1.4547499916003173,1779933800.1299336
2.702111934599307,1.457433277041497,1779933800.1502075
2.6954209428386817,1.4730809567518255,1779933800.189929
2.6889418514161956,1.488384058157896,1779933800.229902
2.687545496738488,1.4916258757182705,1779933800.2498689
2.679209403473619,1.5115445700680776,1779933800.2900057
2.6706985955352125,1.5318644513679285,1779933800.3500152
2.6620604705512014,1.552576595457178,1779933800.3899105
2.6531686499394436,1.5739494030591419,1779933800.4499793
2.6440939071643252,1.595936229545267,1779933800.4899912
2.634842207893414,1.6182939315888987,1779933800.5500238
2.625553797288297,1.64079253645442,1779933800.5898376
2.616214317144663,1.6633552982515991,1779933800.65003
2.6069687005214464,1.6856436740324605,1779933800.6899202
2.597703165910087,1.7079848564557107,1779933800.7499685
2.5884392788783273,1.7303235355243756,1779933800.7900703
2.578953696917256,1.7527615643184589,1779933800.8499963
2.5697011267703727,1.7748615646450594,1779933800.8896859
2.560550284368627,1.7966931621457745,1779933800.9500039
2.552953349326338,1.8152028521916168,1779933800.989913
2.551231262429498,1.8183369479062295,1779933801.0100846
2.5421468087389694,1.8398288170605934,1779933801.0499148
2.534837833844311,1.8575916764361233,1779933801.0898707
2.5329733971848465,1.8613355031982481,1779933801.1099646
2.523780580090452,1.8828507619266193,1779933801.1499732
2.516720668178795,1.8999711542921247,1779933801.1898875
2.5141804017546656,1.9044277162099938,1779933801.21014
2.5048853724063207,1.9259830566729406,1779933801.2501557
2.4980460929772574,1.9424721613477873,1779933801.2898824
2.495468362383712,1.9476265739397236,1779933801.3099728
2.486042719037524,1.9692474125772976,1779933801.3499343
2.47947912771345,1.9850028474128978,1779933801.3898478
2.4761918751840697,1.990760004456285,1779933801.4096985
2.466753151544541,2.012219013524528,1779933801.4500992
2.4604428203400097,2.0272425747176985,1779933801.4899292
2.457204881968569,2.0337520858799074,1779933801.5100944
2.4472129296784026,2.0552511408018637,1779933801.5500503
2.4411896844073233,2.0694603304537034,1779933801.589681
2.4376271153586546,2.076702401816095,1779933801.610094
2.4317032554823714,2.0906337257123435,1779933801.6499925
2.4280092975014402,2.098191117882651,1779933801.669965
2.422158126393556,2.1119099300502366,1779933801.6898806
2.4182887229299643,2.1198878324298023,1779933801.7100177
2.412538238794576,2.1333297265944346,1779933801.7499087
2.4079621067281884,2.1416720621876966,1779933801.7699914
2.402383591897671,2.154620990489738,1779933801.789918
2.3980540670136987,2.163384475530873,1779933801.8099208
2.3925636855659227,2.1760785113103798,1779933801.8499062
2.388097007602894,2.185172306504829,1779933801.8698888
2.382675543961656,2.1976598091128685,1779933801.889875
2.377539840905714,2.2070334836755414,1779933801.9099493
2.3721035266296178,2.219463685028347,1779933801.9499688
2.367221517648318,2.2294053636182682,1779933801.969948
2.361824382241295,2.241693768123426,1779933801.9900246
2.3566503023362326,2.252103337523852,1779933802.0099154
2.351379934100058,2.264044342519253,1779933802.0499423
2.346049194062898,2.2748238860339467,1779933802.070017
2.3409205427017477,2.2863897442622325,1779933802.0900288
2.33491253368966,2.297446838029736,1779933802.1099827
2.3299626028451343,2.308518867301947,1779933802.149972
2.3242591985321117,2.320080300528618,1779933802.1699903
2.3194483070839857,2.3307903553779568,1779933802.1898937
2.313549460278377,2.3426285982311503,1779933802.2099488
2.30888940491575,2.3529502116013004,1779933802.249879
2.302904612415979,2.3649975793845344,1779933802.2699187
2.2983603074813694,2.375015358554948,1779933802.289851
2.291769907575121,2.38728761183479,1779933802.330025
2.2874034865004447,2.396836937043284,1779933802.3500292
2.281098985984088,2.409571370056469,1779933802.3700063
2.276853200942303,2.418812645620477,1779933802.3898757
2.270375404944627,2.431808932313552,1779933802.4300165
2.266347149887309,2.4405306784862497,1779933802.4499586
2.25939494640816,2.453679899013527,1779933802.4699655
2.255573809697321,2.46189187397324,1779933802.4898934
2.248910446697312,2.4752347130686148,1779933802.5299778
2.2451555090338653,2.4832681880126946,1779933802.5500464
2.2383732115269956,2.496883463084223,1779933802.5703256
2.234758646682281,2.504581025187741,1779933802.5899417
2.227753103413599,2.518509270760161,1779933802.629893
2.2242729220012323,2.525883301913329,1779933802.6499815
2.2167852938321495,2.5400674636608804,1779933802.6698608
2.2134035006334543,2.5471843549712885,1779933802.6898813
2.2060469545781856,2.5617890956703406,1779933802.7299259
2.202703929972195,2.568790071739229,1779933802.7499714
2.1951626175390153,2.583795167934827,1779933802.769884
2.191961677102603,2.590464099665989,1779933802.78994
2.1838332267200586,2.605770413869653,1779933802.8300664
2.1808270683315625,2.6119867066159626,1779933802.8497186
2.1729006130246216,2.6276941073567883,1779933802.869683
2.170022565068881,2.6336157577848476,1779933802.8897367
2.161932017480273,2.6494948173935366,1779933802.9298117
2.1592523251709723,2.6549780581319853,1779933802.9499855
2.148570809781827,2.676143998332757,1779933802.989895
2.1399821223248923,2.6922837587359814,1779933803.0300272
2.1375987323826684,2.6971058730852504,1779933803.049985
2.1269171135672233,2.718141879420016,1779933803.0899696
2.118288185016385,2.7349130657597884,1779933803.1299443
2.1161427252057123,2.739214396588278,1779933803.1499627
2.105305891756249,2.760399082396416,1779933803.1899261
2.096006239064739,2.7778886988688685,1779933803.2299678
2.0941877673691827,2.7814940401292025,1779933803.2501118
2.083250508271133,2.8027387988441075,1779933803.2901306
2.0737614169502856,2.820962261724657,1779933803.3300166
2.072234355238849,2.82396079478186,1779933803.349874
2.060974144554412,2.8451333217833086,1779933803.3900132
2.051121842868606,2.863926559631986,1779933803.4299326
2.0498213517503525,2.8664532679624597,1779933803.450016
2.038611860265079,2.8878665652227715,1779933803.4899788
2.028284755998584,2.9074348177964047,1779933803.529882
2.0272713754138794,2.9093868062527277,1779933803.5501006
2.015737262814629,2.9308837556811818,1779933803.5902014
2.004920452985207,2.951278130012128,1779933803.6299605
2.004321783526652,2.9524178986284264,1779933803.650044
1.992815619079749,2.974108717090429,1779933803.6899614
1.9812186348924359,2.995670931079209,1779933803.7501252
1.9696804086831934,3.0172083879602707,1779933803.790029
1.9580810286425332,3.038843658651084,1779933803.849978
1.9464000293089725,3.0606136582999826,1779933803.8900905
1.9345821671716297,3.0823990406441526,1779933803.949994
1.9229440473213695,3.103847366424631,1779933803.98995
1.911285671274514,3.1253155319693255,1779933804.050047
1.8995464073682307,3.146851814387861,1779933804.0900269
1.8878891031127478,3.1682137489534865,1779933804.1497276
1.876111189271445,3.189733210877736,1779933804.1896727
1.8642807046502712,3.2113327440546775,1779933804.250179
1.8523396683547393,3.23316960241476,1779933804.2900913
1.8403622972000069,3.2549238688978903,1779933804.3499367
1.8304185320872137,3.272842320199681,1779933804.3900537
1.8284086046735726,3.2766199487851013,1779933804.4100633
1.8163743807500217,3.2983735742721914,1779933804.449999
1.8067217264130229,3.315661428688288,1779933804.490043
1.804359152842252,3.3201977329840497,1779933804.5100873
1.7922840524763741,3.3419271454850707,1779933804.549985
1.7828817706417006,3.3586744853058463,1779933804.5899243
1.780180634363007,3.363693768868915,1779933804.6099036
1.7680989691210238,3.385568522959777,1779933804.6499856
1.7589236703811346,3.4018355595781005,1779933804.6899438
1.755908739142381,3.4073706779492836,1779933804.7102208
1.7436758348916486,3.429235163696994,1779933804.7499442
1.7348306751582117,3.4448314788308823,1779933804.7899208
1.7315113257832786,3.450967524477105,1779933804.8100917
1.719396637900195,3.4728024834559297,1779933804.8498209
1.710932124620534,3.487672742854103,1779933804.890043
1.7072494113499568,3.4943655557835474,1779933804.9097147
1.6951042942311363,3.5159153883817336,1779933804.949785
1.6869057460450076,3.5302515272109574,1779933804.989629
1.682984018507318,3.5376362014473073,1779933805.0096853
1.6707793478788644,3.5591972505011933,1779933805.049832
1.6628319238201361,3.5730458513247747,1779933805.0901337
1.6584687698522598,3.5808465453081957,1779933805.1100798
1.6506618780785605,3.5944181501104167,1779933805.149853
1.6461479589168608,3.602504310633906,1779933805.1699314
1.6385817156283873,3.6156275550643735,1779933805.189548
1.6339645442454378,3.624083606995796,1779933805.2099233
1.6267269455954876,3.6366176130509382,1779933805.2498922
1.6219597293072863,3.6450695328026397,1779933805.2699728
1.6148709017148308,3.6573195206381475,1779933805.289849
1.609972363335829,3.665917761782434,1779933805.3099034
1.6029849653301085,3.6779647348483984,1779933805.3501604
1.5979793598118994,3.686768406997282,1779933805.370128
1.5911288369464434,3.6985531840650325,1779933805.3899374
1.585951374922976,3.70779481112659,1779933805.4099681
1.5795902000846997,3.718714965613183,1779933805.450146
1.5743345255241212,3.7278892212862558,1779933805.4698765
1.5686334728617328,3.737647197348242,1779933805.4895985
1.5635616871438334,3.746483767784864,1779933805.5095623
1.5582091655759036,3.755627235443771,1779933805.5499463
1.5532659928894623,3.7644366807376914,1779933805.5700357
1.5480297823093727,3.773374493089728,1779933805.5899003
1.5429675043004571,3.78216854395312,1779933805.6098487
1.53781471803212,3.7909467465484017,1779933805.65
1.5326025858822672,3.800010834092686,1779933805.670005
1.5278932765296342,3.8080132493195937,1779933805.6897833
1.522745723937803,3.8169486878510313,1779933805.7097068
1.518770326132319,3.8236833820471303,1779933805.7499764
1.5140266486907414,3.8321476863126183,1779933805.7699318
1.5104106033424651,3.8382697903597793,1779933805.7897868
1.5058197057451579,3.8462173599542457,1779933805.829996
1.502157348818976,3.8524122931759264,1779933805.849934
1.497548590491507,3.860401240404117,1779933805.8699372
1.4939836561052284,3.8664222768647307,1779933805.8900597
1.489288266772999,3.874546609148105,1779933805.9298754
1.4860727965043234,3.8799650165232693,1779933805.9501078
1.4814730251532355,3.888139289327197,1779933805.9696727
1.4789537741181569,3.892376387511619,1779933805.9895961
1.474613704668194,3.899897676160689,1779933806.0295155
1.4723128797992862,3.9037629527520474,1779933806.0496225
1.4682401110282328,3.9108398090516023,1779933806.0695376
1.4658582881863302,3.9148402675633562,1779933806.0896246
1.4618413596480342,3.9219862266384333,1779933806.1296434
1.4595439053620112,3.9258437702984468,1779933806.1496966
1.455370146166918,3.9330478947045666,1779933806.1695716
1.4533927814876393,3.9363615482226155,1779933806.1898985
1.4493026956528292,3.9434607176257557,1779933806.229992
1.4478106865779081,3.9459548204119383,1779933806.2500181
1.4440984813705602,3.952420269351973,1779933806.2697544
1.4427307012960313,3.9547057315620404,1779933806.289795
1.4393920740056627,3.9607890166529387,1779933806.3298225
1.4379512932441214,3.9632004822746607,1779933806.349894
1.4345559058261588,3.969116737495244,1779933806.3698928
1.4331068088678027,3.9715409098758454,1779933806.3897576
1.4296563590665583,3.97751996435235,1779933806.429863
1.4285464649771107,3.979373271048354,1779933806.4500122
1.4247083028780019,3.986200832887594,1779933806.4899404
1.4219171301918934,3.991067511602064,1779933806.529968
1.4212735083672194,3.992141283760619,1779933806.5499797
1.4180231780883785,3.9977681715584743,1779933806.5900998
1.415627108694441,4.001993829227047,1779933806.6299534
1.4148366605035287,4.0033142095830705,1779933806.650049
1.411847324473787,4.008719875335845,1779933806.6899357
1.409476440393906,4.012870132373364,1779933806.7298543
1.4090413990693202,4.013596904884696,1779933806.7500427
1.4064550015335138,4.018097074889704,1779933806.789947
1.4044235887212018,4.021651610883253,1779933806.8299189
1.4039513058162079,4.022441251474937,1779933806.8500154
1.4015308582987343,4.026772297967105,1779933806.8900058
1.399464878443141,4.030357655376667,1779933806.9299858
1.3991072238182356,4.030956295298792,1779933806.9501407
1.3967579310922742,4.035007058927182,1779933806.989933
1.3947557602687353,4.0385628649547085,1779933807.0300086
1.3944624316214498,4.039054306110461,1779933807.0501058
1.3921236431741983,4.043062725113589,1779933807.0899622
1.389784756756049,4.0470653079630585,1779933807.1499884
1.3874107967094853,4.051120302455111,1779933807.189984
1.3850679543464566,4.055188759871909,1779933807.2501876
1.3827379139410334,4.059161179396465,1779933807.2898633
1.3804303249275485,4.06309864675019,1779933807.3500578
1.3781450500044223,4.067050343398818,1779933807.3900337
1.375819295504234,4.071015683854107,1779933807.4500256
1.373440660510382,4.075066846868202,1779933807.4899623
1.371048307470643,4.079142767367909,1779933807.549998
1.3686575173945803,4.083249978940477,1779933807.5899112
1.3662629423259793,4.087330918527592,1779933807.6499324
1.364275426631783,4.090724135975185,1779933807.6898634
1.363137578152323,4.092681783893273,1779933807.7499597
1.3626399869861228,4.093528146477661,1779933807.789784
1.3625598105417327,4.093671256311375,1779933807.8096197
1.3621135332099303,4.09443284158382,1779933807.8497255
1.3617624710797067,4.095028181016174,1779933807.8897295
1.361705024495114,4.095127290467102,1779933807.9096801
1.361385217990234,4.095666698650609,1779933807.9498916
1.3612616803010409,4.0958767924895145,1779933807.9897187
1.3612442892437924,4.095902365211174,1779933808.0096688
1.361207492870977,4.095957996689107,1779933808.0497549
1.3611749659691332,4.0960127582034085,1779933808.0898728
1.361188008335768,4.095981418339476,1779933808.109748
1.3611682105124026,4.095991163299233,1779933808.14966
1.3611396278752186,4.096039169101511,1779933808.1898458
1.361153772005428,4.096001092047693,1779933808.2097256
1.361139841532467,4.096008675215978,1779933808.24966
1.3611135649017738,4.09605294276478,1779933808.289758
1.3611215832104289,4.096010384693876,1779933808.3096807
1.361109182864088,4.096018105339846,1779933808.3497527
1.3610835256591027,4.096061469443985,1779933808.3897846
1.361095170884428,4.09602325720764,1779933808.4096713
1.3610706181127434,4.096064802674032,1779933808.449882
1.3610815859138308,4.096027353817251,1779933808.4697511
1.3610580476003924,4.096067228963035,1779933808.4896166
1.3610633488590242,4.096027655857824,1779933808.5097237
1.361040604542058,4.096066217896968,1779933808.5498269
1.3610534141209103,4.096032589209386,1779933808.5697796
1.3610320782539171,4.096068814042679,1779933808.5897906
1.3610428778193093,4.096035122679111,1779933808.6096177
1.3610224710290761,4.0960698075436905,1779933808.6496887
1.3610270804260465,4.09603379985011,1779933808.6698368
1.3610073479759142,4.096067366004091,1779933808.6896343
1.3610191769081377,4.096037004504647,1779933808.7095594
1.36100073181345,4.096068416772575,1779933808.7498257
1.3610119129970484,4.096039604084245,1779933808.7698376
1.3609946211292687,4.096069079315407,1779933808.7897134
1.3610041066698058,4.096040924292824,1779933808.8097892
1.3609878181860622,4.096068710650567,1779933808.8497703
1.3609926952558153,4.096039142079187,1779933808.869827
1.3609771769879593,4.09606563163637,1779933808.889672
1.360987323473335,4.096040772705192,1779933808.9094803
1.3609728517383057,4.0960654984102565,1779933808.9497297
1.3609826782199979,4.096041806139528,1779933808.9700851
1.360969013011977,4.09606517241499,1779933808.9897292
1.3609781596962602,4.0960422791993825,1779933809.009739
1.3609652176524671,4.096064424445535,1779933809.0503724
1.3609716376960388,4.096041181360791,1779933809.0698476
1.360959344263528,4.096062229548543,1779933809.08984
1.360968328238706,4.096042135050343,1779933809.1096385
1.3609569203130487,4.096061680107067,1779933809.1497529
1.3609656629935643,4.096042635818737,1779933809.1695883
1.3609549176943088,4.096061057051752,1779933809.1896358
1.360963198911754,4.096042837015517,1779933809.209549
1.360961783769889,4.096041733147751,1779933809.2295873
1.360951457413057,4.096059446876419,1779933809.2498484
1.3609597431583238,4.096042228268162,1779933809.2698834
1.3609501095057053,4.096058762908383,1779933809.289694
1.3609584407788313,4.096042548028782,1779933809.3295748
1.3609493148283285,4.096058220031771,1779933809.349631
1.3609575049076568,4.096042797904546,1779933809.3696976
1.3609488563529548,4.096057657489883,1779933809.3896418
1.3609565116176263,4.096042723053037,1779933809.4296317
1.360948253533608,4.096056918589065,1779933809.449688
1.3609560605336681,4.096043115161229,1779933809.4696164
1.360948327066007,4.096056414436478,1779933809.489894
1.3609558928819372,4.0960433836451005,1779933809.52962
1.3609485991749233,4.09605593177444,1779933809.5496922
1.3609559687378232,4.096043670267439,1779933809.5697396
1.3609491003347594,4.096055491130094,1779933809.589699
1.3609567070253643,4.096043986737999,1779933809.6297295
1.3609501204730692,4.096055327064271,1779933809.6497078
1.3609571096774689,4.096044387140089,1779933809.6695402
1.3609979386553959,4.095973989185325,1779933809.689884
1.3610424280362923,4.095898820844827,1779933809.7296665
1.3609813944850464,4.096004018652373,1779933809.7497945
1.3609707745817514,4.09602598550813,1779933809.7697208
1.3608089477109742,4.096305084741854,1779933809.7896917
1.3606806345256652,4.096553877040831,1779933809.8296728
1.3605862180261494,4.096716756452866,1779933809.8496773
1.3604134992895838,4.097040263483631,1779933809.8694994
1.3603433916682925,4.097161162232938,1779933809.889733
1.3601639934573095,4.097518604301479,1779933809.9295943
1.3601287777191309,4.097579221423408,1779933809.9499152
1.3599994441767724,4.097885490861084,1779933809.9897552
1.3598918826889281,4.0981104649324305,1779933810.0296197
1.359915492737798,4.098069765764797,1779933810.049993
1.3598544497889802,4.098211451445455,1779933810.0899296
1.359826873687442,4.098328905031815,1779933810.1298673
1.359815735420067,4.09834793041229,1779933810.149894
1.3597123712274564,4.098555077777999,1779933810.189794
1.359622087557171,4.098741917557053,1779933810.2298548
1.359543153612518,4.098876755018345,1779933810.2501128
1.3593496297582115,4.099235938523466,1779933810.2898908
1.3591853895432973,4.099571260689017,1779933810.329864
1.3591607317742223,4.09961308338657,1779933810.3500512
1.3589552751300649,4.099985017029699,1779933810.389932
1.3587640954223847,4.100330984250856,1779933810.429857
1.3587288253914562,4.100390764288429,1779933810.4500535
1.358500563825072,4.100796087416784,1779933810.4900763
1.3582914888645596,4.101187470969936,1779933810.5299625
1.3583114261203335,4.101153505474303,1779933810.550099
1.3581275952474083,4.101478701628433,1779933810.590045
1.357947083692428,4.1017962204373335,1779933810.649985
1.357773230540727,4.102113170869647,1779933810.6899977
1.357597973795751,4.102417801405781,1779933810.7500422
1.357427728342211,4.1027118588896725,1779933810.7900417
1.3572596015431837,4.103001351045335,1779933810.8499444
1.3570940195110635,4.103292751121468,1779933810.889974
1.356926369782557,4.1035782798214315,1779933810.9500434
1.3567741657731116,4.103836310205592,1779933810.989916
1.3566463130342723,4.104057220086127,1779933811.0498745
1.3565249629361,4.104261795813876,1779933811.089999
1.3564050915285986,4.104462851345787,1779933811.1500587
1.3562980589878477,4.104641618780128,1779933811.1899774
1.356207715236378,4.104795235724198,1779933811.2500753
1.3561338540883512,4.104916729285254,1779933811.2900162
1.35612077366565,4.1049400067450055,1779933811.3099682
1.3560344195567224,4.105083149670691,1779933811.3500047
1.3559638567723944,4.105198945303518,1779933811.3899546
1.355948111617465,4.105226977895932,1779933811.4099143
1.3558479257967428,4.105392145568263,1779933811.4501486
1.3557210149182686,4.105600268997073,1779933811.4899774
1.3556878193227233,4.105655443004714,1779933811.510131
1.3554750485579945,4.106003968064063,1779933811.5500112
1.355308435593367,4.106275820721103,1779933811.5899477
1.3552529049989464,4.106367105800331,1779933811.6101193
1.3550294791998287,4.106731048446529,1779933811.6499474
1.3548669488376386,4.106995293378539,1779933811.6899123
1.354804332624888,4.107097115607147,1779933811.7099183
1.3545711718210027,4.107475562713701,1779933811.7500215
1.3544015663852702,4.107750610133936,1779933811.789754
1.3543266734262573,4.1078715348756285,1779933811.8099844
1.3540833626122886,4.10826495102225,1779933811.849942
1.3539214623508273,4.1085266382840775,1779933811.8899336
1.353839350659,4.108658827517244,1779933811.909525
1.3535940158800233,4.109053996459336,1779933811.9499438
1.3534328704262715,4.109313777136027,1779933811.9897068
1.353341883614978,4.109459527982828,1779933812.009601
1.3531771835526676,4.109724670146373,1779933812.0497017
1.3530803272368475,4.109879770301701,1779933812.0695415
1.3529193298381814,4.110138537359025,1779933812.0895593
1.3528174246657718,4.110301195190265,1779933812.1094713
1.3526596733617249,4.110554358932406,1779933812.14993
1.3525531772831154,4.110723624763911,1779933812.1698453
1.352399639632143,4.110969635667821,1779933812.1897027
1.3522904763439334,4.1111434059035235,1779933812.2099357
1.3521213091086355,4.111414247903242,1779933812.2500303
1.352001301725834,4.111605392720468,1779933812.2700105
1.3518201100135852,4.1118951188606125,1779933812.289952
1.3516855789654088,4.1121095280115965,1779933812.3098912
1.3515108946885686,4.112388326455964,1779933812.350021
1.3513659493787604,4.112617009376119,1779933812.369817
1.3511976883195942,4.11288506082366,1779933812.3895974
1.3510490176950702,4.11311975375713,1779933812.4099042
1.350883817157214,4.113382504691096,1779933812.4499528
1.350731104112312,4.113623660535602,1779933812.4699981
1.3504940892162587,4.1140008010583315,1779933812.489897
1.3502943969431422,4.1143138984329495,1779933812.5099435
1.3500012786819748,4.1147794951061805,1779933812.5499942
1.3497431723769617,4.115186153485918,1779933812.5697086
1.34947399269674,4.115612390032318,1779933812.5895958
1.3491919400917627,4.11605477481483,1779933812.6095638
1.3489355773240554,4.116459790998238,1779933812.649948
1.3486412873680753,4.116921206298737,1779933812.6696265
1.3483927821163109,4.1173130850500765,1779933812.68953
1.3480866916560001,4.117787732563186,1779933812.7099724
1.3477989240827966,4.1182410067993525,1779933812.7499015
1.3474615208045355,4.118767184646951,1779933812.7697093
1.3471440975746316,4.119266343693197,1779933812.7896492
1.3467589460449025,4.119863866509647,1779933812.8298342
1.3464655471820972,4.120323880048248,1779933812.849705
1.346058802086166,4.120954689421629,1779933812.869592
1.3457787019362808,4.121392850349876,1779933812.8896728
1.3453544753969777,4.122051289039819,1779933812.9295723
1.3451686917542698,4.1223404809053115,1779933812.9496527
1.344794343894638,4.122926554758842,1779933812.9696617
1.3450653322142452,4.122498948375705,1779933812.9896486
1.3450328055311065,4.122551076268761,1779933813.029596
1.3455404312997374,4.1217553848122215,1779933813.0496688
1.3459085427655728,4.121186179186193,1779933813.069706
1.346225525106112,4.120691931184951,1779933813.0895298
1.3467252893690707,4.119913935329717,1779933813.1300666
1.3469754779451157,4.119525318053931,1779933813.1497242
1.3475270558190815,4.118668673387301,1779933813.1696067
1.3479391170024484,4.118027988219434,1779933813.1897166
1.3486632845970858,4.116904223482723,1779933813.2298703
1.3492169508147718,4.116044347342709,1779933813.249641
1.3502007730880907,4.114520521187674,1779933813.269605
1.350653568379568,4.11381954018056,1779933813.2897782
1.3517571950833631,4.112112319462289,1779933813.3296976
1.3521422690523892,4.111517803155764,1779933813.3496997
1.3532998821524918,4.10972957884526,1779933813.3696246
1.3536542034189327,4.1091835246022255,1779933813.3896408
1.3548466211000287,4.107344623806062,1779933813.4296377
1.3552358139725418,4.106745122501194,1779933813.44966
1.3569052558445043,4.104174380568504,1779933813.4898398
1.3582629469492769,4.102088032733882,1779933813.5296986
1.3585987817410148,4.101572799459368,1779933813.5496576
1.3602996232222606,4.0989637259684555,1779933813.5898871
1.3617229686364005,4.096788527207049,1779933813.629683
1.3620058471324386,4.096356204983368,1779933813.6499763
1.3636742840219245,4.093806964582546,1779933813.6897893
1.3650966125594521,4.091638273904023,1779933813.72971
1.36526642665658,4.09138051406874,1779933813.7495801
1.3667964137544866,4.089051284749538,1779933813.7898808
1.3681362413270624,4.087022065096519,1779933813.8297424
1.3683067884012199,4.086763375469711,1779933813.8499637
1.36980703203465,4.084487475469698,1779933813.8898876
1.3711604749725457,4.082439065590152,1779933813.92995
1.3712451857878432,4.082311751321196,1779933813.9500341
1.3724896641746753,4.080442036299432,1779933813.9900672
1.3735995888417067,4.078771600644497,1779933814.0298266
1.3735309392215058,4.078877211136753,1779933814.0500743
1.3744917831902161,4.077433016751069,1779933814.0900586
1.3753858462071238,4.076098344059926,1779933814.129866
1.375431932267258,4.076029122196442,1779933814.1500723
1.3763893076124722,4.074612892012765,1779933814.1900215
1.3773370778100806,4.073202230251455,1779933814.2499921
1.3782427625138955,4.071854905741504,1779933814.2902312
1.379144533893482,4.070535639554473,1779933814.3499975
1.3800408119908016,4.069221079818578,1779933814.3900323
1.3809490567991114,4.067888508219052,1779933814.4499433
1.381856160869005,4.066557686639237,1779933814.490037
1.3827639264017249,4.065256921974497,1779933814.5500488
1.3836522550324966,4.063975235193428,1779933814.5900185
1.3845405539329516,4.062693356342359,1779933814.6500182
1.3855206121156487,4.061275428929783,1779933814.6899586
1.386648190165893,4.059684812399059,1779933814.750062
1.3877939595658755,4.05805198186188,1779933814.7899396
1.388953587527499,4.05640079340514,1779933814.8499498
1.3899158349176868,4.055007275625979,1779933814.8899448
1.390139526025265,4.054754511354307,1779933814.9100666
1.3913429679326441,4.053056913057941,1779933814.9502501
1.3923473272453546,4.0516134066139715,1779933814.9899743
1.3925998022132182,4.051284098300884,1779933815.010033
1.3938817984525684,4.049491975959434,1779933815.0498996
1.3948486714190031,4.048112819849913,1779933815.0899713
1.3951888381009574,4.04771234349587,1779933815.1102448
1.3964635256265205,4.045945455549054,1779933815.1497269
1.3973638449742989,4.044673476078306,1779933815.1898658
1.3977041983818843,4.044229066822778,1779933815.210052
1.3989286447835516,4.042590180695041,1779933815.2500017
1.3997600432778443,4.041425739875611,1779933815.2899902
1.400123682642479,4.040964664123484,1779933815.3100674
1.401321365900172,4.039336428777204,1779933815.349953
1.4021346773201095,4.0382063684526015,1779933815.389911
1.4025181316263844,4.037710384057431,1779933815.4100883
1.4039521160098818,4.035814653007816,1779933815.450022
1.4049983480184551,4.034371738524593,1779933815.489938
1.4055326983969154,4.033695558446538,1779933815.5099325
1.4070795025161762,4.031630785853667,1779933815.549881
1.4080556034231133,4.030300751227023,1779933815.5898519
1.4086284180831552,4.02956696194938,1779933815.609955
1.4095906750339575,4.028261655527731,1779933815.6499157
1.4102255677427353,4.027519349031979,1779933815.6699362
1.4111928275504917,4.026215755810318,1779933815.6897643
1.411836296937466,4.025421677234019,1779933815.7096536
1.4128332818431721,4.0240847221947424,1779933815.7497683
1.4135204942999917,4.0232295796539175,1779933815.7699914
1.4145129603970668,4.021906227821738,1779933815.7898679
1.4152794659838714,4.021011726239657,1779933815.8099635
1.41624433320431,4.0197353244361365,1779933815.850064
1.4170020458453034,4.018795772761412,1779933815.869934
1.4179525324420017,4.017545300149523,1779933815.8897836
1.4187441818822926,4.016579891794678,1779933815.909777
1.41973528511346,4.015282079987355,1779933815.9499085
1.4205777884826596,4.014248061399725,1779933815.969947
1.4215452812867275,4.0129892439974855,1779933815.989784
1.42247081999814,4.011920772398361,1779933816.00977
1.4233530635993348,4.010783760799895,1779933816.0498693
1.4242441023812007,4.009702534720423,1779933816.0697787
1.4251208050660333,4.008578223656771,1779933816.0897875
1.4260394323826324,4.007490025699813,1779933816.1097093
1.4269017479216575,4.006391087786147,1779933816.149928
1.4278791188980817,4.005296124294428,1779933816.1699898
1.4287808858878408,4.004154806532269,1779933816.1897652
1.4297821621154525,4.002980750493054,1779933816.2097404
1.4305949401128877,4.001961810571122,1779933816.2498453
1.4315976986388155,4.000784133308834,1779933816.2698252
1.432281362926593,3.9999353336533314,1779933816.2897825
1.433239630393414,3.998844700362375,1779933816.3297646
1.4339333462068506,3.9979868592835066,1779933816.3497932
1.4349340034892315,3.996920798646952,1779933816.3698442
1.4356133191818055,3.9960879045857265,1779933816.389758
1.436591183812729,3.994987059509326,1779933816.429845
1.4372964364421195,3.9941274665588806,1779933816.44983
1.4383121605872877,3.9929771779000625,1779933816.4698784
1.439036017856839,3.9921005447244813,1779933816.48977
1.4401280728613393,3.9908877716721136,1779933816.5299907
1.4408261535286708,3.990049807087156,1779933816.5498874
1.442012330739299,3.9888035103956856,1779933816.569769
1.4426754659040821,3.988016196992997,1779933816.589774
1.4438568528810622,3.986721565905589,1779933816.6299012
1.444501998850881,3.985962091788202,1779933816.6498835
1.445711104676251,3.9846330288634144,1779933816.6698961
1.4463508030321184,3.9838853510192127,1779933816.6897438
1.4476829308482515,3.982545592746563,1779933816.7299426
1.4483044675157317,3.9818274735714025,1779933816.7500527
1.4496183819440203,3.980400894002989,1779933816.7699327
1.4500895684953243,3.9798653815651766,1779933816.7899413
1.4513584889011157,3.978529395895909,1779933816.8300185
1.451731787037192,3.978111014724403,1779933816.8499439
1.4528935813750101,3.9768938705183077,1779933816.8697398
1.45330639938843,3.97643074730584,1779933816.889764
1.4545318468283952,3.9752937832413604,1779933816.929927
1.4550972321914175,3.974660510678505,1779933816.9498708
1.4563950652080053,3.973319710621292,1779933816.969685
1.4570438112023139,3.9725989654448686,1779933816.989713
1.4585633195758747,3.971061895474421,1779933817.0298703
1.4589035015113199,3.9706969176204483,1779933817.0498412
1.4605133291850818,3.969072685175516,1779933817.0899386
1.4618366263281175,3.9679224751307616,1779933817.1299477
1.462110323479969,3.967634416294947,1779933817.1500142
1.4635987833995214,3.966170866217239,1779933817.1899998
1.4648097026725417,3.965032856961361,1779933817.2298682
1.4650137986736784,3.964823641418308,1779933817.249995
1.4664492805629992,3.963591572407194,1779933817.2902706
1.4675935883267617,3.962544088953119,1779933817.3299332
1.467887320697146,3.962243355700227,1779933817.3500035
1.469352778449891,3.9608677487474164,1779933817.3899713
1.470643650434089,3.959702482310013,1779933817.4298313
1.470849304501164,3.959498504165061,1779933817.4499915
1.4724485393139732,3.9581191244609926,1779933817.4899557
1.4738732849168112,3.9568523290871145,1779933817.5295794
1.4739857545786645,3.9567460606197424,1779933817.5496826
1.4753841639666296,3.955509767217438,1779933817.5903172
1.4767251213491728,3.9544598643077418,1779933817.6299264
1.4767890470474856,3.954401359645293,1779933817.6500385
1.4781113919684161,3.9532574096009787,1779933817.6901495
1.4794348267714905,3.9521443379474195,1779933817.7499647
1.4807036321632718,3.951080787222506,1779933817.7900093
1.481972915399718,3.9501447196594612,1779933817.8503432
1.4831644209573456,3.9491738184722043,1779933817.890067
1.4843664416374236,3.948220319331759,1779933817.9500816
1.4855137516242485,3.947409682061956,1779933817.9900994
1.4864734785285212,3.94668484941239,1779933818.0501008
1.487405538071936,3.945973523990938,1779933818.0899484
1.4883424686881574,3.945278851731891,1779933818.1501224
1.4893217249623012,3.9446224970816703,1779933818.1900177
1.4903632574516636,3.943857035009105,1779933818.2497637
1.4912848025060683,3.9431937819414475,1779933818.2896311
1.4919209822429877,3.9427773607919367,1779933818.3497298
1.4923750771119184,3.942436669275789,1779933818.3896368
1.4925126306032264,3.9424397301231946,1779933818.4097836
1.4930513607301943,3.9420882912818223,1779933818.4496763
1.4933514075034018,3.941874001835483,1779933818.489652
1.4934344984571986,3.941849225572873,1779933818.5096967
1.4939065915187284,3.9415817830532687,1779933818.549708
1.4944662365870536,3.9411757087309,1779933818.589934
1.4946216865608093,3.941107653076884,1779933818.609875
1.49538178256882,3.940609854743854,1779933818.64984
1.4959669263542121,3.9402105664883336,1779933818.6898155
1.4961563565530323,3.94010512257742,1779933818.709957
1.4970739343971935,3.9395431281664726,1779933818.7497385
1.4976393923687008,3.939176003471934,1779933818.7899745
1.4978650865105771,3.939061919126511,1779933818.8099797
1.498395324017746,3.938756107848548,1779933818.849987
1.4987433917531106,3.9385380430834265,1779933818.889914
1.4989079867564858,3.93847876168061,1779933818.9100056
1.4993995264727353,3.93819462529911,1779933818.9499674
1.4997529098968632,3.937977847292175,1779933818.9898853
1.4999193387362606,3.937900504681091,1779933819.009964
1.5004658111999143,3.937589728231119,1779933819.0498552
1.500825381064858,3.9373778407553286,1779933819.0899
1.5010214811198117,3.937293769196052,1779933819.1101081
1.5013739689771983,3.937090816307634,1779933819.149899
1.5015714385372059,3.9369922772854067,1779933819.1699038
1.5019201847758552,3.9367953791599137,1779933819.1898394
1.5021264349401904,3.936697810297333,1779933819.2099426
1.5025382687771678,3.93646724181162,1779933819.250018
1.5027777461107836,3.9363490136872294,1779933819.2698762
1.5030337798738433,3.9362157048475064,1779933819.289713
1.503233996822497,3.9361315579664584,1779933819.3097782
1.5032811575508491,3.9361169256434936,1779933819.349953
1.5033696999466324,3.9360809711471556,1779933819.3698661
1.503440167046206,3.9360462822592943,1779933819.389714
1.503495427261381,3.9360303459205706,1779933819.4097488
1.5035720480180155,3.9359908549451617,1779933819.4498866
1.5036182234617164,3.9359828906159593,1779933819.4698703
1.5036764152553408,3.935953576461199,1779933819.4897048
1.5037094476588218,3.9359456489800926,1779933819.5097156
1.5038185670113402,3.935889628469597,1779933819.549813
1.5038732789412348,3.9358685263593824,1779933819.5698535
1.5040427293535903,3.9357838549712136,1779933819.5898795
1.5041423057719847,3.935743221896948,1779933819.6096961
1.5042956874042812,3.935670539172735,1779933819.6499083
1.5044131377251162,3.9356238097348384,1779933819.6698594
1.504557789684094,3.935557770689021,1779933819.6899083
1.504683123573992,3.9355060037507124,1779933819.709701
1.5050005623065896,3.935359128058459,1779933819.7498505
1.5052337858060272,3.9352606453848273,1779933819.7697778
1.5057057761055932,3.9350489911556763,1779933819.7897851
1.506095305423823,3.9348880473495584,1779933819.8096454
1.5065255442622876,3.9347060002690957,1779933819.849855
1.5069875952502183,3.9345216215877414,1779933819.8697941
1.5073838499892338,3.934361420050811,1779933819.8897543
1.507875696421459,3.934169116418212,1779933819.929853
1.5082603095096916,3.934018657542678,1779933819.9500797
1.5087696243897573,3.93382403802648,1779933819.96989
1.5090730319873846,3.9337114846628127,1779933819.9896095
1.5095546134390516,3.9335400622462027,1779933820.0299203
1.509742219694554,3.9334769466965667,1779933820.0499792
1.5101446537839016,3.9333333931419716,1779933820.069682
1.5103157092034412,3.933275686999279,1779933820.0896604
1.5106641769576892,3.933157473902159,1779933820.1299171
1.5108549626532757,3.933091949092019,1779933820.149794
1.5111927518831045,3.932979343480928,1779933820.1697319
1.5113840047110516,3.932914756836143,1779933820.1897116
1.511727605747357,3.932807558863568,1779933820.2299044
1.511920801809573,3.9327438981013283,1779933820.2497714
1.5122780772784854,3.932632147344029,1779933820.2696173
1.5124231908826788,3.932587424978403,1779933820.289631
1.5127606523379116,3.9324872330841716,1779933820.3297777
1.5128615494661741,3.9324584151862294,1779933820.350163
1.5131607131658524,3.9323748076299347,1779933820.3698428
1.5132772095259723,3.93234075956721,1779933820.3897943
1.5135664995165108,3.932261434874215,1779933820.4299195
1.5136854452301014,3.932227395057389,1779933820.4499054
1.5139783892218923,3.932148217309856,1779933820.4696681
1.5141621475008518,3.93209484287853,1779933820.4896998
1.514519346701688,3.93200339629488,1779933820.5299246
1.5146958514285058,3.931954755880875,1779933820.5498576
1.51521352390841,3.9318287393151143,1779933820.5900936
1.5156136872264176,3.931733954204374,1779933820.6298287
1.515722943758247,3.931707756399356,1779933820.6499474
1.5162317375316074,3.9315901707037235,1779933820.6899989
1.516639190370622,3.931502062679021,1779933820.7299612
1.516730859633756,3.9314821184056528,1779933820.7499473
1.5173105995408727,3.9313596687962775,1779933820.7899625
1.5178098679651681,3.9312609548105186,1779933820.8299048
1.518027621021462,3.9312126198343185,1779933820.8500915
1.5188045354182864,3.931062409749905,1779933820.889766
1.519492439197136,3.9309446409513296,1779933820.9300332
1.5195982470700387,3.9309259441965536,1779933820.9500499
1.520428791057111,3.930782946976898,1779933820.9899313
1.521188835632318,3.9306623454062097,1779933821.029989
1.5213348204518873,3.9306370976282934,1779933821.0500667
1.522304017491719,3.9304886589572963,1779933821.0900152
1.523225830172343,3.9303657308406934,1779933821.129955
1.5232960932198971,3.9303564242303266,1779933821.1500273
1.5243007438260887,3.930223915054311,1779933821.1899185
1.5253076758977282,3.930104982688818,1779933821.249629
1.5261852194465064,3.930023158420107,1779933821.2900085
1.5268676080073793,3.9299653414172164,1779933821.3500826
1.5274610904343426,3.929913202812103,1779933821.3900156
1.5280313093033973,3.9298714941840944,1779933821.450078
1.5285679558876581,3.929844646680283,1779933821.4902074
1.5289837004660618,3.929827498812719,1779933821.5501423
1.5292775547960236,3.9298162976639697,1779933821.5900242
1.5295252427675452,3.9298115406905176,1779933821.65009
1.5297600087614498,3.929814373920725,1779933821.6901128
1.5303110810394467,3.929793710996489,1779933821.750057
1.531363388322577,3.929762420519119,1779933821.78999
1.5326391225231604,3.9297617794481297,1779933821.850098
1.5339677082236214,3.9297810915628864,1779933821.8899994
1.5353182707608628,3.9298128713353484,1779933821.950066
1.536364813078868,3.929846906005994,1779933821.9900277
1.5365724927185118,3.929855059223415,1779933822.010099
1.5376947740655016,3.929920016119587,1779933822.050001
1.5385541490765173,3.929964482624799,1779933822.0899727
1.5387642109097794,3.929990223632995,1779933822.1101737
1.5398273397407776,3.9300639342707075,1779933822.1502042
1.5406509066538716,3.9301218560373044,1779933822.189892
1.540891444789765,3.930154159289956,1779933822.2097929
1.541736319787788,3.9302374758522323,1779933822.2498946
1.5421008417437259,3.9302837045296513,1779933822.2897227
1.5422440046159662,3.9303107906945165,1779933822.3098311
1.5426078862536239,3.9303609546654448,1779933822.3498523
1.5428551605436462,3.9303894179567345,1779933822.389858
1.5429497498974534,3.9304123687956873,1779933822.4098213
1.5432821631301898,3.930458720617755,1779933822.449832
1.5435825875373455,3.930494402553846,1779933822.489579
1.5437021087595801,3.93052186568712,1779933822.5097752
1.5441882040310861,3.9305930997505243,1779933822.5496871
1.544493827775331,3.9306395909351117,1779933822.5896738
1.544650271779106,3.9306720448744756,1779933822.610096
1.544945493102332,3.93072014899631,1779933822.6498396
1.5451077728128821,3.9307511299219007,1779933822.6697743
1.545397832624632,3.9308014677313308,1779933822.6898787
1.545564733003761,3.9308411620490187,1779933822.70952
1.545802591423207,3.9308870082146203,1779933822.7496092
1.5459602522853861,3.930923754749494,1779933822.7695816
1.5461387793398076,3.9309614615649267,1779933822.789586
1.5462705315756653,3.9309966538992644,1779933822.809679
1.5464414928735954,3.9310329844427887,1779933822.8503942
1.546564806573176,3.931062290501945,1779933822.8696978
1.546733886787076,3.9310990209363816,1779933822.889602
1.5468587129897151,3.93112493905155,1779933822.9097123
1.5470238257211162,3.9311622348877853,1779933822.9496825
1.5471521740414305,3.9311964460014583,1779933822.9696064
1.5473542003751113,3.931242564495608,1779933822.9895048
1.5475072183211558,3.931286732158688,1779933823.009509
1.5476966865845159,3.931333481776916,1779933823.0495288
1.5478622270637756,3.9313778729702284,1779933823.0694704
1.5479996530482973,3.931415346805493,1779933823.0894747
1.5481503276896547,3.9314593531530595,1779933823.1095424
1.5482892330149094,3.931497530487489,1779933823.1495347
1.5484368292870905,3.931540784868473,1779933823.1695304
1.5485749580895143,3.9315799284541133,1779933823.1894615
1.5487233340805073,3.9316285199950465,1779933823.2095785
1.5487827066714508,3.9316489732885915,1779933823.2495253
1.5488915908766805,3.9316830949777835,1779933823.2695425
1.5489666373154234,3.9317065751938385,1779933823.2895625
1.5490644879595903,3.93173921548087,1779933823.3298573
1.5492144650218327,3.9317836897510636,1779933823.3497784
1.5493564505389383,3.9318307920896802,1779933823.3697262
1.5494836313989109,3.931871671854456,1779933823.3896713
1.5496409567726708,3.931928635879951,1779933823.4296844
1.5497580488605305,3.9319682949777395,1779933823.4497502
1.5499252708196947,3.9320274500413097,1779933823.469657
1.5498212342793167,3.931999466518184,1779933823.4896662
1.5498427997306132,3.9320097244515506,1779933823.5295284
1.5499397899718805,3.932041446282694,1779933823.5498254
1.550009852522736,3.932067013893474,1779933823.5696826
1.5504222317867953,3.9322066798353927,1779933823.589658
1.550755103278757,3.93233500149025,1779933823.629833
1.5510330602739972,3.932439322379804,1779933823.6501129
1.5514598456522615,3.932603618048815,1779933823.6694968
1.5516845894958693,3.9326933758264304,1779933823.6895177
1.5521431930949738,3.932878034306204,1779933823.7294998
1.5519460390483533,3.9328149101084184,1779933823.7496288
1.5521057690886442,3.93287705806273,1779933823.769478
1.5520512705068858,3.932859308670787,1779933823.789492
1.5521077301192772,3.932879124333942,1779933823.8294797
1.552488598814452,3.933028791032539,1779933823.8496072
1.5528368360606215,3.93316827700223,1779933823.8695357
1.5530624713328598,3.9332643122648965,1779933823.889496
1.5535016907355021,3.9334547233211916,1779933823.929534
1.55367279332867,3.9335318402610984,1779933823.9498432
1.5540806536487914,3.9337185558038983,1779933823.98998
1.5543872174714788,3.933843857561008,1779933824.0295777
1.5543251738932349,3.9338207619976506,1779933824.0496438
1.5546327627279362,3.9339531041130265,1779933824.0898762
1.5548851735791638,3.934064743237785,1779933824.1295753
1.5549749818925782,3.934107681327089,1779933824.1496158
1.555327296049988,3.9342687662208333,1779933824.1899116
1.5556287672438975,3.9343945762910604,1779933824.2297578
1.5554739978426504,3.934324620632861,1779933824.2498586
1.5555394392945125,3.9343452730829607,1779933824.29028
1.5555755215195664,3.9343503808502964,1779933824.3300257
1.5558116858698712,3.9344644490034657,1779933824.349775
1.5561797416861503,3.934640583512059,1779933824.3899035
1.556532642088901,3.934795966978161,1779933824.4297748
1.5565872828183176,3.9348245651680935,1779933824.4497728
1.5563211030725719,3.9346868855148385,1779933824.4896278
1.5559329445453112,3.9344581850141935,1779933824.5296912
1.5558555207847797,3.934417452385707,1779933824.549628
1.5561386862812037,3.9345173120355788,1779933824.5899289
1.5565394401094812,3.934720837416763,1779933824.629787
1.5567855238304193,3.9348489447464203,1779933824.6498282
1.5575500721450544,3.9352496091314526,1779933824.6901827
1.558616383869399,3.935810901865569,1779933824.7504413
1.559613828596633,3.936315537841445,1779933824.7900739
1.5600378002768238,3.936530752761188,1779933824.8501165
1.5601775412879557,3.9365787940407797,1779933824.8899782
1.5602437951133556,3.936556255412055,1779933824.9500465
1.5602857162439754,3.9365514309798493,1779933824.9898934
1.5603276815276148,3.9365480772761012,1779933825.0502496
1.560350095632296,3.9365356415399337,1779933825.0906608
1.5603771814162124,3.9365070627647456,1779933825.1501048
1.5603890012760249,3.936494236322116,1779933825.189713
1.5603998247610602,3.9364823905731825,1779933825.2506835
1.5604100765929492,3.9364718041902926,1779933825.2900157
1.560428230753403,3.9364544047741448,1779933825.3496523
1.5604297918266892,3.936455202739155,1779933825.3897336
1.5604365927542863,3.936447310092776,1779933825.4099357
1.5604444237276789,3.9364412472703325,1779933825.449817
1.5604460522167107,3.9364420871734795,1779933825.489959
1.5604579110195111,3.9364315967685615,1779933825.50993
1.560464047911287,3.93642807098703,1779933825.5499668
1.5604657597507623,3.9364289887027413,1779933825.5898952
1.5604697052760137,3.9364253533802964,1779933825.6100316
1.5604749477794317,3.9364234202460175,1779933825.6500196
1.5604766691124214,3.936424346622191,1779933825.6900387
1.5604835858917647,3.936420966237546,1779933825.7100573
1.56048753450474,3.936420620432168,1779933825.7500038
1.5604892327568027,3.9364215449740554,1779933825.7900152
1.5604910579142737,3.93642083362636,1779933825.810029
1.5604966710751575,3.936422050762951,1779933825.8500965
1.5604983214764099,3.936422956406503,1779933825.8900108
1.5604992225494827,3.936423242865903,1779933825.9100044
1.5605014262991952,3.936424830218645,1779933825.9499297
1.560502927337556,3.93642564090821,1779933825.9899049
1.560503305718285,3.936426779049165,1779933826.0100024
1.5605047548692534,3.936427559023512,1779933826.0500307
1.5605059842629985,3.936430921881011,1779933826.0699422
1.5605075010883287,3.9364317403839215,1779933826.08976
1.5605072218308513,3.936433298645131,1779933826.1097827
1.5605086597764317,3.9364340668166187,1779933826.1496587
1.5605082200649754,3.9364359056081852,1779933826.1697955
1.560509575278441,3.9364366257781866,1779933826.189702
1.5605089784871393,3.93643870033145,1779933826.2096677
1.5605102648020195,3.9364393810470832,1779933826.2497754
1.5605098367771757,3.936444197129384,1779933826.2699156
1.560511069771127,3.936444850587138,1779933826.2898808
1.5605101882875991,3.93644700426868,1779933826.309743
1.5605113416742533,3.936447609764971,1779933826.3497376
1.5605103671135765,3.936449906625185,1779933826.3699684
1.5605114586414108,3.9364504761668044,1779933826.3897393
1.5605102922205296,3.9364554655594146,1779933826.40967
1.5605113434141538,3.9364560133918434,1779933826.449938
1.5605102265706805,3.9364582204394374,1779933826.469717
1.560511209349377,3.936458727951091,1779933826.489685
1.5605100298672203,3.93646099854934,1779933826.5096412
1.5605109656823049,3.9364614787878893,1779933826.5498753
1.5605097473886644,3.9364637952591592,1779933826.56971
1.5605106325891709,3.9364642472227507,1779933826.5898914
1.5605093756929744,3.936466581565431,1779933826.6098351
1.5605089705853075,3.9364690290746878,1779933826.6294703
1.560509832624796,3.9364694678998498,1779933826.6499405
1.5605085913426708,3.9364715352465844,1779933826.669648
1.5605093980450455,3.9364719425632537,1779933826.6898675
1.5605081437133281,3.9364740084783207,1779933826.729685
1.560508907417026,3.936474391832829,1779933826.7499058
1.560507169925122,3.9364785902878303,1779933826.7698433
1.560507898813171,3.9364789549361183,1779933826.7897594
1.5605067031417512,3.93648074395432,1779933826.8298955
1.5605073828803455,3.9364810815089277,1779933826.8498468
1.560506197680367,3.936482844386831,1779933826.869689
1.5605068400499107,3.936483161607202,1779933826.8898497
1.5605056717086692,3.936484887432818,1779933826.9298694
1.5605062773994638,3.9364851851322973,1779933826.9497025
1.5605046298262286,3.9364886106475803,1779933826.9699
1.5605052106761013,3.9364888950704424,1779933826.989703
1.5605041409459046,3.93649031982642,1779933827.0297296
1.5605046842115493,3.936490584132771,1779933827.0498133
1.5605036430498904,3.9364919592874226,1779933827.0697587
1.5605041553277403,3.9364922072743105,1779933827.089792
1.5605026956878942,3.9364949233661095,1779933827.1296704
1.5605031853183997,3.936495159456615,1779933827.1498184
1.5605022559685655,3.936496267913275,1779933827.1697898
1.5605027125400854,3.936496486821362,1779933827.1898503
1.5605018209444574,3.9364975417730004,1779933827.22969
1.5605022494970264,3.936497746325379,1779933827.249745
1.56050139281022,3.9364987429360654,1779933827.2698786
1.5605017970955528,3.9364989351336335,1779933827.289769
1.56050061163818,3.93650088520049,1779933827.3298926
1.560500997588174,3.9365010680089116,1779933827.349961
1.5605006151322904,3.936502006484632,1779933827.3896635
1.560499895807018,3.936502756653908,1779933827.4297884
1.5605002345900925,3.9365029157314235,1779933827.4497497
1.558466163582364,3.935558285386048,1779933827.4900413
1.55645483708739,3.9346485931582538,1779933827.5296984
1.5560024005886872,3.934443195961235,1779933827.5498204
1.5533626674565773,3.933255428422239,1779933827.5896459
1.5509718585283068,3.9321922622917516,1779933827.629779
1.5403429048345367,3.9273489002111304,1779933827.6497304
1.5309333185887624,3.9231849086612405,1779933827.6902514
1.5221688063320702,3.9193259979629858,1779933827.729956
1.5205680599072806,3.918613673662465,1779933827.7497692
1.5071302896698093,3.9127023640775214,1779933827.7897265
1.49390098380378,3.9069417927355903,1779933827.8296163
1.4903740232406446,3.9053745098623622,1779933827.850076
1.4721379147667748,3.8975361448300805,1779933827.8898585
1.4540161258388293,3.88973138125093,1779933827.9297678
1.4534029516543776,3.889471981268235,1779933827.9498713
1.4342582433557047,3.8812714476798824,1779933827.9899843
1.4142819003877796,3.872821013004119,1779933828.0500395
1.3936087377987396,3.8640353779157373,1779933828.0899143
1.3726353884560978,3.8551433747579718,1779933828.1500747
1.351355480034183,3.8461470289376134,1779933828.190035
1.329708846772439,3.837000594330448,1779933828.2502432
1.308027003233262,3.8278374309687146,1779933828.290009
1.286107593762971,3.8185481630597824,1779933828.3501399
1.2641354837021026,3.809242511102491,1779933828.3900678
1.2420155581792083,3.7997269338296067,1779933828.4502523
1.2201115771621336,3.790406492281407,1779933828.4899628
1.1981823333160826,3.7810288180931475,1779933828.5501218
1.1762083805705414,3.7714124826635387,1779933828.5899355
1.1543464671986285,3.7620060019609833,1779933828.6500406
1.135854154918953,3.7542380254319485,1779933828.6899421
1.1324256055163031,3.7525641384650545,1779933828.7099323
1.1105275606082474,3.743070425550029,1779933828.750138
1.0927892638747592,3.7356154069145977,1779933828.7899866
1.088688618122014,3.733266417878092,1779933828.8100111
1.0671649880877638,3.7238635463352656,1779933828.8500679
1.0502966437821888,3.716743580067622,1779933828.889925
1.0456669673451588,3.714457616438439,1779933828.9100387
1.0241950895886973,3.704678194086867,1779933828.94996
1.0079264952422398,3.697776972358632,1779933828.9897928
1.0026535833525538,3.6951678827099923,1779933829.009971
0.9811807284827336,3.6856727208592446,1779933829.049926
0.9658249325237329,3.6791394414908356,1779933829.089946
0.9599078415370325,3.6762497902755964,1779933829.10985
0.9387929685614694,3.6664537271297815,1779933829.1499786
0.9242632786761569,3.660232767141817,1779933829.18988
0.917742361306338,3.657011060212127,1779933829.2098603
0.8967779524122454,3.64759256590037,1779933829.2499228
0.8829479377110329,3.6416451766372657,1779933829.2898672
0.8759189263082722,3.638208281573882,1779933829.309933
0.8622795354465239,3.632330080245526,1779933829.3499858
0.854976247115656,3.6282872565067747,1779933829.370016
0.8417732360645107,3.6225647871485442,1779933829.3898554
0.8341082467409936,3.618775476046691,1779933829.4099057
0.821169556194058,3.6131517499881722,1779933829.4500763
0.8131367618566033,3.6092071342946648,1779933829.469948
0.8004578878081428,3.603681013950535,1779933829.4898896
0.792162840376285,3.5991722955989944,1779933829.5096638
0.7798265524498155,3.593764067002337,1779933829.5499883
0.7710109068534315,3.5894595279893817,1779933829.5697842
0.7588480753672981,3.5841114329888195,1779933829.5898283
0.7497196954358245,3.5796113411112627,1779933829.6096637
0.7378675565616435,3.5743819786343827,1779933829.6498733
0.7283729212868417,3.5697266810109602,1779933829.669516
0.7169103575448943,3.5646523203009304,1779933829.6898777
0.7071199761899386,3.5594104477596913,1779933829.7098725
0.6959647482985565,3.55444107478837,1779933829.7500021
0.6857767763048898,3.549459728515791,1779933829.7697306
0.6745731794499878,3.5444529262927165,1779933829.789663
0.6638492513018767,3.5391578337220153,1779933829.8095758
0.6527723673878909,3.534188255786621,1779933829.8497953
0.6416616145436548,3.528303753569949,1779933829.869893
0.6310726647459074,3.523520542462907,1779933829.889656
0.6195161070630053,3.5178084275167945,1779933829.9096723
0.6092528221321022,3.5131530243392803,1779933829.9498491
0.5973370885218552,3.5072832206446045,1779933829.9698162
0.5874286290707406,3.502770445241341,1779933829.9896579
0.5752856965439765,3.496718136229083,1779933830.0299616
0.5657002330865676,3.4923328834102443,1779933830.0500503
0.5533089609673187,3.485740307881922,1779933830.0699773
0.5442092302316505,3.481547661321178,1779933830.0899875
0.5314531015905517,3.4751887658522445,1779933830.1299236
0.5225281390830498,3.4710585933375038,1779933830.1496108
0.50953855244455,3.4645977777141055,1779933830.1698802
0.500939928204748,3.4606014887569594,1779933830.189645
0.48767454694583845,3.4539335204450445,1779933830.2297478
0.47936295365877546,3.4500520845867144,1779933830.2496328
0.4659316735847399,3.4429037667471487,1779933830.2696002
0.45822369643830396,3.4392764658694324,1779933830.2896576
0.44467211031748904,3.4324487745694254,1779933830.3296537
0.437307624012106,3.4289668735872816,1779933830.3495917
0.42367249489474845,3.4221069332025316,1779933830.3696146
0.4164751754607354,3.418690275867708,1779933830.389575
0.4027584016185845,3.411325221754978,1779933830.4296513
0.3958471361394609,3.408020604895147,1779933830.4495704
0.381812166593017,3.400941335399637,1779933830.4695733
0.37499738752162143,3.3976689728074976,1779933830.4895785
0.36070731424016234,3.390406767388131,1779933830.5297163
0.3541564794845645,3.387246457932843,1779933830.5495641
0.3395061033744527,3.379816961884452,1779933830.5695865
0.33327578975305217,3.376797048017079,1779933830.5896742
0.3183696376586015,3.3688741035247003,1779933830.629689
0.312534958649959,3.3660266460072026,1779933830.6496525
0.29728998265850276,3.3582927254639134,1779933830.6696582
0.29175310534377835,3.355579016872838,1779933830.6896927
0.2761758246051483,3.3476219063634374,1779933830.7297258
0.2709422794296043,3.3450450977267385,1779933830.749961
0.2502894914738069,3.334330984873891,1779933830.789835
0.23406852862431998,3.3260301800257728,1779933830.8297696
0.22938670464329275,3.323702715265956,1779933830.8496838
0.2081971595651533,3.312924257650817,1779933830.8899684
0.1909692823471667,3.304095280447295,1779933830.9299476
0.18697493755239353,3.302091958453376,1779933830.9499285
0.16577018589979547,3.29109820418016,1779933830.9898875
0.14774961482529037,3.2818336797513163,1779933831.0297623
0.1443730933140645,3.2801256209530836,1779933831.049942
0.12273997050971286,3.2690257192678747,1779933831.0899181
0.10380166094340022,3.2592392629119966,1779933831.1299489
0.10113688260812646,3.2578798285280492,1779933831.1498816
0.07951928076706914,3.2466084749102855,1779933831.19004
0.059770261576580386,3.2363709120443334,1779933831.2296686
0.05784231554084554,3.2353788794693292,1779933831.24985
0.03619046419843668,3.2241544913436373,1779933831.2898588
0.01589464117823106,3.2134912681090233,1779933831.3295622
0.01464780215262691,3.2128443266367634,1779933831.3496416
-0.006940468222569247,3.2015939872564463,1779933831.3896897
-0.028467942637385304,3.190302255567532,1779933831.4499006
-0.04993905654412437,3.1790328649412163,1779933831.4897652
-0.0714149680239617,3.167626063234134,1779933831.5500073
-0.0930494144417934,3.1562048004094816,1779933831.5899935
-0.11493204724273974,3.1445899845384346,1779933831.649739
-0.13686289557123044,3.1328581008313114,1779933831.6900272
-0.15862724099743816,3.121233856211667,1779933831.7500885
-0.18047042919758938,3.109557865107389,1779933831.789965
-0.20243100446066944,3.097753226297249,1779933831.849813
-0.22456607411097318,3.0857863508986356,1779933831.889814
-0.24655313798273712,3.0739008604046925,1779933831.949979
-0.26860298993232046,3.061971641066883,1779933831.9899678
-0.29068418203742913,3.0499723436930806,1779933832.0500703
-0.31294774262929065,3.037833621436656,1779933832.0899355
-0.33490724970157726,3.0258330838431364,1779933832.1501465
-0.3530085928042642,3.0159148475462723,1779933832.189974
-0.3568791570685638,3.013817573568589,1779933832.210165
-0.37898913834765946,3.0016731935761873,1779933832.2501535
-0.3962723614293143,2.9921456349724402,1779933832.2898505
-0.40077680761587414,2.9896267141438213,1779933832.3100135
-0.4226415207008251,2.977527696608686,1779933832.3498988
-0.4392722224555823,2.9683004707569127,1779933832.3899202
-0.444405097113723,2.96547631725055,1779933832.4099493
-0.4662789416137249,2.953338166729639,1779933832.450046
-0.48213754723487606,2.9444882510781945,1779933832.490042
-0.48793150864086754,2.941285317841274,1779933832.509759
-0.5098095564913934,2.9290999718146753,1779933832.5497143
-0.5254795689580519,2.9203082884563556,1779933832.5897007
-0.5320388352979999,2.916753832844527,1779933832.6096714
-0.5541310733842015,2.904389979105579,1779933832.6496534
-0.5692523601752124,2.895863180771085,1779933832.6896672
-0.5763341988276482,2.891919839997345,1779933832.7097247
-0.5985131601999694,2.879455841463887,1779933832.7497494
-0.6127963688914205,2.8713582287424146,1779933832.7895699
-0.6206169558237405,2.867113456201914,1779933832.809753
-0.6340326699922799,2.85949260183874,1779933832.8500183
-0.6419525319892874,2.8550976608193235,1779933832.8696055
-0.6549851937814917,2.8476787931281935,1779933832.889655
-0.6630744832232707,2.843178220485784,1779933832.9096065
-0.6758543451175313,2.8358883056259008,1779933832.9496162
-0.6841682238728178,2.8312719820110974,1779933832.9697056
-0.6967280275486785,2.824093148146474,1779933832.989624
-0.7054054080521697,2.8193727076729167,1779933833.0098875
-0.717299698559418,2.812563345638975,1779933833.0495713
-0.7259504110230529,2.8077179903336376,1779933833.0697055
-0.7369500026226372,2.801404561462755,1779933833.0896127
-0.7454640979962034,2.7966044642762915,1779933833.1095383
-0.755948967839133,2.7905740962728234,1779933833.1496668
-0.764440172232875,2.7858982368038103,1779933833.1696682
-0.7747607177351392,2.7799567705353736,1779933833.1896226
-0.7832724406580583,2.775143550783687,1779933833.209605
-0.7934361047902867,2.7692807901039447,1779933833.2496083
-0.8021940175036879,2.7643350405325955,1779933833.2696877
-0.8114941690591434,2.758956876007432,1779933833.2896729
-0.820196711521544,2.7540209118546386,1779933833.3095362
-0.8283017172354894,2.749320498214556,1779933833.3496234
-0.8366452682191043,2.744708228521615,1779933833.3697853
-0.8441518177903686,2.740351769529259,1779933833.389743
-0.8520858790083593,2.735836232703616,1779933833.4096177
-0.8595950834215952,2.7314730366793936,1779933833.449647
-0.8676231623143533,2.7269106765865185,1779933833.4696302
-0.8749720426481132,2.7226336664956943,1779933833.489824
-0.8831476926858691,2.7179922108629517,1779933833.5096066
-0.8897759271605084,2.714125631353264,1779933833.550106
-0.8978964533557939,2.7095945916849,1779933833.5697744
-0.903295491969003,2.706438306772028,1779933833.5896888
-0.9107049775485234,2.702199223599188,1779933833.629953
-0.915740292907101,2.6992516409580087,1779933833.6497564
-0.9227260703196768,2.6952661395434236,1779933833.6696584
-0.9278346910237596,2.6922738332782243,1779933833.6895943
-0.9348767549707921,2.6883623806072476,1779933833.7296667
-0.9398608894637019,2.6854413438027924,1779933833.749831
-0.9469131760550819,2.6814148980291086,1779933833.769628
-0.9513438821864926,2.678812720324377,1779933833.7896814
-0.9582093896942666,2.674874784919148,1779933833.829848
-0.9617036481350542,2.6728168834616954,1779933833.8497803
-0.9679694397740518,2.6692347549467903,1779933833.869662
-0.9712023321207348,2.667329189420403,1779933833.8896143
-0.9771058387686683,2.6640499242037405,1779933833.9298604
-0.9804574973325861,2.6620754250320324,1779933833.9497464
-0.9862218876434896,2.658769917600651,1779933833.9697578
-0.989537764462694,2.656814366945883,1779933833.9896338
-0.995392072616264,2.6534664782196686,1779933834.0298302
-0.9982628004882815,2.6517704398972137,1779933834.0497541
-1.0040241589380683,2.6485789416981653,1779933834.069688
-1.0061282852048286,2.647334099028531,1779933834.0896916
-1.0112330090297417,2.644412739984195,1779933834.1297753
-1.0131867496734799,2.643256121359966,1779933834.149886
-1.017831907105229,2.640605743040109,1779933834.1695755
-1.0199571323764685,2.6393479576358985,1779933834.1896582
-1.0245126453848317,2.6367325777413413,1779933834.2296445
-1.0266292582052248,2.6354789229711364,1779933834.249758
-1.0312948919099816,2.632873921750644,1779933834.269631
-1.0330284490311967,2.63184639154797,1779933834.289704
-1.0374826802537083,2.6292682540483767,1779933834.329637
-1.0387774707637163,2.6284991922055805,1779933834.3498292
-1.0440730984108222,2.625419857217479,1779933834.3899806
-1.0478378313712366,2.6232539907435246,1779933834.4299026
-1.0491873188982093,2.6224522585860472,1779933834.4498188
-1.054284902883041,2.619555966658347,1779933834.489832
-1.0580653925340657,2.617375309189158,1779933834.529584
-1.0592665464431434,2.616661327085704,1779933834.5498636
-1.064108072113864,2.613846302475375,1779933834.5896173
-1.067867321678948,2.6117171272372213,1779933834.6297224
-1.0688328524092263,2.611142920972544,1779933834.6497905
-1.0734925635961112,2.6084197361694033,1779933834.6899083
-1.0772070792118262,2.6062463924578347,1779933834.729711
-1.0781390051404178,2.6056916359552824,1779933834.7497277
-1.0827735142981574,2.602967972707377,1779933834.7900014
-1.0866481250707234,2.6007172935828486,1779933834.8299682
-1.087527758005841,2.6001933783569506,1779933834.8497372
-1.0923936494075603,2.597319926120394,1779933834.8900506
-1.096593372386105,2.5948378829863206,1779933834.9295816
-1.097304209969216,2.594413894521797,1779933834.949999
-1.1022287875565184,2.59149725462498,1779933834.9897768
-1.10664762367617,2.588895230058004,1779933835.0300078
-1.1071389249879044,2.5886018920479046,1779933835.0499692
-1.111873439222903,2.585790747833139,1779933835.0897524
-1.1161733600672805,2.5832336544439363,1779933835.1296587
-1.1163937614892758,2.5831017273993675,1779933835.1499612
-1.1208344355108595,2.580470614186175,1779933835.1899743
-1.1252484971726813,2.577841125078106,1779933835.2500002
-1.1290609675077512,2.5755691686994795,1779933835.2898693
-1.1313489532432917,2.574208476864895,1779933835.3500588
-1.1322536380280734,2.5736859856757572,1779933835.3899455
-1.1325750864500954,2.5735015586361656,1779933835.4499602
-1.1327291372184336,2.57341538540045,1779933835.4899805
-1.1328019053547151,2.5733755031185175,1779933835.5497117
-1.132814277021734,2.573370316011064,1779933835.5901055
-1.132808521718475,2.573372742590606,1779933835.6500123
-1.132798830264389,2.5733754029343023,1779933835.6899683
-1.132788138970924,2.573372061523805,1779933835.7500565
-1.1327819792322724,2.573368866245264,1779933835.7901638
-1.1327768299166603,2.5733632187851594,1779933835.8500657
-1.1327729279520768,2.573355097684487,1779933835.8901823
-1.1327655491782018,2.573337105637432,1779933835.9501016
-1.1327642993458291,2.5733257231223776,1779933835.9899073
-1.1327624267000764,2.5733134306093577,1779933836.0500793
-1.1327802666292692,2.5733027854845805,1779933836.0899463
-1.1327551684604122,2.573290736732155,1779933836.1099882
-1.132754488168537,2.5732776468775413,1779933836.1499245
-1.1327727634701614,2.5732667147563695,1779933836.1897886
-1.1327531063961294,2.573264079071183,1779933836.2099266
-1.1327510563938477,2.573249361945255,1779933836.2499137
-1.1327688294641347,2.573238725727192,1779933836.2900023
-1.1327422969876262,2.5732233946059067,1779933836.3098228
-1.1327408229990055,2.5732090448827076,1779933836.3499806
-1.1327580553937588,2.5731987204873166,1779933836.3901088
-1.1327387865146938,2.5731945733084927,1779933836.4100413
-1.1327360416484906,2.573180144799615,1779933836.4500237
-1.1327520391696255,2.573170561888273,1779933836.4900053
-1.1327267797136618,2.573155134852488,1779933836.509678
-1.132724693896924,2.5731418767071315,1779933836.549876
-1.132739604866702,2.573132942024221,1779933836.5901532
-1.132721936457485,2.5731288880334695,1779933836.6098764
-1.1327127972728859,2.573105741297742,1779933836.6499128
-1.1327266785377867,2.573097421010381,1779933836.68973
-1.1327101420510841,2.5730938097789497,1779933836.70985
-1.132706911661977,2.5730822532769615,1779933836.750103
-1.1327196073809205,2.5730746518647187,1779933836.789721
-1.1327036073763037,2.573070850252896,1779933836.8099759
-1.1327158063265863,2.573063548177729,1779933836.8497753
-1.1326950549301866,2.5730512221237096,1779933836.869903
-1.1327071366633483,2.573043988870226,1779933836.889707
-1.1326923486935296,2.573041355081105,1779933836.9096792
-1.13270379405553,2.5730345072406164,1779933836.9497747
-1.1326894086052373,2.5730318166279935,1779933836.9697146
-1.1327003617020857,2.5730252658710695,1779933836.9896595
-1.1326863702759409,2.573022578632036,1779933837.0096161
-1.1326968077930397,2.5730163380014406,1779933837.0497699
-1.132678836661793,2.5730062638998294,1779933837.0697694
-1.13268900474992,2.5730001842439796,1779933837.0896165
-1.1326762651464306,2.572998257652089,1779933837.1096208
-1.1326858027987545,2.5729925582213733,1779933837.1497524
-1.1326735579802159,2.572990615542587,1779933837.1696637
-1.1326825545544381,2.572985241382035,1779933837.1896138
-1.132666555477539,2.5729761812679612,1779933837.209627
-1.1326752209055917,2.5729710052171644,1779933837.249678
-1.1326635609856195,2.5729686391436655,1779933837.269702
-1.1325960709324765,2.5730088566601665,1779933837.2896647
-1.1325414380830892,2.5730276344867695,1779933837.30965
-1.1326404993869914,2.5729685771902,1779933837.349606
-1.132657273845951,2.5729455507174332,1779933837.3696046
-1.1329526843950022,2.5727696216741838,1779933837.3895996
-1.1331281150680041,2.5726566125422643,1779933837.4096491
-1.1333569654065196,2.5725204640938477,1779933837.4496799
-1.1335903628040471,2.572384904541145,1779933837.4696927
-1.1337950260111211,2.5722631571571783,1779933837.4896028
-1.1340518094707825,2.5721176714551066,1779933837.529705
-1.1343182759490418,2.5719590807676957,1779933837.5497277
-1.1346385106921373,2.5717809631151933,1779933837.569911
-1.1349001072226057,2.5716251748534686,1779933837.5897667
-1.13525973505931,2.571419797922122,1779933837.6296167
-1.1354542862750352,2.571303866686026,1779933837.6497831
-1.1357996279264042,2.5711060067565845,1779933837.669515
-1.135996267211174,2.5709887638627875,1779933837.689567
-1.1363430787385216,2.570793064628047,1779933837.7296734
-1.1365368865772785,2.5706774163828565,1779933837.7497313
-1.1368932106028782,2.570483602894846,1779933837.7696836
-1.1370803377835228,2.5703717887229907,1779933837.789737
-1.1374363489483745,2.5701676515323832,1779933837.829757
-1.1375632304547816,2.5700917396424057,1779933837.84972
-1.1378858974962482,2.569906417017732,1779933837.869547
-1.1379716996777154,2.5698550179552586,1779933837.8895776
-1.138246168832614,2.569699798073316,1779933837.9295478
-1.1383535276549557,2.5696354784298823,1779933837.9496703
-1.1386195437547535,2.569491282821479,1779933837.9696634
-1.1387288802577542,2.5694256975323064,1779933837.98961
-1.1389892302419364,2.56927615876121,1779933838.0297387
-1.1390982105268228,2.5692107382834655,1779933838.0497012
-1.1393601775549311,2.5690592635624543,1779933838.0696473
-1.1394565993311865,2.5690013255834607,1779933838.0896153
-1.1397204447554607,2.568856747932376,1779933838.129595
-1.1398066338466477,2.568804867865136,1779933838.1499417
-1.1400596042426279,2.5686583771351703,1779933838.1695929
-1.1401476456624162,2.5686053463987166,1779933838.1895552
-1.1404028936745694,2.5684572875221705,1779933838.2295148
-1.1404870552461195,2.5684065470944133,1779933838.2496712
-1.1408253916081164,2.568207395885211,1779933838.2895682
-1.1410944785389918,2.568055980455576,1779933838.3296607
-1.1411747567047905,2.568007469354796,1779933838.3496249
-1.141533863676904,2.5677947542275463,1779933838.3895497
-1.1418277870065814,2.567620964523933,1779933838.4294713
-1.1418973732709494,2.5675788131317403,1779933838.449571
-1.1422634147841748,2.5673645118627566,1779933838.4896317
-1.1425730369464937,2.5671800340424893,1779933838.5295362
-1.1426289875599636,2.5671460415526566,1779933838.5495808
-1.1429687373929096,2.5669423562756846,1779933838.5895503
-1.1432623823980246,2.5667660487471347,1779933838.629497
-1.1432715269004528,2.5667604051993624,1779933838.6495783
-1.1435591963890033,2.5665886923017736,1779933838.6896033
-1.143814291442767,2.5664352135853767,1779933838.7294888
-1.143841219222789,2.5664187798037053,1779933838.749562
-1.144121063705116,2.566249577659433,1779933838.7896016
-1.1443804143081504,2.5660923413624017,1779933838.8294652
-1.144424667369461,2.5660653484567275,1779933838.8496141
-1.1447653205811286,2.565858787588255,1779933838.8898997
-1.145120708555785,2.5656421053110976,1779933838.9495645
-1.14548218811397,2.565421125916897,1779933838.9895186
-1.1458475194370186,2.5651977791280296,1779933839.0496078
-1.1461397594364628,2.565018168702634,1779933839.089539
-1.1463195382765516,2.5649074407862438,1779933839.149574
-1.1464513182932765,2.564826291412619,1779933839.1895034
-1.1465696389923505,2.5647534916520653,1779933839.249591
-1.1466458428172186,2.564706396912128,1779933839.2895885
-1.1466981234367901,2.564674072932712,1779933839.3496065
-1.1467727653639728,2.5646279404366,1779933839.3895352
-1.1468540151022126,2.564577614610949,1779933839.449579
-1.1469375286372538,2.5645258124230574,1779933839.489607
-1.1469585519976522,2.5645124634130245,1779933839.5495744
-1.1469433922119632,2.5645216572993115,1779933839.589545
-1.1469431748943073,2.5645215883804715,1779933839.6096807
-1.146963035351017,2.5645091684232892,1779933839.6497805
-1.1469857165183248,2.5644950990678113,1779933839.689775
-1.14698889248349,2.564492955362903,1779933839.7097478
-1.1470164966821506,2.5644755217931596,1779933839.7495959
-1.1471344427938597,2.564402173271768,1779933839.7895164
-1.1471601460933665,2.5643856361722426,1779933839.8097045
-1.147460894079879,2.5641977126737054,1779933839.849576
-1.1477305777481186,2.564028991579301,1779933839.8895445
-1.1478098214966852,2.563979119689422,1779933839.9096255
-1.1481703901706477,2.5637522783069406,1779933839.9496338
-1.148438171164326,2.5635841163587245,1779933839.9895444
-1.148532058993026,2.56352451074271,1779933840.0096767
-1.1487741965365237,2.5633713281165926,1779933840.0496194
-1.148878348122618,2.563305463559752,1779933840.089592
-1.1489290879368275,2.5632730252608176,1779933840.1095912
-1.1491247891129472,2.5631477959196425,1779933840.1495984
-1.1492585072880657,2.56306336969186,1779933840.1894903
-1.1493200502215333,2.563023287090496,1779933840.209595
-1.1495162040222313,2.562898142005761,1779933840.2495742
-1.1497397797640108,2.5627568612377036,1779933840.2897604
-1.1498440516238935,2.5626887719977645,1779933840.3095767
-1.1501520985469311,2.56249371202676,1779933840.3495743
-1.1503079496662758,2.562393778196215,1779933840.3696554
-1.1506029801864364,2.5622063522916534,1779933840.3896885
-1.1507797280520184,2.562092477288364,1779933840.409596
-1.1510647632231106,2.561911004262173,1779933840.4496303
-1.1512524220000642,2.5617901239615257,1779933840.46956
-1.1515308016290924,2.5616125815947854,1779933840.4895725
-1.1517298917746421,2.561482611986592,1779933840.509532
-1.1519971730098943,2.5613117864186505,1779933840.5495756
-1.1522033085099674,2.5611783948311686,1779933840.5695782
-1.1520495582800068,2.561275129016556,1779933840.5895352
-1.1520672730305115,2.561262828438338,1779933840.6095455
-1.1515597682755678,2.5615860889160738,1779933840.6496434
-1.1513101402556265,2.5617455348459526,1779933840.6695962
-1.1508973767631996,2.5620100184043855,1779933840.6895118
-1.150552359800064,2.5622326657626244,1779933840.709576
-1.1501821069608085,2.562470521244056,1779933840.7495434
-1.1498042530136352,2.5627145677271037,1779933840.76963
-1.1488821895875139,2.5633054925133507,1779933840.7895155
-1.148178351397204,2.563758442843019,1779933840.8095555
-1.1467077326544748,2.5647020111381287,1779933840.8495247
-1.1454871194401433,2.5654876858638307,1779933840.8695924
-1.1441225867629796,2.5663652582013787,1779933840.889555
-1.1426550179994488,2.5673102329175856,1779933840.9094918
-1.1414111991154077,2.5681118219769745,1779933840.9495187
-1.139839184784852,2.5691248407414027,1779933840.9695609
-1.138650200481457,2.569892111400294,1779933840.9895365
-1.137026098339034,2.570939966762152,1779933841.0295315
-1.1359379393368736,2.571643180764318,1779933841.0495992
-1.1342785504359396,2.5727139504034815,1779933841.0695753
-1.1334432232811746,2.573254891011642,1779933841.0895164
-1.1319076725382713,2.5742487366640647,1779933841.1295512
-1.131183302421098,2.5747184835632155,1779933841.1495948
-1.1297679422183313,2.5756352694433646,1779933841.1695747
-1.1290066493970687,2.5761289471717346,1779933841.1895406
-1.1275948063570458,2.5770498483606463,1779933841.2306223
-1.1268546264853516,2.577530496287387,1779933841.2496617
-1.1254321452521232,2.5784561915945434,1779933841.269692
-1.1248238653428186,2.5788520571090556,1779933841.2895994
-1.1234652539542573,2.5797390600287087,1779933841.3298938
-1.1230788775237477,2.5799915550507175,1779933841.349897
-1.1219072384638706,2.580757331861617,1779933841.369603
-1.1215658347325108,2.5809805712922045,1779933841.3895614
-1.1205267900569538,2.581665657442423,1779933841.4297807
-1.1201340677459237,2.5819222726018713,1779933841.449652
-1.1191306899733444,2.5825821278267695,1779933841.469583
-1.1187269551666776,2.5828461555902145,1779933841.4899712
-1.117718004780842,2.5835122787012232,1779933841.5295732
-1.1173875301679523,2.5837289232290046,1779933841.549711
-1.1164144172815387,2.5843715181791014,1779933841.569481
-1.1161834389189225,2.5845234329092563,1779933841.5897284
-1.1152903534824625,2.5851201259683974,1779933841.6297357
-1.1150706759876525,2.5852647445906856,1779933841.6498933
-1.1139934832174374,2.5859786164424374,1779933841.689958
-1.1131627077144917,2.586533862314945,1779933841.7296755
-1.1129277761623866,2.586688732494936,1779933841.7497275
-1.111825028561214,2.58742920445157,1779933841.7897751
-1.110930427270554,2.5880302778955224,1779933841.8296788
-1.1106969771483093,2.5881847008055305,1779933841.849637
-1.1095947847683523,2.588923229414416,1779933841.8896916
-1.1086810542094205,2.589542055447568,1779933841.9295769
-1.1085054308878088,2.5896587956572557,1779933841.9495575
-1.1074242735720805,2.5903985650066668,1779933841.989833
-1.1064967409384372,2.591031321727509,1779933842.0295284
-1.10621810796226,2.591216800287793,1779933842.0496016
-1.1048376873193264,2.5921515574569693,1779933842.0896292
-1.1035718277300397,2.5930331931394885,1779933842.129566
-1.1033908588283634,2.5931546026743812,1779933842.1497846
-1.1019128785421717,2.594162789042504,1779933842.1897452
-1.1005376922111372,2.595109090299029,1779933842.2296076
-1.1004291389203682,2.5951825247511313,1779933842.2497427
-1.0990167696697872,2.5961552472841336,1779933842.2896101
-1.0977230603890684,2.5970730299210323,1779933842.349632
-1.0964631650219825,2.5979476060768047,1779933842.3895056
-1.0952234781373185,2.598814584024161,1779933842.4495885
-1.093988703512795,2.599678238361568,1779933842.4895537
-1.092650333222734,2.6006403969974,1779933842.5495746
-1.0911452654683078,2.6016959718287227,1779933842.5894942
-1.089572858165722,2.602807162790517,1779933842.6499844
-1.0879888805815405,2.603955598318366,1779933842.68953
-1.0864055982493246,2.605085855792803,1779933842.7497277
-1.084590309249301,2.606378100922259,1779933842.7896023
-1.0824702530616641,2.6078974476408088,1779933842.8500044
-1.0802616158326972,2.6095208255688984,1779933842.8896625
-1.0780256178728684,2.611142498586556,1779933842.9496157
-1.075767699086651,2.6127839938719446,1779933842.9895403
-1.0735267011132346,2.6144638303213257,1779933843.0496252
-1.0716673949746225,2.615804530319032,1779933843.0895638
-1.0713370208935193,2.616087918155895,1779933843.109999
-1.0691769466418386,2.6176945750455065,1779933843.1498077
-1.0674020579124326,2.61898650652745,1779933843.1897871
-1.0670205132131785,2.6193017806066736,1779933843.2103863
-1.0648840104247483,2.6209562923612846,1779933843.2497702
-1.0630444522369875,2.6223089363829732,1779933843.28991
-1.0625847166488935,2.6227069567586714,1779933843.3097897
-1.0602331024630163,2.6245025998423968,1779933843.349843
-1.0585302597823343,2.6257725479781975,1779933843.3899515
-1.0580313124650997,2.626193833141479,1779933843.4099646
-1.0558770526787564,2.6279337137997882,1779933843.449967
-1.054253667431685,2.6291599284550453,1779933843.4898179
-1.0537271867059417,2.6296326245586075,1779933843.510156
-1.051468485647268,2.6314169763625106,1779933843.549982
-1.0496769671352248,2.632784828490356,1779933843.5899298
-1.0490550826469087,2.633398417298395,1779933843.61011
-1.0465479573517398,2.6354030627996385,1779933843.649791
-1.044760469413565,2.63679206316484,1779933843.6899629
-1.0440328477544714,2.6374427242751755,1779933843.7097394
-1.041514401157665,2.6394921968006892,1779933843.7497
-1.0396867926180369,2.6409308268237086,1779933843.789721
-1.0388728193598251,2.6417297588188324,1779933843.8098547
-1.0360542053653143,2.644052391711506,1779933843.8497608
-1.0343378413644753,2.645431200658579,1779933843.8900344
-1.0334173107081956,2.6462756275594277,1779933843.9098794
-1.0318768024870597,2.6475249583425184,1779933843.9499264
-1.0309785716202367,2.648347899719097,1779933843.9696484
-1.0294586010534275,2.649587617151304,1779933843.9896438
-1.0285934037119164,2.6504856214257586,1779933844.0097234
-1.0271321249603576,2.651690511782559,1779933844.0496252
-1.0262149478840028,2.652544257636335,1779933844.0696235
-1.0247979518690715,2.6537218950964743,1779933844.0896418
-1.0238537555853335,2.6545933351010826,1779933844.1096103
-1.0225272996536086,2.6557051112048007,1779933844.1496685
-1.021624747552371,2.6566610991263455,1779933844.1698203
-1.0203866310246594,2.657711293702887,1779933844.189558
-1.019457039983459,2.6586192823028187,1779933844.2095456
-1.0182390896547295,2.6596604622645774,1779933844.2496123
-1.0172854067024162,2.660583258433593,1779933844.2695732
-1.0161014509075206,2.6616039330072714,1779933844.289545
-1.0151203316624484,2.6625444372825435,1779933844.3095765
-1.0138452728187721,2.6636495804419207,1779933844.3496294
-1.01281971551545,2.6647664156965982,1779933844.3696039
-1.0116485719580082,2.6657976688931315,1779933844.3895915
-1.0105699290457046,2.666888806592104,1779933844.4095762
-1.0095831782691687,2.6677712933690074,1779933844.4496455
-1.008556983948119,2.6688102688553395,1779933844.4695988
-1.0075719172003383,2.669696504362972,1779933844.489622
-1.0065365980327285,2.6707371469250747,1779933844.5095644
-1.0055733317205866,2.67161101319822,1779933844.5499003
-1.0045875355658351,2.6727646762405426,1779933844.56967
-1.0036833967738568,2.673596942668256,1779933844.5896006
-1.0026448659904947,2.6747051689955628,1779933844.629628
-1.0018222317840404,2.6754725646235684,1779933844.6496842
-1.0008034772279808,2.6765553247171185,1779933844.669637
-1.000032128319956,2.677282628957886,1779933844.6895592
-0.9990952870501811,2.6784248173478797,1779933844.7296185
-0.9983401648589986,2.6791458409466338,1779933844.7496443
-0.9973446741207017,2.680225366900922,1779933844.7696123
-0.996599955567118,2.6809438196161883,1779933844.7895324
-0.9956104647242203,2.682059270836116,1779933844.8296928
-0.994911340193383,2.6827427185862187,1779933844.849642
-0.9939126169322233,2.683859079812876,1779933844.8696449
-0.9933607418632154,2.6844089648001144,1779933844.889558
-0.9924838647349701,2.6855401997527037,1779933844.9298162
-0.9920202786057805,2.6860106052124344,1779933844.9496193
-0.9911708477686665,2.6869905171642565,1779933844.9695778
-0.9906749558820525,2.6874950192448996,1779933844.9894931
-0.989856508701254,2.6884759035259433,1779933845.029748
-0.9893621162994848,2.6889841123184377,1779933845.0496442
-0.988582771363066,2.690025641349089,1779933845.0696352
-0.9880947143580504,2.6905344246976894,1779933845.0895755
-0.9872533678390407,2.6915504569546385,1779933845.1296926
-0.9867424354814012,2.692088666207097,1779933845.149707
-0.9858434412513437,2.693157164308093,1779933845.1696446
-0.9853407954144597,2.693693710466863,1779933845.189608
-0.9844107721855837,2.694833077378095,1779933845.2297108
-0.9839456289129496,2.695337762541862,1779933845.249811
-0.9830305763662509,2.696558527416266,1779933845.269689
-0.9825978906411811,2.6970363620653264,1779933845.2897654
-0.9816321496870879,2.6982391533655643,1779933845.3297
-0.9811609495736521,2.6987642244937304,1779933845.3496802
-0.9801280969623729,2.7000373749315685,1779933845.369571
-0.9797738268237808,2.7004425603711066,1779933845.3896658
-0.978785861321312,2.701706859606022,1779933845.4296334
-0.9785528685145406,2.7019827346852625,1779933845.4496021
-0.9774343083754355,2.7035024537820838,1779933845.4896204
-0.9765872716926634,2.7046312526807768,1779933845.529633
-0.9763054620126222,2.7049667385933414,1779933845.5495775
-0.9751741869280387,2.7064310386759933,1779933845.58988
-0.9743713766661403,2.7076545903105016,1779933845.629768
-0.9741095750966413,2.70797589210215,1779933845.6495008
-0.9729877551133918,2.7094639091185675,1779933845.689604
-0.9721089345839775,2.710685860908366,1779933845.7295978
-0.9718833683598153,2.7109717116176455,1779933845.7497668
-0.9707784839062165,2.7124805113369455,1779933845.7898724
-0.9699340729682361,2.7138001622638,1779933845.8297253
-0.9697154774501547,2.7140848564179807,1779933845.8496702
-0.9686247635779973,2.7156173121406697,1779933845.8896623
-0.9677232738803291,2.7169377734381173,1779933845.9297185
-0.9676342375185766,2.7170644883695028,1779933845.9499853
-0.9666770351410292,2.7184626275193886,1779933845.9898477
-0.9659098564728973,2.719735937251461,1779933846.0296807
-0.9657930156409692,2.7199002545418263,1779933846.049678
-0.9648951383545513,2.7212534480561663,1779933846.0897703
-0.9641220492786476,2.722467135776941,1779933846.1297185
-0.9640499399247828,2.722573686663661,1779933846.1498773
-0.9632526437030481,2.723928316887434,1779933846.1897514
-0.9624969200777822,2.7251449439519453,1779933846.2295604
-0.962419297957145,2.7252611438445165,1779933846.2500234
-0.9615893454371568,2.7265904800143645,1779933846.289724
-0.9608302976181538,2.727852287626443,1779933846.3297238
-0.9607920835477458,2.727912980407884,1779933846.349671
-0.9601013426855755,2.7291685376501027,1779933846.3899755
-0.9594447159212376,2.730305908256921,1779933846.449754
-0.9588118160360852,2.731398926114288,1779933846.489662
-0.9582023225151151,2.7324883810613794,1779933846.5497718
-0.9575941530892471,2.733655924259985,1779933846.589712
-0.9569364818711811,2.734862431246142,1779933846.649707
-0.9562842127927074,2.7360681827057114,1779933846.6895838
-0.9556721153189184,2.737293213566972,1779933846.7497053
-0.9550438408713389,2.7384949415195945,1779933846.7897336
-0.9544736670414821,2.7396315858920377,1779933846.8496127
-0.9539289706142642,2.7407200523291233,1779933846.8897326
-0.9533869241087672,2.7418803855499707,1779933846.949708
-0.9528277494324316,2.743035349331595,1779933846.989726
-0.9522805816155878,2.7442098323136714,1779933847.0496166
-0.9517582097316103,2.7452955877285046,1779933847.0897093
-0.9516949461618831,2.7455271296682677,1779933847.109923
-0.9511043591873666,2.7468475974636135,1779933847.1496406
-0.9506777140030438,2.7477992337570876,1779933847.1896653
-0.9505869502666232,2.7480322881342065,1779933847.2096522
-0.9500923231999059,2.7491994497456775,1779933847.2497323
-0.9496967377043501,2.750111764464839,1779933847.2897284
-0.9496208194910946,2.750376045111326,1779933847.3096385
-0.9491934639324567,2.751439158649305,1779933847.349732
-0.9489219221409809,2.7521123456871552,1779933847.3896458
-0.9488398207052459,2.7523356916606447,1779933847.4096081
-0.9485277003469956,2.7531631028464343,1779933847.4496398
-0.94829416483348,2.7537573747792568,1779933847.4896224
-0.9482381408181126,2.753983026051035,1779933847.5097764
-0.9479442145415037,2.754791869552921,1779933847.549694
-0.9476772279272883,2.7554925343700694,1779933847.5895872
-0.9475837702479107,2.7557677022944347,1779933847.609596
-0.9471706044915689,2.75696643045937,1779933847.6497536
-0.9468706793647103,2.757810584085341,1779933847.6896043
-0.9467522042272534,2.7582081891401136,1779933847.7097423
-0.9463374205971908,2.7594651326176547,1779933847.7496948
-0.9460676905982562,2.7602796408235664,1779933847.789683
-0.9459283199399056,2.7607247861316493,1779933847.8098679
-0.9457010742798178,2.761442159537876,1779933847.8496332
-0.9455851439300034,2.7618770377921704,1779933847.8696892
-0.9454635380020543,2.762307362943102,1779933847.8896585
-0.9453804690023623,2.7626345065847135,1779933847.9096134
-0.9453158151837233,2.762884534750792,1779933847.9496965
-0.945260949238852,2.7631033035383683,1779933847.969616
-0.9451848261567608,2.76337043138275,1779933847.9896266
-0.9451487497434364,2.763561299872354,1779933848.0096138
-0.9450727984017432,2.76382835399596,1779933848.0496366
-0.9450309289577978,2.764011401636272,1779933848.0698252
-0.9449606677623503,2.7642658917021112,1779933848.0896277
-0.9449253866044628,2.7644471884483703,1779933848.1095226
-0.9448550140609637,2.7647085842369687,1779933848.1495333
-0.9448133778796409,2.7648982264662068,1779933848.1696181
-0.9447414002222404,2.765173742171176,1779933848.1897166
-0.9447018953095692,2.765385133740582,1779933848.2095394
-0.9446367328866382,2.7656473735828246,1779933848.2496
-0.9445898916787608,2.7658690170512057,1779933848.2695777
-0.9445290955382218,2.7661245485926704,1779933848.289581
-0.9444868670170371,2.766354989758924,1779933848.309489
-0.9443862135132924,2.7667728033468837,1779933848.3495283
-0.9443188879893146,2.7671070582019874,1779933848.3695147
-0.9441997196533188,2.7676279998580466,1779933848.3895726
-0.9441131602852635,2.7680971074374416,1779933848.4094913
-0.9440227037424781,2.7685354179479567,1779933848.449562
-0.9439278645651823,2.7690416687662998,1779933848.4695675
-0.9438469522821112,2.76945838424797,1779933848.4895997
-0.9437564504002277,2.7699874063089496,1779933848.5295317
-0.9436828460847927,2.770388899516924,1779933848.550346
-0.943594760642113,2.77093755839569,1779933848.5697923
-0.9435415000374724,2.7712591232092243,1779933848.58991
-0.9434632310483214,2.7717757159050467,1779933848.6295786
-0.9434286596595509,2.772012854701973,1779933848.6496997
-0.9433613270162172,2.7724657447525964,1779933848.6695883
-0.943328212445804,2.7726944505428377,1779933848.68958
-0.9432754874810194,2.773112153466596,1779933848.729537
-0.9432412646190651,2.773351757563326,1779933848.7495594
-0.9431935383039126,2.773767738361651,1779933848.769504
-0.9431619978556243,2.7740014538418456,1779933848.7895415
-0.9431168599720035,2.774420890512018,1779933848.8299425
-0.9430814832695256,2.7746910695672176,1779933848.8495915
-0.9430312060243604,2.775152429033246,1779933848.8696265
-0.9430024041197308,2.7753977511665164,1779933848.8896086
-0.9429664007094184,2.775882148696524,1779933848.9296162
-0.9429485317148849,2.776066622585687,1779933848.9496806
-0.9429062526225137,2.7765323493552163,1779933848.9695728
-0.9428885003709099,2.7767230461150727,1779933848.9895597
-0.9428549588569384,2.7771892100495092,1779933849.0295663
-0.942839187036017,2.777375628403043,1779933849.049588
-0.942805569841072,2.7778494748070046,1779933849.0694938
-0.9427887851934902,2.778057514968629,1779933849.0895495
-0.9427706903065329,2.778568081024422,1779933849.1295598
-0.9427701316341337,2.7786365936645807,1779933849.1495452
-0.9427565802772739,2.779036874073659,1779933849.1895685
-0.9427511639235718,2.779314108686788,1779933849.229592
-0.9427502693518321,2.7793610110623064,1779933849.2495728
-0.9427426746233458,2.7796625875879566,1779933849.2895765
-0.9427440425229614,2.7798852849769955,1779933849.3295138
-0.9427416332744691,2.7799551076602156,1779933849.3496013
-0.94273332515789,2.7803554543608993,1779933849.3895626
-0.942736725786312,2.7806917680225034,1779933849.4294853
-0.9427299027909982,2.780911526287017,1779933849.4495716
-0.9427360167849951,2.781532873543276,1779933849.4895368
-0.9427482469803334,2.7820807240374994,1779933849.5295115
-0.9427495105693697,2.7821761648234253,1779933849.5495954
-0.9427671251630544,2.7828168185103386,1779933849.589577
-0.9427914258716957,2.783388124820745,1779933849.6294525
-0.9427937863455448,2.783519700559188,1779933849.6495872
-0.9428315073017043,2.784331938889486,1779933849.6896048
-0.9428778214923316,2.785109550055671,1779933849.7294397
-0.9428819524758032,2.7851906456553293,1779933849.7497735
-0.9429397541215458,2.78606628684217,1779933849.7895381
-0.9430078287037709,2.7869113775829546,1779933849.8295488
-0.9430104322227706,2.786925501501521,1779933849.849687
-0.9430855687873033,2.7877007943334213,1779933849.8895938
-0.943159988026117,2.788379239109514,1779933849.9496179
-0.9432305237931186,2.7890150823954194,1779933849.9896219
-0.9433164364666641,2.789636558558116,1779933850.0496721
-0.9433966963760826,2.7902507123433247,1779933850.089818
-0.943482478343396,2.7908192703213515,1779933850.1497567
-0.9435626508237357,2.791336890743993,1779933850.1896594
-0.9436544434147598,2.7918318633785906,1779933850.249692
-0.943739235065789,2.7923213782024265,1779933850.289573
-0.9438655082437931,2.7930425666432965,1779933850.3495762
-0.9440688704584277,2.794112575556648,1779933850.3895643
-0.9443150097004556,2.795316300932995,1779933850.4496887
-0.9445837790079042,2.7965615133791464,1779933850.4898503
-0.9448746438165349,2.7978126507410264,1779933850.5496178
-0.9451866055488221,2.7990449871419796,1779933850.5895898
-0.9454985322683392,2.8002496350795663,1779933850.6496584
-0.9457593533105796,2.801252018984127,1779933850.6895366
-0.9458199314332998,2.8014646762407085,1779933850.70959
-0.9461611022293369,2.80267531015049,1779933850.7496152
-0.946435244928565,2.8036432589949953,1779933850.789634
-0.9465260366839047,2.8038832560760163,1779933850.8096514
-0.9469161452511735,2.8051736261070275,1779933850.849696
-0.9472211351819407,2.8061642501888326,1779933850.8896427
-0.9473144779245193,2.806452561207855,1779933850.9097257
-0.9477122447236482,2.807601533665506,1779933850.9496357
-0.9479958229774039,2.8084509610925483,1779933850.9896662
-0.9481100701131477,2.8087264229560045,1779933851.0096262
-0.9485121233939431,2.809850232417234,1779933851.0497005
-0.9486752304876888,2.810242900262213,1779933851.089626
-0.9487443026023449,2.8104245441112616,1779933851.1096597
-0.9488891248968183,2.8107336807978114,1779933851.149553
-0.9490542367193319,2.8111971206286968,1779933851.1895273
-0.9491275112728985,2.811354565744947,1779933851.2096338
-0.9493799591275571,2.8119950195647005,1779933851.2495184
-0.949558616760907,2.812439756660781,1779933851.2895977
-0.9496423454131774,2.81264050103709,1779933851.309579
-0.9497258034567226,2.8128011887338817,1779933851.3495202
-0.9497192606773669,2.8127625501048557,1779933851.389597
-0.9497205407547178,2.8127659257882907,1779933851.4096007
-0.949798270469938,2.8129669064091907,1779933851.4496453
-0.9498201540639378,2.8130320948315672,1779933851.4696035
-0.9499001377069662,2.8132183858180424,1779933851.4895809
-0.9499235815476141,2.8133111217513096,1779933851.5096264
-0.9500034258440649,2.813488162426936,1779933851.549577
-0.9500383947762526,2.813586441873999,1779933851.5695481
-0.9499268075555509,2.813307924920051,1779933851.589625
-0.9498729039166297,2.813222434691065,1779933851.6095655
-0.9497928381147136,2.8130567741960304,1779933851.6495595
-0.9497170292281641,2.8129368694945014,1779933851.669521
-0.9498653507911906,2.813288801994723,1779933851.6895852
-0.9498839824154258,2.81339270700277,1779933851.7095335
-0.9500179955455642,2.813673190512865,1779933851.7495422
-0.950087822949733,2.813844069942543,1779933851.7695656
-0.9502148371158885,2.8140947562198377,1779933851.789703
-0.9503002228227528,2.814294257639916,1779933851.8097377
-0.9502338781405092,2.8141345357642535,1779933851.8496983
-0.9502035038706852,2.8141555198107184,1779933851.8696852
-0.9501585882821594,2.81406407049051,1779933851.8897479
-0.9501115003142099,2.8140157329958937,1779933851.9095974
-0.9502695871668163,2.8143393206233998,1779933851.949546
-0.9503247452683093,2.8144805981297014,1779933851.969523
-0.9504551299346065,2.8147269617502917,1779933851.989513
-0.9505459312558502,2.8149338642407016,1779933852.0095136
-0.9506646114149049,2.8151492265132867,1779933852.0495594
-0.9507502106503231,2.815399474491227,1779933852.0695884
-0.9505440248602876,2.8149916263289354,1779933852.089713
-0.9504517386448615,2.8148805548953226,1779933852.1098394
-0.9502128785606362,2.81443593159676,1779933852.1495867
-0.9499920542497241,2.8140924462007835,1779933852.1695678
-0.9500198968937773,2.8141631907611613,1779933852.1894736
-0.9499020782744708,2.8139934178771413,1779933852.229537
-0.9498934968934621,2.81398599983452,1779933852.249636
-0.9498003521007969,2.8138788004699666,1779933852.2695189
-0.9497806558411215,2.8138469976656193,1779933852.2895367
-0.9497117505103343,2.813747403734976,1779933852.3295634
-0.9498968817797093,2.8140898010807014,1779933852.3495767
-0.9499835235877403,2.8142578551030843,1779933852.3694825
-0.9501289198047439,2.814517137052286,1779933852.3895419
-0.9502823006043731,2.814818775545388,1779933852.4295437
-0.9502101069564267,2.8146821355219656,1779933852.4495926
-0.9502537797921573,2.8147757830013362,1779933852.4694843
-0.95023324241029,2.8147369727295417,1779933852.4896
-0.9502414042534713,2.814766736144841,1779933852.5295372
-0.950237216868011,2.814758859441318,1779933852.5495558
-0.9502350970251251,2.8147679610833127,1779933852.5695264
-0.9502361699714421,2.814769902275229,1779933852.589532
-0.9502299365293949,2.8147775085290814,1779933852.6295388
-0.950232649343861,2.814782425517454,1779933852.649826
-0.950228926802129,2.8147817898689236,1779933852.6694765
-0.9502320022590726,2.814787375100166,1779933852.6895213
-0.9502294032936434,2.8147858816632887,1779933852.729523
-0.9502324883202927,2.8147914620236154,1779933852.7495759
-0.9502329982450117,2.814792912238921,1779933852.7694654
-0.9502360088113899,2.814798316645586,1779933852.789509
-0.9502358280311121,2.8147957784177677,1779933852.8295386
-0.9502386492108127,2.814800857857179,1779933852.849574
-0.9502423712358095,2.8148029369495062,1779933852.8895798
-0.9502445667705554,2.81480002994658,1779933852.9295382
-0.9502470932735416,2.8148045577875234,1779933852.949572
-0.9502580830000551,2.814807223221484,1779933852.9895399
-0.9502617216378824,2.814803850287643,1779933853.0295613
-0.9502639633002058,2.814807868752742,1779933853.0496247
-0.9502706012927246,2.814808171335145,1779933853.0898798
-0.9502759177745175,2.81480458363896,1779933853.1297894
-0.9502779018283495,2.814808140400411,1779933853.149847
-0.9502930672179943,2.8148078599711157,1779933853.189577
-0.9502988816280059,2.8148040919680746,1779933853.2294955
-0.9503006323978416,2.814807244033225,1779933853.2495682
-0.9503086443698928,2.8148063841663524,1779933853.2895813
-0.9503231891222204,2.8148018783396,1779933853.3294551
-0.9503247398980292,2.8148046779300357,1779933853.3498693
-0.950332582190578,2.8148034818412344,1779933853.3895411
-0.9503393389298749,2.814799641446267,1779933853.4294703
-0.9503406945249562,2.814802110828729,1779933853.4498725
-0.9503490079531042,2.8148005862758887,1779933853.489537
-0.9503639670126899,2.8147955214956744,1779933853.5294914
-0.9503651749640906,2.8147977307378538,1779933853.549551
-0.9503728580448425,2.814796097000028,1779933853.589591
-0.9503806107560188,2.8147943666171384,1779933853.6496246
-0.9503954953211557,2.814791201209525,1779933853.6897328
-0.9504024913635655,2.8147894870084684,1779933853.749791
-0.9504094820150605,2.8147877381938557,1779933853.7895484
-0.9504164299141967,2.8147859951755967,1779933853.8497686
-0.9504295130208021,2.8147828470670517,1779933853.8896031
-0.9504356044943649,2.8147813020876176,1779933853.9496875
-0.9504415939840454,2.8147797622026745,1779933853.9904459
-0.9504474502321026,2.8147782419625185,1779933854.0496585
-0.9504582629482181,2.814775428545965,1779933854.0896251
-0.9504632450449723,2.8147741100791523,1779933854.149636
-0.9504680736255677,2.814772812431913,1779933854.189551
-0.9504768824183015,2.8147704060616903,1779933854.2499428
-0.9504769346779339,2.8147704933666646,1779933854.2897449
-0.9504809132996199,2.8147692982566124,1779933854.3096087
-0.9504847859227362,2.8147682160157363,1779933854.3496172
-0.9504848391671329,2.8147683096624094,1779933854.3896239
-0.9504884901553081,2.814767168733071,1779933854.4098756
-0.9504951536366821,2.814765230006061,1779933854.4495916
-0.9504952075900109,2.8147653269475743,1779933854.4897177
-0.9504981639722262,2.8147643575354526,1779933854.5098498
-0.9505010175500008,2.8147635168360066,1779933854.5497046
-0.9505010677366231,2.8147636096161293,1779933854.589622
-0.9505061070833776,2.8147619718715204,1779933854.60966
-0.9505083852362423,2.814761285821246,1779933854.6497242
-0.95050843215571,2.8147613740978206,1779933854.6896358
-0.9505105243373708,2.8147606297595416,1779933854.7097077
-0.9505125254403487,2.8147600079138564,1779933854.7497025
-0.9505125690829028,2.8147600916833073,1779933854.7897568
-0.9505160439936917,2.81475888051715,1779933854.8098814
-0.9505175964622679,2.814758389678117,1779933854.8496919
-0.9503107727815441,2.8143334138710006,1779933854.8897417
-0.9502411742957265,2.8141839748397777,1779933854.9096801
-0.9496692463374461,2.812988041330107,1779933854.949783
-0.9492900050366725,2.812192038209712,1779933854.989736
-0.9490838551214599,2.8117396895362936,1779933855.0097609
-0.9487243678912385,2.810978263924038,1779933855.049613
-0.9484996155431704,2.8104879855689973,1779933855.069771
-0.9468457787900528,2.8070215981907864,1779933855.0895061
-0.9460749256128332,2.805361955571654,1779933855.1098495
-0.9448597240156118,2.8027695940914334,1779933855.1495233
-0.9440226742070712,2.8008910709888766,1779933855.1695454
-0.9427765758243257,2.7982074472267033,1779933855.1897557
-0.9418546173430724,2.7961599732185274,1779933855.2096305
-0.9405587103883329,2.7933544956080665,1779933855.249674
-0.9395570915691143,2.791110227525571,1779933855.2696242
-0.9382216360635253,2.7882041976859466,1779933855.2895632
-0.9371341628007281,2.7857494797614186,1779933855.3095033
-0.9357638893627803,2.782752510950477,1779933855.3495734
-0.9346055594949798,2.7800423852629192,1779933855.3696353
-0.9332183735243306,2.7769848279250575,1779933855.389565
-0.9319420379990985,2.774081528925041,1779933855.4095068
-0.930522675372248,2.7709391612723993,1779933855.449688
-0.9291432619297012,2.767789579174492,1779933855.4695563
-0.9031527671352022,2.7109301430213466,1779933855.4896135
-0.8986362477300218,2.700663977445942,1779933855.5095668
-0.8946854026235651,2.6918066888254177,1779933855.549729
-0.88988526211813,2.6809272339395074,1779933855.5696185
-0.8859529743275772,2.672074808684526,1779933855.589571
-0.880969126978061,2.6607215030260702,1779933855.6094935
-0.8770362647283131,2.6518397476575406,1779933855.6496737
-0.8718776598670133,2.6400375185598755,1779933855.66961
-0.8680461175947211,2.6313536574270295,1779933855.6895485
-0.8627088786130467,2.6189826872079216,1779933855.7296195
-0.8590962703649501,2.610756448384918,1779933855.7496533
-0.853616078293954,2.598167783801859,1779933855.7696037
-0.8501109202950314,2.590161443913409,1779933855.7895162
-0.8444816729183213,2.5772620962358515,1779933855.829537
-0.8411096727184044,2.569539922802873,1779933855.8496394
-0.8353466917097124,2.556320165555793,1779933855.8695498
-0.8320404707546647,2.548731307526293,1779933855.889582
-0.8260159716711513,2.5349664878894242,1779933855.9296515
-0.822864943192004,2.5277194573188746,1779933855.9499323
-0.8166408221876796,2.513490227231072,1779933855.9695644
-0.8136130016404768,2.506511901392291,1779933855.9895864
-0.8072360784155315,2.492006397910203,1779933856.0296085
-0.8043291270572619,2.485296922219156,1779933856.0495622
-0.7976847435771041,2.4703900796095435,1779933856.069523
-0.794941818189368,2.4640576548044804,1779933856.089527
-0.7882267462481801,2.4488800069062933,1779933856.1295502
-0.7855116131473575,2.4426073315727757,1779933856.1495364
-0.7786213873655143,2.427044565447829,1779933856.1694877
-0.7759818418334937,2.420942043501275,1779933856.189464
-0.7688847980341766,2.405016778093025,1779933856.2295437
-0.7663827072628058,2.3992304109821023,1779933856.2496443
-0.7589085694603511,2.382922095457077,1779933856.2694979
-0.7565850522701287,2.3775582813071288,1779933856.289622
-0.7491359812041929,2.3609629014578415,1779933856.329678
-0.7469146212171539,2.355836332185254,1779933856.3496401
-0.7372112295403164,2.3340699673253713,1779933856.3896418
-0.7291081670134063,2.3168350300143987,1779933856.4297714
-0.7271537045878059,2.3123419929598894,1779933856.4497051
-0.71731693596587,2.290431087051797,1779933856.489946
-0.7091632315567249,2.2725377101103286,1779933856.529747
-0.7074365839919925,2.2685763143194086,1779933856.549667
-0.6975236299735031,2.246683906148916,1779933856.5898209
-0.688644981280374,2.2282081043580124,1779933856.629745
-0.6872727212960018,2.2250797084741025,1779933856.6497712
-0.6774123101470075,2.2034746612338694,1779933856.6896946
-0.66869207769261,2.1846080733855087,1779933856.7297146
-0.6675486874597164,2.182010592392679,1779933856.7497299
-0.6576651278304585,2.160534598824451,1779933856.7897537
-0.648267840748892,2.1412411970440344,1779933856.829611
-0.6474139605111717,2.1393159769173784,1779933856.8497622
-0.6374979755994317,2.1178829456329007,1779933856.8898761
-0.6282238739281697,2.098028557277164,1779933856.929618
-0.627591572723837,2.096609825261946,1779933856.949786
-0.6172858996131355,2.0754612839872935,1779933856.9897804
-0.6077816224136955,2.055196285508809,1779933857.029789
-0.6073510819246106,2.0542380533953746,1779933857.0498233
-0.5974064842405945,2.033018219525726,1779933857.0897415
-0.5874298818121273,2.0118685292096665,1779933857.1500585
-0.577005914445674,1.9907477365470452,1779933857.1898565
-0.5668689313022061,1.9693733568773857,1779933857.2499764
-0.5566512963031006,1.9478446176770783,1779933857.2900178
-0.5463658901884922,1.926287931755505,1779933857.350144
-0.53566715621621,1.904665005742242,1779933857.3899293
-0.525379471361173,1.883191707342568,1779933857.4500299
-0.5150610612691795,1.8616709672707523,1779933857.4899175
-0.5043349601971134,1.8402131190705655,1779933857.5500157
-0.49401598134784047,1.8188158300506714,1779933857.5898464
-0.48351349596546545,1.7971766753070382,1779933857.6500387
-0.47288481132644034,1.7752866175439548,1779933857.6899529
-0.46184712359988667,1.7533871274431965,1779933857.749988
-0.4532476157616873,1.735216869033092,1779933857.789756
-0.45118686258108726,1.7315407824600209,1779933857.8098705
-0.44045311324417885,1.7096493157735677,1779933857.8498154
-0.43204264540558096,1.691995857670663,1779933857.8896704
-0.4293877156835112,1.6877553310187705,1779933857.9099252
-0.4186986228531878,1.6660629332066896,1779933857.9497354
-0.4106223242844108,1.6492591129427063,1779933857.9896677
-0.40805405628249186,1.6444807320970838,1779933858.009997
-0.3973570971504941,1.6229249229907543,1779933858.049771
-0.3894552329654533,1.6065899825558132,1779933858.0899112
-0.3862872383482472,1.6012375776404641,1779933858.109765
-0.37545064729172917,1.5795244411362415,1779933858.1497197
-0.36775781949673747,1.563760270885237,1779933858.1897323
-0.36457087925682313,1.5577412326623226,1779933858.2098215
-0.3536313591579453,1.5359664455922395,1779933858.249721
-0.34614870661175456,1.5207390943922172,1779933858.2897959
-0.342407822554955,1.5141690568288728,1779933858.3098278
-0.3314533409081925,1.492475811567115,1779933858.349701
-0.32423553678272743,1.4779126344318998,1779933858.3896644
-0.32046712461597193,1.470734633015853,1779933858.4097424
-0.3133077981551526,1.4563356307240225,1779933858.4496503
-0.309135091200884,1.4488498045618785,1779933858.4696765
-0.3020715325205593,1.4347115761895854,1779933858.4896348
-0.2979288545713857,1.426886268694875,1779933858.5097356
-0.2909730315946684,1.4130153795544558,1779933858.549664
-0.2866640246884541,1.4048265526495947,1779933858.5696688
-0.2798208848460424,1.3912278466521095,1779933858.5895257
-0.27539759865463626,1.3827809270520859,1779933858.6096199
-0.2686357638745966,1.3693867733765939,1779933858.649679
-0.2638642916819404,1.3606378175109357,1779933858.6698918
-0.25782411189981663,1.3487448716267048,1779933858.6895728
-0.25339716760298836,1.3402266647203172,1779933858.7097406
-0.24803464347871368,1.3297060670785927,1779933858.7497392
-0.24384112677923223,1.3216184474603967,1779933858.7696762
-0.23848180556917756,1.3111160230338392,1779933858.789725
-0.234288025970784,1.3028906223304175,1779933858.8097193
-0.22906107419379879,1.2926665640007173,1779933858.849965
-0.22485722656455648,1.2843107964697145,1779933858.8696945
-0.21980803462237747,1.27445439537317,1779933858.8896081
-0.21543392117442953,1.2660659510531278,1779933858.9096925
-0.20991051411976264,1.2552983127630444,1779933858.94976
-0.20516726141831837,1.246166864023028,1779933858.9697938
-0.19922552786141698,1.2346099308729819,1779933858.9897304
-0.1937009159745995,1.2241830209300022,1779933859.0097032
-0.18812791517175947,1.2133932498921147,1779933859.0498285
-0.1823788015436787,1.2024721909317642,1779933859.069731
-0.17697524494576183,1.1920468031999127,1779933859.089986
-0.17101581244369216,1.1807519830603077,1779933859.1095695
-0.1656281694303054,1.1703869394309414,1779933859.1497116
-0.15944014937520556,1.158636940871343,1779933859.169676
-0.15410143707473986,1.1483964224791856,1779933859.189601
-0.14759959994569768,1.1361639449682361,1779933859.2296038
-0.14251510283936414,1.1264458465802998,1779933859.2497182
-0.13592845756372493,1.1139551380932518,1779933859.2700176
-0.13093415541095033,1.1044356354189475,1779933859.289626
-0.12414532832313889,1.0916361387666476,1779933859.3295608
-0.11932758676320121,1.0824798742207131,1779933859.3495638
-0.112340170157447,1.0693620546228615,1779933859.3696606
-0.10777613877687472,1.0607159012486627,1779933859.3896258
-0.10074143730233442,1.0475257225882777,1779933859.429682
-0.09635865253183262,1.0392484858250124,1779933859.4499805
-0.08930904171020848,1.0260206314067455,1779933859.4696407
-0.08505621396920407,1.0180093440165612,1779933859.4895864
-0.0778605984042174,1.004587390873852,1779933859.5297658
-0.07371710604631548,0.9968035253145578,1779933859.5496721
-0.06633277440358835,0.9830825513494937,1779933859.5696318
-0.062381613237184656,0.9756818681724193,1779933859.589533
-0.05489186198716003,0.9617512675439404,1779933859.629599
-0.05101870338281065,0.9545166546105393,1779933859.6497366
-0.04337942177095808,0.9402993502642177,1779933859.6696858
-0.039665836789879484,0.9333819197086153,1779933859.6895943
-0.03181896836418125,0.9188670278295193,1779933859.7295756
-0.028290735099614044,0.9123141040005818,1779933859.74976
-0.020412669176596347,0.8976909576704919,1779933859.7696164
-0.01696388089281471,0.8913011787715224,1779933859.7895727
-0.008918477557208144,0.8764184997255267,1779933859.8295584
-0.0056187600530567955,0.8703205423407406,1779933859.8497074
0.0026052689645902397,0.8551025778724314,1779933859.8695676
0.005785604254934256,0.8492386569875529,1779933859.8895857
0.014244689265331635,0.8336036228184653,1779933859.9297135
0.017312705886373674,0.8279584320658463,1779933859.9496238
0.029017281215865633,0.8063881680963928,1779933859.9896145
0.03800123336488937,0.7898562665092808,1779933860.0295973
0.040789561847582256,0.7847513028937695,1779933860.0497236
0.0525609352661689,0.76312518739456,1779933860.0896769
0.06191958950027748,0.7458324358698956,1779933860.1295724
0.06439488545351603,0.7413181671766397,1779933860.1499689
0.07639815243830006,0.7193370433231457,1779933860.189653
0.08626455090950905,0.7012861783292813,1779933860.2295353
0.0885663869594859,0.6971047070295228,1779933860.2497702
0.10074393849754158,0.6747368063399379,1779933860.2898765
0.11115127523272296,0.6557708813431424,1779933860.3296964
0.11300717250036686,0.6524130909136151,1779933860.3498352
0.12526188137402602,0.630113665986835,1779933860.389862
0.1360211712297606,0.6105946124924905,1779933860.4297452
0.1374312943407682,0.6080556650167269,1779933860.4498737
0.1494072180082976,0.5862371547134264,1779933860.4897916
0.16034004076244096,0.5664895783551226,1779933860.5297534
0.1614097967765174,0.5645691952340982,1779933860.5498514
0.17339418981961724,0.5429412984758953,1779933860.5897195
0.18465505361273135,0.5226666081016262,1779933860.629712
0.18517309445540808,0.521744232182589,1779933860.649823
0.19623077847272868,0.501734064398951,1779933860.6896996
0.20671991843958867,0.48291094859518013,1779933860.7498455
0.216965964757081,0.46451890090465986,1779933860.7899313
0.22715166879658275,0.446160846895354,1779933860.8500168
0.23711324090429678,0.42832416118810746,1779933860.8898673
0.2463012759308707,0.4119180242743806,1779933860.9498265
0.25481822930615367,0.3966995452581248,1779933860.9900622
0.26313664554669036,0.3817651197576452,1779933861.0502326
0.2713323248315725,0.36716194919117917,1779933861.0900586
0.27920644501440045,0.3531620661678545,1779933861.1501417
0.2862696825955852,0.3404822541266837,1779933861.1900811
0.2927124983365503,0.32902694347258044,1779933861.2498174
0.2989959272014569,0.3178470900487007,1779933861.2898405
0.3052141328860557,0.30679715522011386,1779933861.349911
0.31028639681802983,0.297916274604598,1779933861.3901446
0.3110766105837667,0.2962511834891708,1779933861.4099593
0.31618944314406644,0.2871754845451739,1779933861.4498494
0.3200568947839351,0.28041907729616833,1779933861.4898942
0.3208033497102198,0.27897075347383177,1779933861.509915
0.3253245080362187,0.27095622183601925,1779933861.5498765
0.3289729033603108,0.2645927891888727,1779933861.5897837
0.3297795789237563,0.2629466461570995,1779933861.6097214
0.3340158151279429,0.2554481960704421,1779933861.6497302
0.33693668784757824,0.25036614722487294,1779933861.6897113
0.33772819950393584,0.24886676322444456,1779933861.709725
0.3410638171882709,0.24286115744340167,1779933861.749688
0.3436010579848726,0.2384496265409129,1779933861.7896616
0.3443727038144405,0.2370189395526812,1779933861.8096852
0.34767672543727035,0.23118720729161607,1779933861.849864
0.3499429268317207,0.2272560120858548,1779933861.889771
0.3507224022170822,0.22580868571618803,1779933861.9096665
0.35331775196442733,0.22115704108462772,1779933861.9496233
0.3550547104527557,0.21814776285160667,1779933861.9896824
0.35573993849494745,0.2169091423849516,1779933862.0096714
0.3581438145347188,0.21269346275991555,1779933862.0497522
0.35982151265033063,0.20979142761043149,1779933862.089792
0.3605398914827438,0.20849364463802578,1779933862.1095636
0.3629110260326491,0.20430716127950344,1779933862.1494627
0.36448827710855913,0.201583109193756,1779933862.189491
0.36525865887637304,0.2002176353174891,1779933862.2095056
0.3668078257982735,0.19754479968759583,1779933862.2497323
0.367597572495468,0.19614596176089022,1779933862.2695549
0.36911362577321105,0.19353271829841662,1779933862.2894104
0.3699324688397696,0.1920501963660991,1779933862.3094804
0.3714053143619855,0.1895124901345311,1779933862.3494403
0.3722641359869007,0.18800024174678376,1779933862.369506
0.37372990253301486,0.18547682279362712,1779933862.389374
0.37462231187431577,0.1839125817245178,1779933862.409509
0.3760651796258535,0.18143072988255438,1779933862.4496937
0.3769958659940775,0.17980215535149063,1779933862.4695399
0.3784079393399933,0.17737528386810053,1779933862.4894524
0.379369274890589,0.17567510411555018,1779933862.5094633
0.38074506208835823,0.1733113075110604,1779933862.5495696
0.38174171042111743,0.17157995564162637,1779933862.569524
0.3830942066516681,0.16925803687814758,1779933862.5894136
0.38412506645022004,0.16746960167768374,1779933862.609736
0.3853866245155876,0.16530574130719408,1779933862.6496072
0.38643533981582995,0.16348694224825638,1779933862.6695805
0.38763768357771433,0.16142579850158625,1779933862.689493
0.38870360761074924,0.15959893358678362,1779933862.709735
0.3899358334499046,0.1574886969383036,1779933862.7495832
0.39104226587468877,0.15559314337791427,1779933862.7696044
0.3922401046115936,0.15354429149844623,1779933862.7894886
0.3933812319152501,0.15159040843406973,1779933862.809422
0.39455179702900545,0.14959042089576863,1779933862.8495686
0.3957363297430471,0.14757709688851287,1779933862.8694754
0.3967978341070378,0.14576695726989897,1779933862.8894436
0.39795818468736716,0.143798545344057,1779933862.909424
0.3986763155534223,0.1425782066472594,1779933862.9494123
0.39964710896556416,0.14093306764908342,1779933862.969492
0.40016851161172234,0.1400491039019149,1779933862.9894485
0.40093371405416145,0.1387535887155354,1779933863.0096495
0.40152857521244945,0.13774431208128218,1779933863.0495892
0.402241407163897,0.13653363271209848,1779933863.0695088
0.4028426144680177,0.13551411119699264,1779933863.0894997
0.4035484643086627,0.13431854960837353,1779933863.1294878
0.4039344182140186,0.133666079132959,1779933863.149511
0.40451094487334566,0.13269056422201136,1779933863.1694381
0.40453396910708495,0.13265424531899192,1779933863.1896274
0.4048097278477545,0.13218840472025642,1779933863.2299154
0.40475601145381696,0.1322805236267189,1779933863.2495687
0.4048011591541477,0.1322057335278581,1779933863.269742
0.4048477643194395,0.13212674012340056,1779933863.2896433
0.40482221546230934,0.13217253571650883,1779933863.3296583
0.40489802968014466,0.13204391186271422,1779933863.3500082
0.4048533025786716,0.13212388143278328,1779933863.3697352
0.4049249595274437,0.13200237091319392,1779933863.3896437
0.4048718359947268,0.1321047091471102,1779933863.4297261
0.4049367403995163,0.13199473411843157,1779933863.449858
0.40487287463285837,0.13211064397535416,1779933863.4696317
0.4049392514007709,0.1319982558391584,1779933863.4896734
0.4048763514883808,0.13211497785662188,1779933863.5300186
0.40494052872087566,0.13200641389898438,1779933863.5496147
0.4048810673174745,0.13211972656221263,1779933863.5695527
0.40494227484525513,0.1320162875889814,1779933863.5896888
0.4048922113180014,0.13212981763255713,1779933863.6300092
0.40495107669096836,0.13203044709697162,1779933863.6496665
0.40489842511930546,0.13213486870043886,1779933863.6695855
0.40495354313873844,0.132041870736688,1779933863.6896622
0.4049054563286285,0.1321423127353887,1779933863.7296197
0.4049575146938799,0.13205454002770256,1779933863.7496984
0.40497153251533746,0.1320722503468815,1779933863.7897625
0.4049292105414295,0.132163233092744,1779933863.8297613
0.40497564180323786,0.13208503525109735,1779933863.8497314
0.4049806584948684,0.1320982989451841,1779933863.8897681
0.4049461301370284,0.13218139374013912,1779933863.9296575
0.40498731948191274,0.13211209856820136,1779933863.949691
0.4050056857931677,0.13213193689282948,1779933863.9896047
0.40497561915123403,0.13220691010258045,1779933864.0296474
0.40501221379280267,0.1321453876497984,1779933864.0497298
0.40501954707178395,0.1321589040205989,1779933864.089734
0.4050071330319833,0.13223378805806849,1779933864.1298187
0.4050397558676599,0.13217898393062794,1779933864.1497602
0.4050477847445639,0.13219211481370904,1779933864.1896877
0.4050272017119638,0.1322527068936387,1779933864.2295115
0.40505569518082984,0.13220484670044524,1779933864.249718
0.40506423534022673,0.13221734306454,1779933864.2897475
0.4050599146692634,0.1322788175919989,1779933864.3296282
0.4050852316111733,0.13223631448003612,1779933864.3500266
0.4050937622063604,0.13224818539189226,1779933864.3897889
0.40508012400200316,0.13229719251531036,1779933864.42965
0.4051023486979047,0.13225987857163354,1779933864.449683
0.4051111879998153,0.13227144387802925,1779933864.4896595
0.40513126025294527,0.1322889895483719,1779933864.550071
0.4051393932811962,0.1322996899042164,1779933864.589894
0.4051473236119551,0.13231002832135666,1779933864.650019
0.4051650704542766,0.13232556472799184,1779933864.6901798
0.40517262164035717,0.13233458418736888,1779933864.7500677
0.4051804874886184,0.13234291684046084,1779933864.790122
0.4051885151285209,0.13235045178674854,1779933864.8500433
0.40520499413014693,0.13236202894380494,1779933864.8900564
0.40517259619181006,0.13243478389866795,1779933864.9499927
0.405085524331846,0.13259912319331638,1779933864.9899712
0.4049834268100571,0.13279345941393036,1779933865.050015
0.4048870336234517,0.13300381696589775,1779933865.089883
0.4046598235129563,0.13341142454177382,1779933865.1501398
0.40444641492015027,0.13377078429669292,1779933865.1900012
0.40441561335101567,0.133847095277359,1779933865.2100868
0.4042956528609648,0.13405215710102428,1779933865.2499123
0.40422087702179815,0.13417816882618794,1779933865.2898238
0.40420201952019985,0.13421156577555984,1779933865.309868
0.4041149584739445,0.13435935783535435,1779933865.3498507
0.4041171592904448,0.13435570866768673,1779933865.389742
0.40411407720858816,0.13436238798757413,1779933865.409817
0.4041097104057356,0.1343659251703202,1779933865.449822
0.4040290672651709,0.13450161083876852,1779933865.4897044
0.404007818980524,0.1345360568328046,1779933865.5097713
0.40389487672755553,0.1347267371236381,1779933865.549693
0.4038098077510096,0.13486980881153984,1779933865.589691
0.4037777579610429,0.1349243252347594,1779933865.6097944
0.40371243853196265,0.13503411753041702,1779933865.6496851
0.40371135491712157,0.13503591986972527,1779933865.6896868
0.4037043902910681,0.1350479336982015,1779933865.709784
0.40370229411962005,0.13505215954457794,1779933865.7497241
0.40370194963170625,0.1350527364263678,1779933865.7897375
0.40370216054236857,0.13505383387125197,1779933865.8098595
0.4037022109607237,0.13505448162390457,1779933865.8496475
0.4036845026307195,0.13508423581325107,1779933865.8897507
0.4036787695118496,0.13509480653322042,1779933865.9097366
0.403644926657548,0.1351516524450972,1779933865.9497862
0.4036301108416847,0.13517712713408628,1779933865.9696198
0.40359824973344444,0.13523062241468045,1779933865.9897761
0.40357903541478896,0.1352615980998364,1779933866.0096014
0.4035485938940399,0.13531269016917896,1779933866.0497553
0.40352776564141124,0.13534596745574728,1779933866.0697148
0.4034979956735958,0.13539591390534655,1779933866.0897357
0.4034763025999088,0.13543100041299666,1779933866.1098363
0.40336146967909353,0.13562369681912173,1779933866.1499195
0.4032980936665589,0.1357242159913441,1779933866.1697412
0.40311028904369955,0.13603917279782493,1779933866.1895335
0.40299346377064177,0.13622990602034793,1779933866.2095408
0.402823126870904,0.1365152923619892,1779933866.2496274
0.40268423267545744,0.13674342240692336,1779933866.269594
0.4025252815365099,0.13700953718640171,1779933866.2895365
0.40237648990618285,0.13725461626189048,1779933866.3095593
0.4022235362471093,0.1375105325809547,1779933866.3499088
0.4020648208104405,0.13776800898362315,1779933866.3697407
0.4019577859704909,0.13794683047773373,1779933866.3895388
0.401818537125953,0.13817382971591965,1779933866.4095101
0.4017457433863714,0.138295285652769,1779933866.449565
0.4016323872599268,0.13847950883754587,1779933866.4695544
0.40155015463906507,0.1386167374046026,1779933866.4895337
0.40144222514625394,0.1387886045665868,1779933866.5095038
0.40135941859038954,0.13892668748212442,1779933866.5496085
0.4012546332399128,0.1390981597576981,1779933866.569632
0.4011720520342964,0.1392357952304115,1779933866.58956
0.4010657926493989,0.13940924891590356,1779933866.6095169
0.4009791879071868,0.13955351545067776,1779933866.6495764
0.4008681182596413,0.13973538780063813,1779933866.6696167
0.4008016742723245,0.1398459378369179,1779933866.6895854
0.4006950959570725,0.14001664626567037,1779933866.7296112
0.40064987188445333,0.14009175332991397,1779933866.749656
0.40056010957116156,0.14023751049796307,1779933866.7696414
0.40050865313067063,0.14032299180020316,1779933866.7895908
0.40042179754419543,0.140462370877012,1779933866.8296158
0.4003702642517609,0.14054792423894935,1779933866.8496463
0.40028313652245945,0.1406882920688871,1779933866.8695867
0.40022170652104067,0.1407902368945062,1779933866.8895307
0.4001224068942153,0.1409455657635584,1779933866.9295795
0.40006740214078523,0.14103669084047127,1779933866.949671
0.39996572703195876,0.1412000863834243,1779933866.9695733
0.39992431493495423,0.14126856233115823,1779933866.9895275
0.39982787403955633,0.14142306512473724,1779933867.0295424
0.39978488467325785,0.14149410666974882,1779933867.049618
0.39968715275046646,0.14164734780380644,1779933867.0695322
0.39964512469536384,0.14171670272420106,1779933867.0895045
0.3995484448296707,0.14187208615017827,1779933867.1295452
0.39955018151325533,0.1418689925889162,1779933867.1496363
0.3994874053488022,0.14196894744460273,1779933867.1695037
0.39948355721032364,0.1419751736195377,1779933867.1894894
0.39944005703335195,0.14204387012686862,1779933867.2295258
0.39939524373631674,0.14211774845904296,1779933867.249638
0.39932834095641506,0.14222323646264842,1779933867.2695377
0.39929599962191703,0.14227642782573638,1779933867.2895296
0.3992223435262363,0.14239544934618595,1779933867.3295717
0.3991945084882721,0.14244115620721112,1779933867.3496184
0.39910797671652803,0.14258149138848142,1779933867.389576
0.39904132364707634,0.14268609430699533,1779933867.4296546
0.3991153173760083,0.14256436918446758,1779933867.4497743
0.3992377457025857,0.14236181343356208,1779933867.4897377
0.399360335300196,0.14215941857711673,1779933867.529637
0.39940507690630156,0.1420862497495382,1779933867.5497096
0.3995876016868804,0.14178690064378874,1779933867.5896738
0.3997562005255028,0.14150862794571054,1779933867.629701
0.3997330053299654,0.14154684601452688,1779933867.6497612
0.39983090401233945,0.14138688891774412,1779933867.6899848
0.3999174997737381,0.14124524870255317,1779933867.7296634
0.399919458524929,0.14124217151326476,1779933867.7497256
0.4000065107017402,0.14110050602320398,1779933867.7898703
0.400090632255017,0.14096368570062248,1779933867.8298256
0.4000934737066091,0.1409591735634408,1779933867.8496468
0.4002259098400056,0.14074499666131393,1779933867.889646
0.4003637921013064,0.14052309079937084,1779933867.9296472
0.40042161171039675,0.1404294897736804,1779933867.9496458
0.40063983423638366,0.14007982187885507,1779933867.9897277
0.4008640683976267,0.1397210074761983,1779933868.0499287
0.4010909951034984,0.13935871841571298,1779933868.0897763
0.40131889518227454,0.13899623834845462,1779933868.1499443
0.4016051715529518,0.13854273101454131,1779933868.189732
0.40197762992167946,0.1379514062668453,1779933868.2501066
0.4023885734886038,0.13730072089450138,1779933868.2898426
0.40281602627319296,0.1366309752922171,1779933868.3499348
0.40320224245318004,0.1360243386865831,1779933868.3898308
0.4035995874591745,0.13540335034135953,1779933868.4500463
0.4040679115404656,0.1346710724947858,1779933868.4899547
0.4045655272362167,0.13390464072596564,1779933868.5499701
0.40506409790461756,0.13313083739524736,1779933868.5899549
0.4054902197125513,0.13247652324304882,1779933868.6498609
0.40584412560810845,0.13193585875497343,1779933868.6899364
0.40621743472022914,0.1313823416244548,1779933868.7499483
0.40651462951477557,0.13092220822936212,1779933868.7900329
0.40658141934311137,0.13083063087406513,1779933868.8100452
0.40695220110326136,0.1302751300765904,1779933868.8497064
0.40713764350698606,0.12999158084739426,1779933868.889764
0.40720744342732834,0.1299197383979507,1779933868.9098704
0.4073650549526444,0.12969838750129106,1779933868.9497619
0.40751687201514497,0.12946623447467961,1779933868.9897804
0.40756769825426725,0.129405086877658,1779933869.0099761
0.4077773169733452,0.1291085582367895,1779933869.0496914
0.4079274669298761,0.12888115495407954,1779933869.08975
0.4080008628113671,0.12881630790985024,1779933869.1097271
0.4079899369033051,0.12886008288952208,1779933869.149713
0.4077779482257704,0.12918216803239915,1779933869.189735
0.4077202660803312,0.1292885692334165,1779933869.2098541
0.40742226785687363,0.12977935837030652,1779933869.249738
0.40720392335275446,0.13010155987347313,1779933869.2898366
0.407106075008599,0.13026975011462907,1779933869.3097708
0.40678122373831965,0.13076510842401312,1779933869.3499525
0.40658114094648856,0.13105611053546898,1779933869.38992
0.406470072924406,0.13123329948770568,1779933869.4096446
0.4062977081820754,0.13148203982352863,1779933869.449843
0.4061999201099802,0.13165495745334768,1779933869.4697807
0.4060431520592275,0.13187908245107158,1779933869.4899073
0.40594289406765466,0.13203821924836281,1779933869.509839
0.40578562762652043,0.13226212310349791,1779933869.5498722
0.40568325250828735,0.1324198126501599,1779933869.5696416
0.4055275587124821,0.13264023984145948,1779933869.5898678
0.4054211026749066,0.13279978890459435,1779933869.6098702
0.40525482119874534,0.1330342583160833,1779933869.6497314
0.4051422463903218,0.13320881016934893,1779933869.6697745
0.40517224467080976,0.13315994394456268,1779933869.6895916
0.4051377318109047,0.13321545870553034,1779933869.7099547
0.40535194608079445,0.1329096143457837,1779933869.7500994
0.4054406488775656,0.13279322429134816,1779933869.7699058
0.40562104593217,0.13254283184250898,1779933869.7898753
0.40575817118521984,0.13236855771583914,1779933869.8097546
0.4059245513638343,0.1321420698289907,1779933869.8497694
0.4060746158067935,0.13194627786221466,1779933869.8696806
0.4061382482356829,0.13186431883724264,1779933869.8895385
0.4062477150194267,0.13172746449707184,1779933869.9099503
0.4061496178262477,0.13186649207868623,1779933869.9496684
0.4061529774895501,0.1318715004964171,1779933869.9696105
0.40601137434725876,0.1320643692026864,1779933869.9896266
0.4059397530341853,0.13217577123665827,1779933870.0095325
0.40582592260813666,0.13232614270460583,1779933870.0496485
0.40572168740147446,0.13246897326357637,1779933870.069643
0.4056174721994953,0.1326042520900385,1779933870.0896819
0.4055021273766375,0.13275953138497845,1779933870.1095383
0.40536316362479663,0.13293932318398263,1779933870.149593
0.405217627479249,0.13312935979450757,1779933870.169645
0.40514912476336395,0.13321422533140578,1779933870.1896632
0.40502697066657617,0.13337241776791517,1779933870.2095973
0.4050494936828981,0.13333885508318236,1779933870.2497187
0.40499433149468406,0.13340825268658169,1779933870.2695856
0.4049894277976491,0.1334127913284343,1779933870.289663
0.40495565062759753,0.1334541757064194,1779933870.329552
0.4049420339888019,0.13347047862640218,1779933870.349897
0.40491423653864866,0.13350262486701087,1779933870.3696146
0.40493143549736665,0.13348018348412133,1779933870.3896394
0.40492805703268187,0.13348276752627367,1779933870.4294546
0.4049682887273818,0.13343271694432826,1779933870.4496732
0.4049960147627954,0.13339809077642242,1779933870.4695437
0.4050229069545602,0.13336583114456324,1779933870.4896274
0.4050612254049833,0.13331882995557495,1779933870.5295188
0.4050834237055273,0.13329287448456129,1779933870.5496733
0.4051258251315252,0.1332408285236655,1779933870.5696447
0.40514603032779856,0.133217704485949,1779933870.589584
0.40519044302344,0.13316522862686792,1779933870.6294909
0.4050748542364795,0.1333036394807843,1779933870.6496532
0.40501693827540863,0.13336833926501263,1779933870.6696162
0.4048871075775529,0.13351945850719651,1779933870.6894612
0.40474667922183455,0.13367587315063154,1779933870.7295268
0.4047301422474208,0.1336920718607751,1779933870.7496412
0.4046172110370405,0.13381131975867758,1779933870.7695494
0.4045868932846608,0.1338437114556518,1779933870.789564
0.4044840183529169,0.13395195083695105,1779933870.8296049
0.4044491688401032,0.13398936046008061,1779933870.849679
0.4043476594407621,0.134094608917375,1779933870.8695488
0.4042917515812988,0.13415527060876672,1779933870.8895612
0.4041682818894306,0.13427674629694503,1779933870.929431
0.4041561965132464,0.13428783506745623,1779933870.949624
0.40405794941978934,0.13438557551936695,1779933870.9694889
0.40408994119174785,0.13434903631739464,1779933870.989447
0.4040457500182451,0.13438765422200613,1779933871.0295198
0.40405056425131086,0.13438181983737557,1779933871.0496922
0.4040241944207968,0.13440246045213525,1779933871.0695724
0.40402043284337025,0.13440612320985593,1779933871.0895703
0.4039960973157868,0.13441849958958643,1779933871.1294987
0.4040038376519388,0.13441013363366483,1779933871.149651
0.4039837728352272,0.1344248410420472,1779933871.1895075
0.40396782734378667,0.1344336585572096,1779933871.229524
0.40393075482041035,0.13447135883621547,1779933871.2497108
0.40386054921779174,0.13452849198996153,1779933871.289625
0.4038031986855567,0.13457654575506425,1779933871.3296351
0.403787852643244,0.13459113845120974,1779933871.3496497
0.4036994510614325,0.13466893743173486,1779933871.3895817
0.40362065770018474,0.1347349406965096,1779933871.4294782
0.40358835897923945,0.134765380909339,1779933871.4496627
0.4035004615037894,0.13483248988026086,1779933871.4896653
0.4034300772309625,0.13488877716523912,1779933871.5296214
0.403464695278157,0.13485569168040684,1779933871.5497005
0.40345181320140994,0.13486096987795537,1779933871.589619
0.40344496205043207,0.13486032466800954,1779933871.629623
0.4034092660462972,0.13489291212831006,1779933871.6497254
0.4033122145570077,0.13496790530090494,1779933871.6898541
0.4032157766353335,0.13504304089965713,1779933871.7295856
0.40323734738254413,0.13502335439385363,1779933871.7497787
0.4032207722865316,0.13502967640082478,1779933871.7905014
0.4032149089021541,0.13502297322648185,1779933871.8297248
0.4032275853098964,0.13501205776568617,1779933871.8498461
0.4032475168003749,0.1349919723774574,1779933871.88967
0.40315297370196673,0.13506737481811798,1779933871.949973
0.4029236115335158,0.13524632277219908,1779933871.9896932
0.40267343034246533,0.13542512559000514,1779933872.04966
0.4024308607754792,0.13560126010385182,1779933872.0899334
0.402185149195165,0.13577525065303814,1779933872.1498177
0.401953546778857,0.13593622048120377,1779933872.1896462
0.40186266432993134,0.13597961323827198,1779933872.249986
0.4019723842108552,0.13588996019797428,1779933872.2903562
0.4021576128157424,0.13575530358362345,1779933872.3499227
0.4023661619672643,0.13560562562240963,1779933872.3899407
0.4025643731082851,0.13547345383611,1779933872.4496775
0.40286866318287706,0.13527144121470772,1779933872.4896178
0.4033365129180009,0.13496750868927274,1779933872.5496283
0.40385419315920257,0.13464511420293632,1779933872.5896356
0.40438634405060936,0.13432541799578085,1779933872.6502683
0.4048057231096154,0.13407936101517653,1779933872.6898468
0.4048956467633343,0.1340284761405564,1779933872.7099817
0.405370825213587,0.13376325412421725,1779933872.7497842
0.4057393695617839,0.13355594117321767,1779933872.7897015
0.40583587509753904,0.13350792343246742,1779933872.8098202
0.40630432305562475,0.13325587348891096,1779933872.8497438
0.40666337495869026,0.13306204809330213,1779933872.8897424
0.40677500702516156,0.13300728682256693,1779933872.9098155
0.4071420375841399,0.1328335958465984,1779933872.9498866
0.40742169796776784,0.13268946452813982,1779933872.98967
0.40752835851946473,0.13264540435261593,1779933873.0096676
0.40807068208131925,0.13237595792677465,1779933873.0497153
0.4084653455557036,0.1321805994830035,1779933873.0898678
0.40863077031788003,0.13210722498089628,1779933873.1098914
0.4092078111807892,0.1318511638271622,1779933873.149913
0.4096101945575556,0.1316629167714397,1779933873.1898756
0.4098069839429688,0.13157942502590456,1779933873.2098577
0.4103466898667857,0.13134863216712708,1779933873.2498517
0.41061675672942416,0.13123345183729598,1779933873.2899537
0.4107937622992567,0.1311786121438492,1779933873.30986
0.4110582766629495,0.13106631115224196,1779933873.349718
0.41122601275203574,0.13100648437027448,1779933873.3696153
0.4114886955806494,0.13089694665052506,1779933873.3894975
0.4116576200571873,0.13083513975880262,1779933873.4095602
0.4118868330855228,0.13074326380523646,1779933873.4496844
0.4120485008045907,0.1306908492136664,1779933873.4696414
0.4121537276524476,0.13065541128002284,1779933873.489519
0.41226758811195985,0.13063433974476354,1779933873.509577
0.4122896876536598,0.13063181459756143,1779933873.5495677
0.4123405100355019,0.13062317774784618,1779933873.5695179
0.41237651559763217,0.13061083273304488,1779933873.589521
0.41240775370078553,0.13060592942616944,1779933873.6095607
0.4124476143122029,0.1305911442539643,1779933873.649532
0.41247522902966965,0.13059149462252675,1779933873.6696243
0.41250540750398546,0.13058063738486494,1779933873.6895545
0.4125306216468369,0.13059033598956157,1779933873.7095716
0.41242773918699394,0.13063047647635434,1779933873.7495584
0.41237955927732706,0.13065468095180433,1779933873.7695665
0.4121744946640198,0.13072780501476713,1779933873.7895153
0.41203666892039337,0.13077665115113454,1779933873.8095033
0.4118601802868113,0.13083297577358688,1779933873.8496296
0.4116936224542339,0.13089667468869634,1779933873.8696089
0.41153025333881993,0.1309452163537652,1779933873.8895495
0.41134926102226094,0.13100581873363437,1779933873.9095078
0.41121108317100113,0.13104385753877665,1779933873.9495606
0.4110342127264868,0.13109833219168252,1779933873.9695945
0.4108855722875642,0.13113895762005695,1779933873.9895318
0.4107002654656645,0.13119174280815427,1779933874.0095143
0.41052456956149724,0.13123946530566113,1779933874.0495355
0.4103155342755867,0.13129953325180632,1779933874.069603
0.41015255750585755,0.13134096724189656,1779933874.0895557
0.4099331115654772,0.13139925322750717,1779933874.1095414
0.40977394861449495,0.1314377387390086,1779933874.149621
0.4095479031805901,0.13149389060270228,1779933874.1695921
0.4093314049292136,0.13154693169328266,1779933874.189524
0.4090591465068748,0.1316113600883148,1779933874.2295501
0.40864762127323184,0.13171329892852052,1779933874.2496681
0.40821512189817394,0.13180978156637083,1779933874.2695842
0.4077190283140155,0.1319248250095377,1779933874.2897477
0.40712317947502796,0.1320506766261417,1779933874.3301957
0.40670069716884333,0.13213843734170153,1779933874.3495965
0.40604424318159127,0.13227055778353794,1779933874.3695564
0.4056540947958666,0.1323457671953575,1779933874.3895166
0.40496551957176136,0.13247589714081365,1779933874.429559
0.40449269349508316,0.1325659787557865,1779933874.4496593
0.40371603003948514,0.13270643192171833,1779933874.4695716
0.40328597749794515,0.13278125763511348,1779933874.4895408
0.40247069683064646,0.13291753111021942,1779933874.529496
0.4021647967347487,0.1329625425588987,1779933874.5496318
0.40140659370122217,0.13308406934479552,1779933874.5696278
0.4010814022627784,0.13313200530823735,1779933874.5894966
0.4003273384896781,0.13324276027075727,1779933874.6295216
0.4000059369268547,0.13328782501276196,1779933874.6496267
0.39924856884643206,0.13339350144257173,1779933874.66953
0.398900903281692,0.13344054932508123,1779933874.689525
0.398103210217786,0.1335389579079579,1779933874.7295992
0.39787641827320985,0.1335630201539335,1779933874.749865
0.39712733238023895,0.1336496434996639,1779933874.769525
0.39700537740683506,0.13365716619789944,1779933874.789492
0.396373617749065,0.13372020515156394,1779933874.829523
0.3961938107116604,0.13373693060935438,1779933874.8496466
0.39559424329421583,0.13379593523025443,1779933874.869505
0.3954018592939308,0.13381351291190244,1779933874.8895044
0.3948056626134837,0.1338590653704637,1779933874.929547
0.3944855384704947,0.1338910275476768,1779933874.9498563
0.3934928110467693,0.1339659257408414,1779933874.9896083
0.39270835544985533,0.13401253933548776,1779933875.0296175
0.39258325348949885,0.13401639155413073,1779933875.0496345
0.3917143749579205,0.13406423039842272,1779933875.0896277
0.3910212862209365,0.13408982861084853,1779933875.1296077
0.39085781255069074,0.13409651969127037,1779933875.1496465
0.39001304595745173,0.13412342449696005,1779933875.189657
0.38931992513796954,0.13413393144476574,1779933875.2296126
0.38925411575500785,0.1341319866306072,1779933875.249705
0.38860300244952,0.13413792760675278,1779933875.2896285
0.38806627898713175,0.13412027898728796,1779933875.329631
0.3879913676882886,0.1341196367520557,1779933875.349642
0.3873971801875807,0.1341158894906575,1779933875.3896246
0.3868900418462934,0.13410077606754414,1779933875.4296
0.3869724302817896,0.134095415797438,1779933875.449691
0.386734210780669,0.13408265940307568,1779933875.489642
0.38657095726470936,0.13405844530171546,1779933875.5296164
0.38651237379899245,0.13405805168100443,1779933875.549637
0.38628872183265206,0.13404815958916752,1779933875.5896215
0.38610628856609247,0.1340302314622965,1779933875.6296256
0.386062503529315,0.1340289540184368,1779933875.6497192
0.38588507139130057,0.1340153298248325,1779933875.6896195
0.3857484988790554,0.13399084938350425,1779933875.7295861
0.3858057099262547,0.13399229826856218,1779933875.749661
0.38580147217580624,0.1339900108795217,1779933875.7896495
0.3858249944890232,0.13398708214957775,1779933875.8499942
0.38585780700510325,0.13399128947326416,1779933875.8897953
0.38587398077951374,0.13398996540002484,1779933875.9503074
0.3859283389967785,0.13399556269349472,1779933875.989914
0.3860711434528018,0.1340077506682549,1779933876.0499446
0.3862560801384548,0.1340342085914705,1779933876.0901985
0.38644983235954883,0.134062162333545,1779933876.149878
0.3866364396817602,0.13409488946697423,1779933876.1899981
0.386907322320435,0.13413571717868014,1779933876.250158
0.38730630164838276,0.13420616299017096,1779933876.2898946
0.3877448437391887,0.13429023432423698,1779933876.3496764
0.388195006547524,0.13438436193924405,1779933876.3897834
0.3887565434112244,0.13450185691216035,1779933876.4500237
0.38956152614921485,0.13467701954573771,1779933876.489762
0.3905341509573942,0.1349039904878806,1779933876.5500467
0.3913743310755666,0.13511297779818102,1779933876.5897408
0.3915459288299095,0.1351568807074936,1779933876.6098952
0.39256807334686095,0.1354284911285289,1779933876.6497886
0.393370976254876,0.13564885389024095,1779933876.6897612
0.3935706813990462,0.13570444127946604,1779933876.709781
0.39444093150794546,0.13596117486267237,1779933876.7496378
0.3950020802831989,0.1361337736562385,1779933876.7896976
0.39517552357986496,0.13619138207021594,1779933876.8101633
0.3958771304327486,0.13641269705504544,1779933876.849662
0.39639756336892124,0.13657893569528526,1779933876.8899498
0.39657353973321563,0.13663468788018882,1779933876.909702
0.39722363056886184,0.13685541945108962,1779933876.9497275
0.3974624894709752,0.1369488502165324,1779933876.989689
0.3975774284666156,0.13699527002387885,1779933877.009759
0.39764770734239835,0.13703590717168637,1779933877.0496874
0.3976762931747463,0.13704925807569546,1779933877.089623
0.3976926145856936,0.1370527269722792,1779933877.1096914
0.39772872023000067,0.13706644731625378,1779933877.1497068
0.3981607719861979,0.13721175547264708,1779933877.1897137
0.3983073501737717,0.1372675559169541,1779933877.2097225
0.39893935086326593,0.13751078805377262,1779933877.2496383
0.3989732068599159,0.13754199439452172,1779933877.289757
0.3990593269702854,0.13757068314462864,1779933877.3096974
0.39911240795187247,0.13759750796776934,1779933877.349672
0.3991621297410869,0.1376081084688691,1779933877.3696527
0.3992206228044707,0.13763391574334694,1779933877.3902745
0.3992571477285233,0.1376451508863779,1779933877.4096994
0.39967076432253273,0.13780987528301886,1779933877.4497406
0.3998489722179621,0.13788044294623955,1779933877.469762
0.40006575983228376,0.13798107192575007,1779933877.4897614
0.4002306044579058,0.13804262720406762,1779933877.509631
0.39994547518620005,0.13793571324886592,1779933877.5496752
0.3998907345303011,0.1378832550947207,1779933877.5696566
0.39967135556201444,0.13778581614918595,1779933877.5896583
0.39953910379601126,0.13770994391596703,1779933877.6096003
0.3993455247766716,0.13761714869665415,1779933877.6496406
0.3991870037139316,0.137524792837444,1779933877.6696744
0.3991462490430549,0.13749709198893448,1779933877.6896696
0.399047278543439,0.13741869024065131,1779933877.7096786
0.39899895266750324,0.13739119637865904,1779933877.7501638
0.3989204169692207,0.1373375401153234,1779933877.7697878
0.3987348583948287,0.13724744191070026,1779933877.7895877
0.3985958400568569,0.1371629845842796,1779933877.8095803
0.39843472436159855,0.1370801840235424,1779933877.849579
0.3982736805787193,0.13698252493715873,1779933877.8696415
0.3981245250826048,0.13690361736135864,1779933877.8895962
0.3979530533693569,0.13678785948600514,1779933877.9097018
0.3983194674062586,0.13696088047463123,1779933877.9498715
0.3984298539051913,0.13700758378231817,1779933877.969559
0.39876362336027577,0.13717733841571986,1779933877.9895794
0.39901996185607636,0.1373009199033603,1779933878.0095367
0.39887419778581157,0.13723549284288056,1779933878.04963
0.3989329348853758,0.13725078178610606,1779933878.069599
0.39887206805697856,0.13722119854182802,1779933878.0895877
0.39886934915035754,0.1371842842479626,1779933878.1296465
0.39883654032230753,0.1371670574457444,1779933878.1496477
0.3988102441485876,0.1371346981943788,1779933878.1696973
0.3990237147820899,0.13724558896541153,1779933878.1895812
0.3991450447021002,0.13729449606812025,1779933878.2295673
0.399374302479358,0.13741798538946698,1779933878.249617
0.39960755557233235,0.1375100596238006,1779933878.2695994
0.399633441002237,0.13752732969411866,1779933878.2895823
0.3997975182874355,0.13759935047269162,1779933878.329786
0.39985357891498546,0.13763172109969737,1779933878.3498895
0.3999990773993159,0.13769264805877263,1779933878.3695953
0.40006270123365145,0.13772881509903745,1779933878.389586
0.40020403411773714,0.13778646533627173,1779933878.429733
0.40010262167283045,0.13773322327024123,1779933878.4497352
0.4001236268680231,0.1377030765537809,1779933878.46962
0.40001906318972114,0.1376463501194223,1779933878.4900134
0.3999448143329801,0.13758602920019106,1779933878.5300841
0.39998619153413983,0.13760785045163804,1779933878.549656
0.3999614376690366,0.13757643200570377,1779933878.5695972
0.3999775776500568,0.13758500956917763,1779933878.5895562
0.39996867321797447,0.13756343556347694,1779933878.630007
0.39997649145203407,0.13756762685342563,1779933878.6497178
0.39997485794161747,0.13753673378213155,1779933878.6699643
0.39997990614203016,0.1375394715493928,1779933878.6900852
0.3999773703578744,0.13752478578789418,1779933878.7297633
0.39998130441170876,0.1375269160881081,1779933878.7499864
0.39997924131939155,0.13751326664976019,1779933878.7696018
0.3999827001431383,0.13751514533185055,1779933878.7896917
0.39998215586598995,0.13749261520342212,1779933878.8297026
0.3999853582517517,0.13749436541578414,1779933878.8498616
0.3999862649832144,0.13748500546476208,1779933878.889597
0.3999841748655897,0.1374747940687952,1779933878.9296489
0.3999869703968794,0.1374763183915872,1779933878.9497075
0.39998748718578775,0.13746825317069275,1779933878.989879
0.39998586776978123,0.13745291521375186,1779933879.029668
0.39998837746567373,0.1374542907188002,1779933879.0496933
0.39998848719192165,0.13744813314614854,1779933879.089916
0.3999862425815934,0.1374413352628734,1779933879.129638
0.3999884446773947,0.1374425353300915,1779933879.149632
0.39998835035554975,0.13743308229597465,1779933879.189609
0.3999860782022644,0.13742792163416123,1779933879.229555
0.39998803789307746,0.13742898470756595,1779933879.2497017
0.39998761292291435,0.13742533625391365,1779933879.289774
0.3999853412136265,0.13742119040698278,1779933879.3298469
0.3999870831819333,0.13742213237335618,1779933879.349624
0.39998613433034114,0.13741698205009548,1779933879.389683
0.3999839394051607,0.13741401360812452,1779933879.4296074
0.39998547901702525,0.13741484067747767,1779933879.4496975
0.39998476223143664,0.13741304652666034,1779933879.4896603
0.39998398815544844,0.13741158088559957,1779933879.5497677
0.3999826076283997,0.137409476269575,1779933879.5898407
0.3999805967883646,0.1374080518389552,1779933879.6500714
0.3999806171744896,0.13740797250632747,1779933879.6900012
0.3999793794249614,0.13740758542230505,1779933879.7501915
0.3999786826829891,0.1374075521928988,1779933879.7903905
0.3999779339018125,0.13740767298447182,1779933879.8506238
0.3999771794480909,0.13740795036875422,1779933879.889732
0.39997579776800557,0.13740875945011594,1779933879.9499662
0.3999751251717985,0.1374092542889914,1779933879.989843
0.39997445779694485,0.13740985111658147,1779933880.049965
0.39997322085494136,0.13741115209625734,1779933880.0898747
0.39997263820688905,0.1374118430781685,1779933880.1500351
0.3999720645608067,0.13741259401620942,1779933880.1898682
0.39997150255087405,0.13741339167592603,1779933880.2499146
0.39997155396624323,0.13741342127317782,1779933880.2897484
0.3999704574895173,0.1374149660696676,1779933880.309825
0.39996998209615203,0.13741574593653402,1779933880.3498724
0.3999700399604145,0.13741577808488212,1779933880.3897004
0.3999695187073843,0.1374165445470638,1779933880.4099715
0.3999690709154927,0.13741735228914462,1779933880.4501348
0.39996913008640844,0.1374173841553432,1779933880.489939
0.39996824197785136,0.1374188802046618,1779933880.509982
0.3999678736900253,0.13741960977003156,1779933880.5498886
0.399967931622704,0.13741964040544197,1779933880.5897691
0.3999675188509663,0.1374203326973684,1779933880.6097846
0.3999668658215091,0.13742167065055919,1779933880.649912
0.39996692164050884,0.13742169970698714,1779933880.6897733
0.3999665783969062,0.13742229788210802,1779933880.709659
