x,y,t
-2.1715647617151757e-05,1.1252931022845158e-06,1779851733.0466883
-2.171564761727054e-05,1.1252931022456531e-06,1779851733.0866585
-2.171564761736857e-05,1.1252931021945173e-06,1779851733.146994
-2.171564761745436e-05,1.1252931021355924e-06,1779851733.1865897
-2.1715647617519956e-05,1.1252931020695291e-06,1779851733.2467966
-2.1715647617577002e-05,1.1252931020001997e-06,1779851733.2866974
-2.1715647617618693e-05,1.1252931019279262e-06,1779851733.346544
-2.171564761765128e-05,1.1252931018548345e-06,1779851733.386831
-2.1715647617672513e-05,1.1252931017815957e-06,1779851733.4468048
-2.1715647617687238e-05,1.1252931017094732e-06,1779851733.4867666
-2.1715647617692398e-05,1.1252931016387934e-06,1779851733.5468485
-2.1715647617689874e-05,1.1252931015702477e-06,1779851733.5869002
-2.1715647617683365e-05,1.1252931015043394e-06,1779851733.6466815
-2.171564761766951e-05,1.125293101441208e-06,1779851733.6867988
-2.171564761765107e-05,1.1252931013811616e-06,1779851733.7470336
-2.1715647564660404e-05,1.2028199836468586e-06,1779851733.786926
-2.1715647564596978e-05,1.2028199836879702e-06,1779851733.8469272
-2.171564756455651e-05,1.2028199837083524e-06,1779851733.8868952
-2.1715647564520593e-05,1.2028199837178932e-06,1779851733.946735
-2.1715647564484302e-05,1.2028199837205046e-06,1779851733.9867506
-2.1715647564446538e-05,1.2028199837181608e-06,1779851734.0468254
-2.171564756440775e-05,1.2028199837122407e-06,1779851734.0867653
-2.1715647564366883e-05,1.2028199837033593e-06,1779851734.1468976
-2.171564756432399e-05,1.2028199836922348e-06,1779851734.186979
-2.1715647564280276e-05,1.2028199836796678e-06,1779851734.246829
-2.171564756423488e-05,1.2028199836659391e-06,1779851734.286835
-2.1715647564188373e-05,1.2028199836515264e-06,1779851734.3468716
-2.171564756414036e-05,1.2028199836366794e-06,1779851734.3871288
-2.1715647564091472e-05,1.2028199836217437e-06,1779851734.4468775
-2.1715647564041673e-05,1.2028199836069115e-06,1779851734.4867961
-2.171564756399079e-05,1.202819983592335e-06,1779851734.5469158
-2.1715647563939162e-05,1.2028199835781831e-06,1779851734.5867548
-2.1715647563886697e-05,1.2028199835645577e-06,1779851734.6467824
-2.1715647563833568e-05,1.2028199835515558e-06,1779851734.6867554
-2.171564754815284e-05,1.2811873892923579e-06,1779851734.7468514
-2.1715647548095424e-05,1.2811873892909768e-06,1779851734.7868063
-2.1715647548039808e-05,1.281187389284318e-06,1779851734.8468413
-2.1715647547984622e-05,1.2811873892752683e-06,1779851734.8869126
-2.1715647547929406e-05,1.2811873892648325e-06,1779851734.9469712
-2.1715647547874003e-05,1.2811873892534608e-06,1779851734.9867215
-2.171564754781849e-05,1.2811873892414758e-06,1779851735.0469284
-2.171564754776273e-05,1.2811873892290271e-06,1779851735.0868661
-2.1715647547706785e-05,1.2811873892162882e-06,1779851735.146689
-2.1715647547650634e-05,1.2811873892033807e-06,1779851735.187023
-2.171564754759428e-05,1.2811873891904098e-06,1779851735.2468083
-2.1715647547537704e-05,1.281187389177458e-06,1779851735.286799
-2.171564754748096e-05,1.2811873891646086e-06,1779851735.3467925
-2.171564754742401e-05,1.2811873891519111e-06,1779851735.386683
-2.171564754736683e-05,1.2811873891394115e-06,1779851735.4467463
-2.1715647547309507e-05,1.2811873891271678e-06,1779851735.4868526
-2.1715647547252047e-05,1.2811873891152155e-06,1779851735.546956
-2.1715647547194364e-05,1.281187389103561e-06,1779851735.586976
-2.171564754713655e-05,1.2811873890922472e-06,1779851735.6469038
-2.1715647547078555e-05,1.2811873890812815e-06,1779851735.687033
-2.171564755125458e-05,1.340640736192448e-06,1779851735.746953
-2.1715647551200305e-05,1.3406407361768544e-06,1779851735.7868998
-2.1715647551143364e-05,1.340640736159251e-06,1779851735.846998
-2.171564755108685e-05,1.340640736141459e-06,1779851735.8870592
-2.1715647551030543e-05,1.3406407361236332e-06,1779851735.9468617
-2.1715647550974073e-05,1.3406407361057517e-06,1779851735.9868839
-2.171564755091758e-05,1.340640736087913e-06,1779851736.0468595
-2.1715647550861085e-05,1.3406407360701594e-06,1779851736.0866542
-2.1715647550804337e-05,1.3406407360524388e-06,1779851736.1468325
-2.1715647550747593e-05,1.340640736034855e-06,1779851736.186574
-2.171564755069077e-05,1.3406407360174022e-06,1779851736.2470536
-2.1715647550633843e-05,1.3406407360000865e-06,1779851736.2868724
-2.1715647550576923e-05,1.3406407359829567e-06,1779851736.3465366
-0.00033424285525819456,9.226379204530507e-05,1779851736.3870227
-0.0010796837409226855,0.00031003533830890466,1779851736.446751
-0.001981727825708805,0.000572192485984599,1779851736.4871182
-0.004411828828783714,0.001267336192825577,1779851736.5470393
-0.00890413786804561,0.0025381199614577356,1779851736.5869548
-0.015785572836974123,0.0044587375549003,1779851736.6469202
-0.025194712904839593,0.007046502478325485,1779851736.6867337
-0.037395100522234465,0.014332203259133692,1779851736.746783
-0.0465904582732781,0.017947677243772213,1779851736.786997
-0.06081930792428915,0.023606062874801863,1779851736.8464987
-0.07732538376986155,0.03017540483592705,1779851736.8865912
-0.09622602757875258,0.03768143958279047,1779851736.9468362
-0.11593111713497335,0.04553580369763361,1779851736.9868927
-0.13635001375135486,0.05363088286985323,1779851737.0464995
-0.1572984379484315,0.06188755777290404,1779851737.0869074
-0.17870068639708797,0.07027849427012214,1779851737.1468153
-0.2003837414010516,0.07872997399543437,1779851737.1869295
-0.2222614744009489,0.08721088825865977,1779851737.2465012
-0.244275492297594,0.09569220722640873,1779851737.28697
-0.26645519357595016,0.10418598646094633,1779851737.3465707
-0.28882965815905043,0.11270273718718933,1779851737.3869443
-0.3115138355582749,0.12128615641453695,1779851737.4470224
-0.33423479586002136,0.1298340075654476,1779851737.4866228
-0.3570728496014505,0.13837457204182968,1779851737.5464602
-0.3800986104839503,0.14693418373629147,1779851737.5868745
-0.4029920200159008,0.15539500681708585,1779851737.6464722
-0.42572771956892774,0.1637475035876317,1779851737.6865427
-0.42383373981776434,0.19700849912410762,1779851737.7068527
-0.43663207355704997,0.20294060906422567,1779851737.7468405
-0.4583761553844835,0.21297822839029673,1779851737.7868145
-0.4799164944962373,0.22289948373987983,1779851737.8468225
-0.5013859413044208,0.23276374478585596,1779851737.8867323
-0.5227217443296743,0.24254640009152686,1779851737.946531
-0.5439996805210998,0.2522819386897672,1779851737.9869099
-0.5653727044081853,0.2620400171612785,1779851738.0470333
-0.586896535750055,0.2718486573828244,1779851738.0865407
-0.6083902075081963,0.28162871289531355,1779851738.147453
-0.6299236659964754,0.2914100296086703,1779851738.1872
-0.6514294223474996,0.3011608853749905,1779851738.2470822
-0.6728865882281081,0.3108727859358462,1779851738.2869308
-0.6943257055943123,0.32055941725467,1779851738.347037
-0.7157954716350714,0.33024134706900926,1779851738.386879
-0.7373876317274445,0.3399611130227244,1779851738.446614
-0.7590370436115771,0.3496903712293834,1779851738.4869664
-0.7808021712548221,0.3594536243197751,1779851738.5468545
-0.8027093283664918,0.3692632801441119,1779851738.5866709
-0.8246976710002474,0.37909250151521023,1779851738.6466732
-0.8468492202980554,0.3889775281043271,1779851738.6865177
-0.8460059286937751,0.4250352154335285,1779851738.7267902
-0.855770169546871,0.4299919130747972,1779851738.746683
-0.8774279594830626,0.44098126742636506,1779851738.7867696
-0.8991076832283307,0.4519842524164516,1779851738.8467505
-0.9209750546153475,0.4630804311877212,1779851738.8867595
-0.9431011484255444,0.4743102478170417,1779851738.9470901
-0.965274082302867,0.48557148254784394,1779851738.9869583
-0.9875135176594522,0.4968701315829809,1779851739.0470004
-1.0098337327943947,0.508213063589739,1779851739.0869153
-1.032104035379273,0.5195346465196884,1779851739.1466684
-1.0543725694888257,0.5308585785926022,1779851739.1866763
-1.0766740146577325,0.5422020141369962,1779851739.246865
-1.0988456889180216,0.5534832688776344,1779851739.2868464
-1.120957669357806,0.5647373259815917,1779851739.3470016
-1.1428959939787775,0.5759075671528698,1779851739.3866673
-1.1645587370912842,0.586940707358244,1779851739.4466608
-1.186121895556552,0.597924018363222,1779851739.4867036
-1.2076043647323533,0.6088691880551893,1779851739.546879
-1.2290080872310913,0.6197772461350664,1779851739.5868433
-1.250315270736582,0.6306392112405608,1779851739.646816
-1.2715426145459865,0.6414635177421436,1779851739.6866763
-1.2766294176174937,0.6695967163612012,1779851739.7269309
-1.2830775940871426,0.6731133873310124,1779851739.7469234
-1.3039773102749819,0.6845149318374479,1779851739.7868564
-1.3248161242024423,0.6958975365658016,1779851739.8466992
-1.3457276128547073,0.7073342269394025,1779851739.8867376
-1.3665630759950262,0.718743748173548,1779851739.9467938
-1.3874469598983588,0.730194185575683,1779851739.98706
-1.4083267455633854,0.7416559012972714,1779851740.0467615
-1.4293062906678546,0.7531867090839742,1779851740.0870855
-1.4503565707777926,0.7647711435177116,1779851740.1468272
-1.4714675955517675,0.776403741887494,1779851740.186731
-1.4926132789899478,0.7880707706099801,1779851740.2467303
-1.5137306340987917,0.7997376613451697,1779851740.2868626
-1.5347332473523476,0.8113558799895905,1779851740.3467677
-1.5558039250966462,0.8230243411632755,1779851740.3867576
-1.5770526080906089,0.8348056633739419,1779851740.4469578
-1.5983144554776911,0.8466102539997582,1779851740.4868379
-1.6196467403212305,0.8584685368069251,1779851740.5466132
-1.6410939350963503,0.8704055501776102,1779851740.586892
-1.6624768563803594,0.8823227340091938,1779851740.6469166
-1.6837814584265371,0.8942113041022995,1779851740.6867197
-1.6971418161081628,0.912382434860466,1779851740.7267842
-1.700826657564598,0.9144944240661342,1779851740.7467754
-1.721890084991309,0.926566646805376,1779851740.7870026
-1.7428958060959916,0.9386248409803507,1779851740.846765
-1.7639587332460902,0.9507334264238811,1779851740.8866558
-1.7850986026834708,0.9629051814867255,1779851740.946732
-1.8062513204448507,0.9751044906378633,1779851740.986624
-1.8274581686538434,0.9873543163291378,1779851741.046763
-1.848661609551425,0.9996215762376063,1779851741.0869346
-1.869933268694805,1.011947393682345,1779851741.146854
-1.8913211868990074,1.024360098412246,1779851741.1867962
-1.9127450104160568,1.0368139341705405,1779851741.2467928
-1.9343365068681995,1.049383127312049,1779851741.2867334
-1.9562740403168077,1.0621735107577535,1779851741.3467946
-1.9783342530310528,1.0750580615251875,1779851741.3866804
-2.0002823680760424,1.0878980049951925,1779851741.4468815
-2.0222468787927963,1.1007675414122695,1779851741.4867003
-2.0441164886067544,1.113602545897129,1779851741.5468972
-2.065775175742127,1.1263339259470457,1779851741.587109
-2.087154340927146,1.1389208865491869,1779851741.6467605
-2.1080897240764536,1.1518504127280644,1779851741.6868021
-2.1292065390169967,1.1643359239752973,1779851741.7467933
-2.1500941218754543,1.1767059091136078,1779851741.7867177
-2.1709088343009793,1.1890522560542325,1779851741.8467996
-2.1916075630528833,1.2013482327069744,1779851741.8868773
-2.2123507161901714,1.2136897551728607,1779851741.9466026
-2.2331035959416403,1.2260566945558105,1779851741.9867935
-2.2538676644551776,1.2384495712833463,1779851742.0467885
-2.2747310752698935,1.2509213120729168,1779851742.0868618
-2.2956777938850785,1.2634621405277529,1779851742.1469371
-2.316807250244031,1.2761322055800672,1779851742.1867769
-2.3380240026108687,1.2888754511002303,1779851742.2467256
-2.3592139559485763,1.3016227066185744,1779851742.2867913
-2.380467903652727,1.3144285427944737,1779851742.3467138
-2.401790385147254,1.3272955630643817,1779851742.3868346
-2.4232244205652913,1.340250125409969,1779851742.4468195
-2.444705128729421,1.3532537157867133,1779851742.4867582
-2.466122743203588,1.3662396258076683,1779851742.5468452
-2.4875885954880395,1.3792751610950262,1779851742.5869887
-2.5089274679700755,1.3922541012793046,1779851742.6469374
-2.5302486948879594,1.4052425758456673,1779851742.6870005
-2.5349347350043194,1.4028792628866718,1779851742.7067888
-2.5537824453607127,1.4142563746989305,1779851742.7469695
-2.5751345748811225,1.4271610982517555,1779851742.7872183
-2.5965718299909955,1.440135386420476,1779851742.8468287
-2.61786643789983,1.4530417708765124,1779851742.8866587
-2.6391237760484083,1.465943673598845,1779851742.946636
-2.660327386966532,1.4788307716358005,1779851742.986815
-2.681576119329885,1.491763246718168,1779851743.0467377
-2.7027518264850823,1.5046693008774443,1779851743.0865936
-2.723858921401976,1.5175519496520695,1779851743.1466188
-2.7447652966917335,1.5303300441326808,1779851743.1865907
-2.7656739971838737,1.5431269245651869,1779851743.2465792
-2.7842864685876663,1.5545436871105742,1779851743.2866108
-2.7998821760095094,1.56412720066985,1779851743.3467612
-2.8116540737966087,1.571376205596438,1779851743.3866942
-2.819397838184526,1.5761561883050768,1779851743.446899
-2.8256979283010226,1.5800402889142962,1779851743.486564
-2.83040929826417,1.5829506240738969,1779851743.5469232
-2.833424558567643,1.5848170345490595,1779851743.5869727
-2.8351872669313503,1.5859084971733994,1779851743.64686
-2.8358833617307564,1.5863397261761052,1779851743.6866648
-2.8388905720520907,1.5813526751912164,1779851743.706699
-2.839303508852732,1.5816064947384654,1779851743.7468002
-2.8394769997242526,1.5817128656661992,1779851743.7868857
-2.839514714679116,1.5817356053223786,1779851743.846832
-2.8395071656252053,1.5817302888415354,1779851743.8867633
-2.839488381279237,1.5817178818005504,1779851743.946648
-2.8394677025208823,1.5817041835367358,1779851743.9868188
-2.8394488236139708,1.5816915091245203,1779851744.0467072
-2.839430622830522,1.5816791981111484,1779851744.0867455
-2.8394148073602814,1.5816683277175445,1779851744.1468449
-2.8394003560805445,1.5816582871447165,1779851744.1867466
-2.8393876854433278,1.581649349752122,1779851744.2468045
-2.839376579317858,1.5816413948490704,1779851744.2868118
-2.8393657928795304,1.581633658474572,1779851744.3468425
-2.8393567791642496,1.5816270511961725,1779851744.3867497
-2.839348677303595,1.5816210441418335,1779851744.446789
-2.839341161707527,1.5816154379738725,1779851744.4867914
-2.839334394107994,1.581610336265848,1779851744.5467105
-2.8393281933638006,1.5816056277576345,1779851744.5866642
-2.839322495574492,1.5816012734077023,1779851744.646771
-2.841107039077358,1.578617802441074,1779851744.6667109
-2.8412079291860493,1.578680865260776,1779851744.6869504
-2.8412106697547896,1.5786832004019489,1779851744.7469165
-2.8412061169358096,1.578680786031725,1779851744.7867403
-2.8412000362466108,1.5786772956491706,1779851744.8467655
-2.841194005973581,1.57867374804254,1779851744.887055
-2.841188567935105,1.5786704993931198,1779851744.9471223
-2.8411836012960427,1.5786674904062203,1779851744.986988
-2.84117910906309,1.5786647335173276,1779851745.0466888
-2.8411753212082465,1.578662378784511,1779851745.0866513
-2.841171867624185,1.5786602056117485,1779851745.1470225
-2.841168764499991,1.5786582296325995,1779851745.1866338
-2.8411660603651,1.5786564856241332,1779851745.2471323
-2.8411636364086608,1.578654904211122,1779851745.2867038
-2.8407964603524736,1.5784282949507888,1779851745.3466399
-2.839922904091072,1.5778884239215942,1779851745.386627
-2.839379968731039,1.5775515801019608,1779851745.4466763
-2.839496283082704,1.5776225125191885,1779851745.4866912
-2.8398566473411275,1.5778455864998422,1779851745.546605
-2.84052637510935,1.578260681384385,1779851745.5868647
-2.84154086163249,1.5788902238501583,1779851745.6467614
-2.842072609437694,1.5793414009667375,1779851745.6666265
-2.8420777607760135,1.5793459332985442,1779851745.686648
-2.8421041993039884,1.5793640454674291,1779851745.7469342
-2.84192866685442,1.5792548919773763,1779851745.7867837
-2.841796709567907,1.579172169551685,1779851745.8467066
-2.8418019687668314,1.5791749595801983,1779851745.8866193
-2.8419216064858572,1.5792494242681117,1779851745.9467213
-2.842144260452372,1.5793885072491933,1779851745.9865813
-2.842403807635473,1.5795510369348897,1779851746.0465987
-2.842693400085435,1.5797325664328454,1779851746.0867498
-2.8430104774295595,1.5799315150637059,1779851746.1467578
-2.8433296287315666,1.580132021548185,1779851746.1868873
-2.8436390833191925,1.580326627620019,1779851746.2468197
-2.843945209857048,1.5805192858464296,1779851746.2867634
-2.8441704869123385,1.5806614137227808,1779851746.3467588
-2.84428483364227,1.580733785398787,1779851746.3867235
-2.8443049980325545,1.5807467146163323,1779851746.4468298
-2.844238711227229,1.5807050268453855,1779851746.4866943
-2.8441416277680993,1.5806436580154348,1779851746.5466945
-2.8439813664911426,1.5805423817680764,1779851746.5866766
-2.8437448493028636,1.5803927666086834,1779851746.64685
-2.843580800605539,1.580197662396602,1779851746.6667688
-2.8434553803343023,1.5801180391136476,1779851746.6866128
-2.843075661828833,1.5798764867184607,1779851746.7467477
-2.8426722425742184,1.579619415984968,1779851746.786692
-2.8422521620539563,1.5793514760604688,1779851746.8467202
-2.8418173354685106,1.579073884922396,1779851746.8867052
-2.8413781640906866,1.5787932391395398,1779851746.9469895
-2.840936774923348,1.5785109210716566,1779851746.9866655
-2.840494852545528,1.5782280135020412,1779851747.0467157
-2.8400790948263945,1.5779615169664833,1779851747.0866745
-2.8397014997304666,1.5777192311788664,1779851747.1467357
-2.8393360427759804,1.577484623314181,1779851747.186715
-2.838976056533645,1.5772533544019738,1779851747.2468328
-2.8386167513950356,1.5770223298248949,1779851747.2866445
-2.838276726913288,1.5768034447226722,1779851747.3467367
-2.837960146042545,1.5765994499381109,1779851747.386906
-2.8377503305238014,1.576463801942355,1779851747.4468234
-2.837677799315683,1.5764165402023536,1779851747.486633
-2.837655363553335,1.57640194491531,1779851747.5468867
-2.837719132219719,1.5764429050608657,1779851747.5869467
-2.8378855077490464,1.5765502486440035,1779851747.6470037
-2.838221738960218,1.5763212650557028,1779851747.6869588
-2.838350695460096,1.5764057063770185,1779851747.7468798
-2.838467155492602,1.5764818823700795,1779851747.7869282
-2.8385531086094162,1.5765382790568445,1779851747.8469706
-2.8386007872792525,1.5765697039953608,1779851747.8869002
-2.838661086376152,1.5766091451394586,1779851747.946883
-2.838753227140786,1.576669416320307,1779851747.9868007
-2.838857640128772,1.5767379095874672,1779851748.046825
-2.838930525852944,1.5767859673279918,1779851748.086792
-2.838955933526201,1.5768029104621095,1779851748.1468384
-2.83899023477333,1.5768254352400146,1779851748.1867745
-2.8390555165849283,1.5768683060308708,1779851748.2468615
-2.8391324204008495,1.5769189839602966,1779851748.2867832
-2.839283068824515,1.5770180895895558,1779851748.346817
-2.8395317497480006,1.5771819807150902,1779851748.386743
-2.839860926675432,1.5773993716634465,1779851748.4468322
-2.840259545641133,1.5776629820961636,1779851748.4867582
-2.840684801291704,1.577944710211391,1779851748.546813
-2.841135835358963,1.5782437940932534,1779851748.5866332
-2.8418620764331877,1.5780982714597147,1779851748.6469858
-2.8424607996699107,1.578498347426359,1779851748.6868262
-2.8432203032493435,1.5790065196915848,1779851748.7467945
-2.844038365366896,1.5795552849572367,1779851748.786535
-2.8448732796815683,1.5801161724391282,1779851748.8469024
-2.845711937805729,1.5806802341345927,1779851748.8867207
-2.846572032051837,1.5812592355166044,1779851748.946764
-2.847455713460932,1.5818547267837988,1779851748.9866066
-2.848346509548788,1.582455750625922,1779851749.0467725
-2.8492404872837103,1.5830595913453909,1779851749.0867488
-2.8501370884708606,1.5836658571981055,1779851749.147129
-2.8508990506870067,1.584182360113128,1779851749.1868994
-2.8514818365299526,1.5845781784495825,1779851749.246892
-2.851999929914966,1.5849298450468812,1779851749.2869337
-2.8524965083360465,1.5852670694686983,1779851749.346921
-2.852986764316217,1.585600297662153,1779851749.3867714
-2.853342724731896,1.5858431538764588,1779851749.4468777
-2.853518767072066,1.5859638627322805,1779851749.4868891
-2.8536292377744834,1.5860393299835873,1779851749.5469358
-2.853527121740306,1.5859705086798224,1779851749.5868669
-2.8534138047426754,1.58509035803554,1779851749.647024
-2.853086613461629,1.5848634770064611,1779851749.6868894
-2.852776986682934,1.5846479489047485,1779851749.7473333
-2.8524939503677316,1.5844511696113444,1779851749.7868865
-2.8521422745486573,1.5842072917335086,1779851749.8470006
-2.851686291603252,1.5838908116678316,1779851749.8868558
-2.8513649145694324,1.583665801870745,1779851749.9472053
-2.8512704620790728,1.5835982183722375,1779851749.9870367
-2.8512590782206026,1.583589716075316,1779851750.0468318
-2.851118634383178,1.5834924962980936,1779851750.086647
-2.850771535458179,1.5832509744482273,1779851750.1466777
-2.8504277225390626,1.5830099291012674,1779851750.1867754
-2.850167191353208,1.5828265657445777,1779851750.246688
-2.849937801691686,1.5826652630570903,1779851750.2866392
-2.8495893700615103,1.5824210487530679,1779851750.347045
-2.8490658295540507,1.5820535332604473,1779851750.3867283
-2.8487293696301994,1.5818150471777215,1779851750.446932
-2.848717432971738,1.581804629526652,1779851750.486775
-2.8488239180350434,1.5818793100139894,1779851750.5468564
-2.848898782709328,1.58193258103343,1779851750.586803
-2.8504610232623793,1.579128949485551,1779851750.6469536
-2.8505181151905874,1.5791698353655628,1779851750.6867473
-2.8506748350276543,1.5792851647859143,1779851750.7468116
-2.8508662136915364,1.5794291194348153,1779851750.7867959
-2.8510617055189664,1.5795772347189838,1779851750.846618
-2.8512490435086537,1.579719642654579,1779851750.887027
-2.851533787277808,1.57993404034534,1779851750.9468422
-2.851956096848312,1.5802530631127616,1779851750.9867277
-2.8524280989184176,1.5806125730533227,1779851751.0468504
-2.852706156242266,1.5808290391979414,1779851751.0868068
-2.8527003274237317,1.580829528573498,1779851751.1470604
-2.852733576192311,1.58085390977259,1779851751.186789
-2.852930612649348,1.5810026611384307,1779851751.246917
-2.853188466330689,1.5812005808813345,1779851751.2866974
-2.8534651738280723,1.5814140619685044,1779851751.3472774
-2.8537473755332172,1.5816324039229406,1779851751.386781
-2.8540390671639173,1.5818584710485042,1779851751.446827
-2.8543435928125604,1.5820949493433716,1779851751.4867964
-2.854651385861889,1.5823345701980416,1779851751.5467608
-2.854877715172894,1.5825123093860047,1779851751.5867524
-2.857354725896407,1.5783510827676532,1779851751.6067953
-2.857351315950936,1.5783580568193947,1779851751.6471682
-2.857467124833804,1.578458833230563,1779851751.686908
-2.8576357551859943,1.5786048662404757,1779851751.7467737
-2.85782264459303,1.5787701113957868,1779851751.7865932
-2.858023180504537,1.5789484433221694,1779851751.8467853
-2.858235789250013,1.5791383886349941,1779851751.886783
-2.858500602387847,1.5793742459978288,1779851751.94687
-2.858830389066281,1.579669358838415,1779851751.9867377
-2.8591836557591495,1.5799889830820635,1779851752.0467927
-2.8594731649755136,1.5802553179862466,1779851752.0868
-2.8596670393391164,1.5804360552987187,1779851752.146791
-2.859866336888779,1.5806181913123067,1779851752.186964
-2.8601084730350013,1.5808393072380214,1779851752.2468193
-2.860366166589771,1.5810768298582918,1779851752.2870145
-2.8606747913401165,1.581361203649335,1779851752.3471081
-2.861048681302512,1.5817071521617008,1779851752.3870122
-2.8615218390908206,1.5821461777661145,1779851752.4469998
-2.86210929948204,1.5826939539577323,1779851752.486793
-2.8627348577329914,1.5832822532315485,1779851752.546738
-2.863332021734668,1.583847874501735,1779851752.5867436
-2.865734749823538,1.5802968744579333,1779851752.6267343
-2.865912866701831,1.580510902267767,1779851752.6470041
-2.866355781185131,1.5810226076835716,1779851752.6868942
-2.8667462706228024,1.5814760300335902,1779851752.746778
-2.86711985304661,1.5819079654125794,1779851752.7867677
-2.867400143782174,1.5822421348638307,1779851752.8467896
-2.867564033019351,1.5824439444532428,1779851752.886628
-2.867653038610703,1.5825538987729708,1779851752.9469473
-2.8676822985107364,1.5825921577034228,1779851752.9868042
-2.8676915838764225,1.5826030101441142,1779851753.0469596
-2.8677224393538023,1.5826363017340765,1779851753.0868025
-2.867788513535789,1.582711590822556,1779851753.146928
-2.867928582038412,1.582874414426682,1779851753.1867194
-2.86815532260714,1.5831438895851795,1779851753.24712
-2.8684101501551114,1.583454906108945,1779851753.2867355
-2.8686322621681923,1.5837321988966684,1779851753.347012
-2.868801734070917,1.583946895294457,1779851753.3867354
-2.8689595765607856,1.584145043490943,1779851753.4467983
-2.8691205267289077,1.5843474636867558,1779851753.4867523
-2.869281871183332,1.584551979423831,1779851753.5471146
-2.8693694089342636,1.5846686708324047,1779851753.5870855
-2.870436502489726,1.5825120354446114,1779851753.6268559
-2.8703598525689453,1.5824192805306003,1779851753.6468625
-2.8702551566799204,1.5822717655727845,1779851753.6867185
-2.8700685807980646,1.5819869880509139,1779851753.7468526
-2.869858982090258,1.581646863128927,1779851753.786877
-2.869660606015866,1.5813141683647058,1779851753.8470867
-2.8694833058846023,1.5810115399900664,1779851753.8868327
-2.869406414872808,1.5808600941998865,1779851753.9471571
-2.869451329500525,1.5809116639140195,1779851753.9867387
-2.869532947966657,1.5810448275461357,1779851754.0468237
-2.8696254313280964,1.5812037189058923,1779851754.0867462
-2.869720738516242,1.5813708873973003,1779851754.1470668
-2.8698110095364484,1.581532359544199,1779851754.1867616
-2.869893896104052,1.5816826581650931,1779851754.2468536
-2.8699737792879376,1.581828206571305,1779851754.2867298
-2.869998658997826,1.5818833700921195,1779851754.3470764
-2.869953204508408,1.5818105944063943,1779851754.3866982
-2.8699233949929637,1.5817510600127598,1779851754.4471862
-2.869935225298277,1.5817657581557438,1779851754.4868147
-2.869959644380355,1.5818101501881257,1779851754.5468433
-2.8699570060073816,1.58180934552446,1779851754.5869293
-2.870454980343904,1.5807533169133716,1779851754.6268158
-2.870415374387439,1.5806780977241626,1779851754.6468427
-2.8703951856525927,1.5806173177464742,1779851754.6869342
-2.8703993778358767,1.5806133649958816,1779851754.747073
-2.870408503978721,1.5806330455013184,1779851754.7867982
-2.8704148602295763,1.5806508092695284,1779851754.8468282
-2.8704165290836827,1.580657383589193,1779851754.8868444
-2.8705033286478905,1.5808594587863307,1779851754.946683
-2.8706919891993947,1.581347445021726,1779851754.986993
-2.870902329391435,1.5819494107550442,1779851755.047125
-2.8710928473699506,1.582528091173836,1779851755.0868556
-2.8712545877535973,1.5830370037337143,1779851755.1468267
-2.871351371665314,1.5833723050174042,1779851755.1869595
-2.87137708372726,1.5834923252610187,1779851755.2470796
-2.8713853566729566,1.5835293130243024,1779851755.2868164
-2.871416524440723,1.5836192068553905,1779851755.3468149
-2.8714793669150835,1.5838122273932524,1779851755.3868656
-2.8714672001840484,1.5838082825895756,1779851755.4467916
-2.8713598164985736,1.5834818503235906,1779851755.4868796
-2.8712324033728045,1.5830320332302932,1779851755.5471225
-2.871110662317963,1.582378673705479,1779851755.58664
-2.8710708249312042,1.5820622448568307,1779851755.646597
-2.871033504344402,1.5817942803879925,1779851755.6866176
-2.871000032952265,1.5815530942506162,1779851755.746905
-2.8709681571674426,1.581321746791362,1779851755.7868805
-2.870972789216861,1.581255713833882,1779851755.8467228
-2.8710102891500777,1.58142080563075,1779851755.8869603
-2.8710569744212737,1.581735050972983,1779851755.9468448
-2.871111794555302,1.5821641797963912,1779851755.9868455
-2.8711625113687673,1.5826343761131378,1779851756.0466032
-2.8712045094144267,1.5830877252188185,1779851756.0866723
-2.87123867684575,1.5835013486046667,1779851756.1469028
-2.8712567840862957,1.5838070432763691,1779851756.1869724
-2.8712616308518357,1.5839779408019086,1779851756.2468874
-2.871267644428007,1.5840990032123314,1779851756.2869277
-2.8712635563001396,1.5841208156973383,1779851756.3465915
-2.871252192922368,1.5840218497386216,1779851756.3872364
-2.8712551037536285,1.5839823414450955,1779851756.446853
-2.8712662409007073,1.5840740360898573,1779851756.4866138
-2.8712729258515424,1.5842150612949304,1779851756.5466783
-2.8710454515648403,1.5844454742266918,1779851756.5868769
-2.871038016407127,1.5844208937827262,1779851756.6467772
-2.8710372981286225,1.5842972705020433,1779851756.6866918
-2.87104584968347,1.5840620332937794,1779851756.7466447
-2.8710657720221233,1.5837861242623894,1779851756.786627
-2.871090984125078,1.5834777614025402,1779851756.8469496
-2.8711220423974773,1.5831356932018967,1779851756.8870013
-2.87115815914375,1.582802514346913,1779851756.9469395
-2.871194884292601,1.5824960775551546,1779851756.986701
-2.871231779302612,1.5821983930756225,1779851757.046942
-2.8712727575186565,1.5818628075007852,1779851757.0868576
-2.871323467100736,1.5814707340487593,1779851757.147007
-2.871377295176473,1.5811314053997376,1779851757.1869144
-2.8714213173540406,1.5808870335215448,1779851757.2468715
-2.8714573161050736,1.5806777248468178,1779851757.286912
-2.871487413645794,1.5805207365577267,1779851757.3471055
-2.8715081301528973,1.580424567202665,1779851757.3868053
-2.87151626983335,1.5804022932552448,1779851757.4464624
-2.8715090950697166,1.5804583411316875,1779851757.4868667
-2.8714923898453604,1.5805420249818198,1779851757.546795
-2.871459251889095,1.580717195017549,1779851757.586788
-2.8714327567293365,1.5809933211844849,1779851757.6068501
-2.871370329836614,1.5812491436034697,1779851757.6465867
-2.8713048784974253,1.5814400522630996,1779851757.6870294
-2.8712825417558903,1.5814652123954416,1779851757.7468083
-2.8712887668966647,1.5814304968956845,1779851757.7866902
-2.8713475507360866,1.581195545959808,1779851757.8466425
-2.8714899085051098,1.5807054342517393,1779851757.886518
-2.871681460033737,1.580126805691245,1779851757.9469419
-2.8718821126847973,1.5795601326085853,1779851757.9868388
-2.8720726282881284,1.5790433985192722,1779851758.046906
-2.8722653587489484,1.578523785690291,1779851758.0868156
-2.8724697837575137,1.5779843616728937,1779851758.146482
-2.87268353159301,1.5774384770976857,1779851758.1868277
-2.872825486341644,1.5771303654530435,1779851758.246855
-2.8728416793902714,1.5771460215014894,1779851758.286836
-2.872792626204531,1.5772752586574015,1779851758.3470387
-2.8726757327023886,1.5775670963244646,1779851758.3869438
-2.8724750787386912,1.578041779044384,1779851758.446702
-2.872186543915079,1.5786956633724798,1779851758.487001
-2.8718078336287673,1.5795255080579427,1779851758.5469904
-2.871668326776372,1.580064174234496,1779851758.5668488
-2.8713690864422925,1.5806228282029142,1779851758.5866702
-2.870970519500631,1.5813168960824193,1779851758.646761
-2.8706881818092542,1.5817781765497414,1779851758.686965
-2.8705172552050113,1.582044634673666,1779851758.7471838
-2.8704490558463247,1.5821334361060306,1779851758.7869956
-2.8704281539376306,1.582161254524566,1779851758.8468578
-2.870403416342649,1.5822065880420904,1779851758.8870454
-2.870352885743136,1.5822955097576927,1779851758.946936
-2.870707635849009,1.5816258286667406,1779851758.9869816
-2.8717244975461758,1.5799227930576891,1779851759.047973
-2.8730651627192887,1.577874618170783,1779851759.0870726
-2.873584164686049,1.5773351144052357,1779851759.1466663
-2.8726830458774466,1.5789190156866835,1779851759.1870685
-2.8716664016519218,1.5803051138272588,1779851759.2469506
-2.87128506636885,1.5806916045468735,1779851759.2867067
-2.8712176514346326,1.580740465438881,1779851759.3470607
-2.8712224098568586,1.5807275454060337,1779851759.386799
-2.8712157713281092,1.5807401048836993,1779851759.4466438
-2.8710994751027066,1.580907894443935,1779851759.4870543
-2.8708268682060583,1.5812712355761775,1779851759.5470607
-2.8707383475573014,1.5813213874522758,1779851759.566932
-2.8705557471617613,1.5815630110840808,1779851759.58695
-2.8703419028159294,1.5818236969343151,1779851759.6470537
-2.8703079315118725,1.5818441538071617,1779851759.6869767
-2.87032922783646,1.5818144974165005,1779851759.7468457
-2.8703404849677807,1.581803609523137,1779851759.7870932
-2.8703444190151495,1.5818002215140174,1779851759.8470924
-2.8703459914196707,1.5817991809175536,1779851759.887012
-2.8703467999789685,1.5817988631724955,1779851759.9469385
-2.870347332969021,1.5817987846566468,1779851759.9870937
-2.8703477578852348,1.581798782690834,1779851760.0469522
-2.870348120825631,1.5817988144861963,1779851760.0869675
-2.8703484535260295,1.5817988508995895,1779851760.1470456
-2.8703487553243763,1.5817988941583627,1779851760.1870286
-2.8703490231959754,1.5817989478441778,1779851760.2469168
-2.8703492746778965,1.5817989968694297,1779851760.286853
-2.8703495033724105,1.5817990482835171,1779851760.3469408
-2.8703497141049845,1.5817990987039148,1779851760.3868208
-2.8703499072616703,1.5817991487582341,1779851760.446882
-2.8703500813527114,1.5817992004726602,1779851760.4865186
-2.870350241574452,1.5817992502782579,1779851760.5469623
-2.8705983680909903,1.5814974451768358,1779851760.566896
-2.870597136895176,1.5814986829732554,1779851760.5869422
-2.8705971129255525,1.5814986861884228,1779851760.6469665
-2.8705971616292416,1.5814986503798094,1779851760.6869476
-2.870597226660115,1.5814986125219903,1779851760.7470536
-2.8705972941007514,1.5814985795212033,1779851760.7869377
-2.870597357684452,1.5814985546747193,1779851760.8469863
-2.870597419282439,1.5814985344315655,1779851760.8870459
-2.87059747804799,1.5814985185874042,1779851760.9470294
-2.8705975315544,1.5814985086141071,1779851760.9869046
-2.870597582320945,1.5814985014465577,1779851761.0467746
-2.870597628655635,1.5814984981369138,1779851761.086775
-2.8705976732597644,1.5814984958379494,1779851761.1469605
-2.8705977138112067,1.5814984963229826,1779851761.1868272
-2.870597751003057,1.5814984986967706,1779851761.247016
-2.8705977866793573,1.581498501224012,1779851761.287041
-2.870597818837355,1.5814985054688406,1779851761.3470323
-2.8705978493550113,1.581498509775382,1779851761.3870192
-2.870597877367177,1.5814985148027902,1779851761.4470584
-2.8705979023937354,1.5814985208648216,1779851761.4872687
-2.8708149909134875,1.581228788031299,1779851761.5268424
-2.8708146573050737,1.5812290849475146,1779851761.5469317
-2.8708146459871307,1.5812290718454325,1779851761.587003
-2.8708146477873053,1.5812290574347345,1779851761.6470544
-2.8708146534859034,1.5812290445383295,1779851761.6867368
-2.870814660367601,1.5812290336297277,1779851761.747423
-2.8708146676272617,1.5812290245421006,1779851761.7866223
-2.8708146750811596,1.5812290169134844,1779851761.8470757
-2.870191695160098,1.5818455193560366,1779851761.8869557
-2.868693032814244,1.583312005356344,1779851761.9471807
-2.8662611880664226,1.585662781845889,1779851761.9869642
-2.8628723383543084,1.5888990648993906,1779851762.0471048
-2.8591149283456017,1.5924330719345874,1779851762.0869434
-2.8536641923128427,1.5975339840174128,1779851762.1469991
-2.8459716678669613,1.6046486692570734,1779851762.1870108
-2.8358085810724996,1.6139301770314627,1779851762.246948
-2.8230829595936533,1.625405906006694,1779851762.2870786
-2.8093654228110636,1.6375726290417156,1779851762.3469348
-2.794746135571596,1.6503885995642276,1779851762.3869598
-2.779273286407847,1.663794756582468,1779851762.4470513
-2.762999416004005,1.6777277778046984,1779851762.4869657
-2.758944035525731,1.7065684589317298,1779851762.547011
-2.743673082929642,1.7234130873300935,1779851762.586848
-2.728272173745159,1.740259164622566,1779851762.6468046
-2.7127074166571323,1.7571460725341743,1779851762.6869278
-2.6969935468172306,1.7740532611050057,1779851762.7468777
-2.6809668661763673,1.791162277979224,1779851762.787006
-2.6648198742024163,1.8082720931025442,1779851762.8469892
-2.6485887234528076,1.8253395384573952,1779851762.8869662
-2.6322569365032185,1.842381965918846,1779851762.9470677
-2.615863030404969,1.8593598525755564,1779851762.9870937
-2.5993799352328946,1.876301230954208,1779851763.0468476
-2.582814896901742,1.8931985040738715,1779851763.0866733
-2.5661450650253648,1.9100745804293426,1779851763.1471055
-2.549381087191133,1.926918834487844,1779851763.186897
-2.5324986947757844,1.9437554291927925,1779851763.2470207
-2.515523000749684,1.9605586896257,1779851763.2869322
-2.4985024814784027,1.977280549711128,1779851763.3468757
-2.4813589562768796,1.9939981034897178,1779851763.3869019
-2.4641489701470896,2.01065548785263,1779851763.4469311
-2.4469045233270044,2.027221327401452,1779851763.4869711
-2.465192417500724,2.0840822888032866,1779851763.5470204
-2.4519097024090764,2.099684701847089,1779851763.586965
-2.4364983195550627,2.117716083276764,1779851763.6469998
-2.4211457307732527,2.1355986106211198,1779851763.6869273
-2.4058072070284284,2.1533816913476174,1779851763.747012
-2.390494241292264,2.1710569693803325,1779851763.7869022
-2.3751017787316884,2.188746592661322,1779851763.8470268
-2.3596580679621066,2.2064165830569604,1779851763.8870392
-2.344101544354249,2.2241394429081747,1779851763.9467783
-2.3284535125336774,2.2418908764348586,1779851763.986968
-2.3126871998090484,2.2597008778192595,1779851764.047021
-2.296826451035455,2.277542974783795,1779851764.087091
-2.280893628997568,2.2953894443804317,1779851764.1470482
-2.264839160713529,2.313296048785786,1779851764.1866877
-2.2486308866440674,2.331297186115654,1779851764.2466612
-2.232237927165886,2.349426736914729,1779851764.2870507
-2.2157385554170586,2.3675978630616443,1779851764.3470602
-2.1992153877263245,2.3857185277869206,1779851764.386621
-2.1826240505575876,2.4038371941994505,1779851764.4470718
-2.166041026099454,2.4218702494160693,1779851764.4869332
-2.1850492878667445,2.4836589423081827,1779851764.5466866
-2.1744407666826313,2.497005329116005,1779851764.586761
-2.1590899188915214,2.5162835935099204,1779851764.6469228
-2.1437212294900387,2.535545495766327,1779851764.6868033
-2.128311797826964,2.5548226818959288,1779851764.7466748
-2.1128459540009916,2.574132922399891,1779851764.786739
-2.0974001165390534,2.593380325713578,1779851764.847101
-2.0819747203148156,2.6125672447879302,1779851764.8870442
-2.066597633641232,2.631656864466012,1779851764.9471285
-2.05134986707035,2.6505492634886325,1779851764.9865928
-2.0361846732240805,2.6693023314685607,1779851765.0465643
-2.0210211783947094,2.688013960275145,1779851765.086586
-2.005967601843157,2.706555313132301,1779851765.1466272
-1.991027810392993,2.724920766477587,1779851765.1868997
-1.9760974190645935,2.743236523390426,1779851765.2469747
-1.961161166096903,2.761523351560895,1779851765.287085
-1.9461622332741442,2.779851583166745,1779851765.3464553
-1.9310683094224899,2.7982591704230626,1779851765.3870986
-1.9158463309301303,2.816786953968481,1779851765.4470768
-1.9005930865804497,2.8353178144322437,1779851765.4870977
-1.9240951998096696,2.870353254065747,1779851765.5069869
-1.9162027719926447,2.880895902158641,1779851765.5470195
-1.901781116498848,2.9001533943095223,1779851765.5869317
-1.8874642688931762,2.9192654729555696,1779851765.6470535
-1.8732290088018753,2.9382595393012316,1779851765.6867032
-1.8590787258269734,2.9571298445567384,1779851765.7466512
-1.8449860573355887,2.9759133903182686,1779851765.7870464
-1.8309625027861693,2.994592817215005,1779851765.8466458
-1.8168478755019661,3.01338060752904,1779851765.8869574
-1.8026092781862362,3.0323235807971027,1779851765.946933
-1.7882913279112338,3.0513641934031797,1779851765.9869914
-1.7738546909401978,3.0705538073476526,1779851766.0470712
-1.7594508839309684,3.08969175307357,1779851766.086502
-1.7450428616036182,3.1088271078520195,1779851766.146616
-1.7306827640155198,3.127889586932327,1779851766.1870294
-1.716384252223142,3.146861092737463,1779851766.2470732
-1.702145287158458,3.1657441500666947,1779851766.2864401
-1.6879538127064744,3.184553993568376,1779851766.346531
-1.6738208568789659,3.203277651926536,1779851766.3869956
-1.6597698136388206,3.221883649504696,1779851766.4470947
-1.6457302023586284,3.2404643247664215,1779851766.4865816
-1.6566165129231156,3.2666161231437734,1779851766.5269012
-1.6508361766385553,3.2747050338980883,1779851766.5465677
-1.6372655683547226,3.2937036079588013,1779851766.5866218
-1.6237160896353715,3.3126802182493877,1779851766.6469746
-1.6101686926677756,3.3316610369553996,1779851766.686443
-1.596620785506323,3.3506480572871893,1779851766.7465382
-1.5829793194952841,3.3697729963434906,1779851766.7868254
-1.5693743954993427,3.388854943666135,1779851766.8466573
-1.5556607037307995,3.4080945941479537,1779851766.887022
-1.5418233778987407,3.4275145947551624,1779851766.9469798
-1.5279071087266505,3.4470529126778016,1779851766.9867957
-1.513863766057097,3.466777184928074,1779851767.0469127
-1.4997585792163284,3.4865974086945006,1779851767.086908
-1.4856360699499027,3.5064489909699406,1779851767.1469448
-1.4714601213235845,3.526382955157738,1779851767.1866589
-1.457237646654732,3.5463895852832046,1779851767.2466238
-1.442942002674679,3.5665065206139817,1779851767.286979
-1.4286112398480006,3.586680954478181,1779851767.3465588
-1.4142734886885546,3.6068724238179843,1779851767.3869169
-1.399907198374818,3.6271114243197338,1779851767.446717
-1.3855970415341539,3.647280311983544,1779851767.4868987
-1.3841580172872079,3.6682148850977567,1779851767.5269804
-1.380289311813814,3.673818360960547,1779851767.546512
-1.366420224719394,3.69388777991036,1779851767.586503
-1.35263962462025,3.7138439559605545,1779851767.6468327
-1.3388946502745205,3.733763378833085,1779851767.686883
-1.3251930156962843,3.7536347271732837,1779851767.7465827
-1.3115433057677715,3.773445611364416,1779851767.786893
-1.2979160081573369,3.7932383465920156,1779851767.8469486
-1.2842806292221474,3.813056951177886,1779851767.8867548
-1.2705940669805895,3.832964845515683,1779851767.9468668
-1.2568906853702329,3.8529129743149806,1779851767.9871624
-1.2431633731371288,3.872911284673257,1779851768.0467794
-1.2294662169987585,3.8928808749762545,1779851768.0867295
-1.2157654142775878,3.912870396540787,1779851768.1469245
-1.201992673133372,3.9329800000597244,1779851768.1867344
-1.1881520669335468,3.9532036451136134,1779851768.246785
-1.1741968252473247,3.9736102517205167,1779851768.2865722
-1.16025773343802,3.994009662431283,1779851768.34692
-1.1462674091380518,4.014499757702228,1779851768.3869004
-1.1322882792589204,4.034989076586755,1779851768.4468808
-1.1199057709722742,4.056744508914906,1779851768.4870174
-1.1058416754310962,4.077488279731227,1779851768.547147
-1.0917422695043146,4.098302461328431,1779851768.5875297
-1.078092941222183,4.118475647664764,1779851768.6469538
-1.0651367314827325,4.137641998859461,1779851768.6870868
-1.053825372860107,4.154401624646389,1779851768.746597
-1.0445361053549476,4.168181835584711,1779851768.7867613
-1.036003281305395,4.180834453885309,1779851768.846683
-1.0293465530319237,4.190727585542256,1779851768.8867736
-1.0249875957071688,4.1972194821349404,1779851768.9465873
-1.0223173870099698,4.201197943443182,1779851768.9867165
-1.0210714558354446,4.203058056334896,1779851769.0467203
-1.020327309797182,4.204162714222191,1779851769.08657
-1.0198813512180187,4.2048228857630425,1779851769.1466396
-1.0196786238135453,4.205120885935894,1779851769.1866133
-1.0195897877747888,4.205248370879279,1779851769.2466836
-1.01956766494062,4.205276422363569,1779851769.2865543
-1.0195675840556835,4.205271626188352,1779851769.3467143
-1.0195743338416141,4.205256937450642,1779851769.3865957
-1.019581889543912,4.205241422122289,1779851769.4465818
-1.0188513461283173,4.204740502660765,1779851769.486632
-1.0188572030582477,4.20472937150862,1779851769.5465453
-1.0188641362606812,4.204716620963446,1779851769.5866787
-1.0188708488637104,4.204704319370317,1779851769.6465933
-1.0188773092371806,4.2046925397745705,1779851769.686625
-1.0188826896151575,4.2046825303530895,1779851769.7471614
-1.0188879012018568,4.204672910878517,1779851769.7869434
-1.018892571173926,4.204664234640244,1779851769.8472564
-1.0188967280408678,4.204656450863719,1779851769.886769
-1.018900578409903,4.204649239267576,1779851769.9470956
-1.0189040740359205,4.2046426651322895,1779851769.9870443
-1.0189074300358858,4.204636395434758,1779851770.0466022
-1.0189102090675524,4.204631086738871,1779851770.0870023
-1.0189127830031566,4.2046261697299085,1779851770.1465347
-1.0189151750779042,4.204621602983931,1779851770.1867743
-1.0189175040691216,4.204617200344247,1779851770.2469919
-1.0189193820948008,4.204613546967654,1779851770.2871404
-1.0189212457671224,4.2046099743923575,1779851770.3470101
-1.0189229795730743,4.20460665364144,1779851770.386894
-1.0189245408215672,4.204603645999076,1779851770.4470513
-1.0180538355602045,4.204039617332223,1779851770.4873505
-1.0180463860317621,4.204050930726733,1779851770.5465689
-1.0180468213469582,4.204050219282502,1779851770.587077
-1.018415161034961,4.203495209897639,1779851770.6466405
-1.0192892732596943,4.202176887801704,1779851770.6864953
-1.0200953719830825,4.20095901096606,1779851770.7470584
-1.0206165176111088,4.200170413192157,1779851770.7871003
-1.0210274840265239,4.199548481072466,1779851770.846969
-1.0212602035154255,4.199195578934626,1779851770.886488
-1.021281733690596,4.199162137868183,1779851770.9466233
-1.0214471792294233,4.1989119629384435,1779851770.986619
-1.021892736346276,4.198237345461819,1779851771.0465398
-1.0224414179824417,4.197405037249993,1779851771.0865102
-1.0228650975641502,4.19676104131034,1779851771.146967
-1.0230832519115018,4.196428591120641,1779851771.1871572
-1.023254848625949,4.196167487839856,1779851771.2471442
-1.023442704335008,4.1958817296074145,1779851771.286828
-1.0236373115444397,4.195585443568646,1779851771.3470647
-1.0237992214118032,4.195338581540526,1779851771.387129
-1.0239142221482338,4.195163010101763,1779851771.4469814
-1.0240118373956957,4.195014012538748,1779851771.4865696
-1.0235287841346425,4.194878132237786,1779851771.5072691
-1.023596927076355,4.194777985375348,1779851771.5468397
-1.023689678483622,4.194641356681365,1779851771.5868251
-1.0238580204537668,4.194391902994594,1779851771.646918
-1.024131823445141,4.193986749892496,1779851771.686948
-1.0244450027933165,4.1935245917126185,1779851771.7466292
-1.024770109156023,4.193045068248519,1779851771.7866728
-1.0250998808903928,4.19255865913939,1779851771.8467999
-1.0253951037597961,4.192123518057909,1779851771.8866506
-1.0256417950861751,4.191759973435811,1779851771.9470983
-1.0258704935383365,4.191422593880009,1779851771.9872398
-1.026093550354155,4.191093394925575,1779851772.0468378
-1.0263149931358375,4.19076650265219,1779851772.0867763
-1.0265412210325027,4.1904324527525265,1779851772.1467724
-1.0267757640086255,4.190086069500741,1779851772.1866586
-1.0270129063781515,4.189735832434696,1779851772.2467067
-1.027251325818008,4.189383669974679,1779851772.2868376
-1.0274895299086906,4.1890317799676025,1779851772.3468194
-1.0277282950618702,4.188679014067535,1779851772.3867116
-1.0280018092400096,4.188274732249088,1779851772.4467833
-1.029078010165977,4.188993115215972,1779851772.466664
-1.0293039698412731,4.188667344385794,1779851772.4866478
-1.0296515209244788,4.188168391102979,1779851772.5467384
-1.0300047417858134,4.187661698153778,1779851772.5866792
-1.0303599889829738,4.187152300019918,1779851772.646729
-1.0306862425147223,4.186685134414031,1779851772.6867123
-1.0309712460256002,4.186277306761238,1779851772.7467864
-1.0312230131394615,4.185917008629758,1779851772.7867815
-1.0314445576595346,4.185600016196529,1779851772.846758
-1.0316555521627322,4.185297942412651,1779851772.886722
-1.031869357974362,4.18499178702834,1779851772.9469683
-1.0320901156855684,4.184675748190297,1779851772.9867914
-1.0323016942962226,4.1843731338301815,1779851773.046766
-1.0324980012987908,4.184092499031277,1779851773.0866416
-1.0326878434373727,4.183821083901813,1779851773.1467648
-1.0328167731860498,4.183637317533353,1779851773.1866674
-1.032861340726374,4.183574233884057,1779851773.2467613
-1.0329050164226996,4.183511701168133,1779851773.2869143
-1.0329806425860217,4.1834033844695355,1779851773.3469572
-1.0330687178930877,4.183277526316209,1779851773.3867078
-1.0332326756820656,4.18304299643625,1779851773.4467824
-1.0346919833133454,4.184009286662212,1779851773.4668574
-1.0348861979278348,4.183735585361047,1779851773.4868019
-1.0351942186594618,4.183306281647025,1779851773.5468736
-1.0355143454714102,4.182860984139117,1779851773.5866942
-1.0358376239219422,4.18241173622798,1779851773.6468885
-1.0361441106109137,4.181986458018938,1779851773.686837
-1.0364260343785905,4.1815956131133705,1779851773.746977
-1.0366988916907387,4.181217298271683,1779851773.7871785
-1.0369680408066646,4.18084428554095,1779851773.8470461
-1.0372370388138799,4.180471704825842,1779851773.8868732
-1.037566167562873,4.1800153167271,1779851773.9469235
-1.0379803002975418,4.179441497779301,1779851773.986971
-1.038401773627655,4.178858995318092,1779851774.0468135
-1.0388006626938007,4.178308363657469,1779851774.086721
-1.0391891986792674,4.177772168930378,1779851774.146789
-1.0395566283935178,4.177265577726162,1779851774.186699
-1.0398976179265564,4.176795792456378,1779851774.246864
-1.0402530961045926,4.176305921114862,1779851774.2868884
-1.0406402829630848,4.175772618927701,1779851774.346923
-1.0410394984311706,4.175223347417439,1779851774.386743
-1.0414422876505243,4.174669598672877,1779851774.446825
-1.0431789037304848,4.175392949038759,1779851774.4666455
-1.0432995456741734,4.1752312004846726,1779851774.4866345
-1.0436843919521321,4.174715552499125,1779851774.5468001
-1.0440362231677283,4.174244703028908,1779851774.5867336
-1.0443749656267478,4.1737912959465815,1779851774.6468737
-1.0447221372185689,4.173326682427633,1779851774.686858
-1.045086100975243,4.172840016282068,1779851774.746925
-1.0453698151092317,4.172462685011824,1779851774.7867627
-1.0455330215595873,4.172246792072381,1779851774.8469577
-1.0456515843724856,4.172089179874922,1779851774.8868103
-1.0457556221553785,4.171950653534781,1779851774.947064
-1.0458554537520364,4.171817756047235,1779851774.9868152
-1.045872976587165,4.171795438456083,1779851775.0468824
-1.0457763641393725,4.171924815455767,1779851775.0868802
-1.0456369962713514,4.172109643484253,1779851775.1469421
-1.0454655457372166,4.172336698459836,1779851775.1868231
-1.0452641328629708,4.172603135257426,1779851775.2470465
-1.0449878792262643,4.1729687155795805,1779851775.2867088
-1.0446205866815543,4.173454206097583,1779851775.3466733
-1.0442201088506158,4.173982235273368,1779851775.386974
-1.0459204712021362,4.1760109475822915,1779851775.426834
-1.0459136739365593,4.1760160096625,1779851775.4469233
-1.045582747551319,4.1764330335976405,1779851775.4869628
-1.0451602792456451,4.176970523698052,1779851775.5469384
-1.0445908890705833,4.177693967581874,1779851775.5868893
-1.043964787877355,4.178484920980854,1779851775.6470768
-1.043447493338454,4.179133335847574,1779851775.6868024
-1.043105435274568,4.179559337946832,1779851775.7470841
-1.0427983150157594,4.179944700430504,1779851775.7868648
-1.0424666483668963,4.180361382241984,1779851775.8469558
-1.0421240624542882,4.180790669084884,1779851775.8870375
-1.0419398854752058,4.181017604789647,1779851775.9469042
-1.0419808342940713,4.180962261114543,1779851775.9868777
-1.0420938084902687,4.180820679909356,1779851776.0468903
-1.0422151908028394,4.180669851283887,1779851776.0868769
-1.0423380513788385,4.180517432606042,1779851776.1470308
-1.0424289985098754,4.180405423924478,1779851776.1869056
-1.0424745307518273,4.180349973773495,1779851776.2467866
-1.0423656354023825,4.180487433313087,1779851776.2866986
-1.04205957113584,4.1808686101607995,1779851776.3470068
-1.0416795091352171,4.181338200382202,1779851776.3867989
-1.0449581835629642,4.184501996684977,1779851776.446828
-1.044575394699175,4.184931030946332,1779851776.4867601
-1.0441811538450958,4.185374557298656,1779851776.5467966
-1.0437592752951272,4.185848446479637,1779851776.5868454
-1.0433278163262771,4.1863307757028245,1779851776.646985
-1.0430905760908706,4.1865853815833205,1779851776.6869392
-1.0431328180992574,4.186526644639036,1779851776.7469218
-1.0431652346611617,4.186493099053367,1779851776.7868793
-1.0430658214218558,4.186609020041994,1779851776.846964
-1.042913867714877,4.186778444353364,1779851776.8871124
-1.0427381935263873,4.186972493565313,1779851776.947107
-1.0425475404439366,4.187182093935844,1779851776.9869332
-1.0422813241314777,4.187475774631661,1779851777.046855
-1.0419153929693135,4.187877730837567,1779851777.086887
-1.0415106600765667,4.188318406079866,1779851777.1472168
-1.041178812529151,4.188675535559455,1779851777.1868007
-1.0409601969995728,4.1889085181314165,1779851777.2469478
-1.0406648414918545,4.18922950836394,1779851777.2869122
-1.0402143010080898,4.189717898830486,1779851777.3470204
-1.0397057071713527,4.190264029113011,1779851777.3865852
-1.0433370282166696,4.1937757345954925,1779851777.447082
-1.0429283281721886,4.194142138762452,1779851777.4868898
-1.0425124176876446,4.194516261842337,1779851777.5469296
-1.0421451070048884,4.194845477197529,1779851777.5870855
-1.0417953670312268,4.195160038507675,1779851777.6469655
-1.041534766506146,4.195387871844671,1779851777.6869347
-1.041393862304045,4.195506772533654,1779851777.7469337
-1.041262159476819,4.195624963007327,1779851777.7870748
-1.0410904084233155,4.19578001596203,1779851777.8469782
-1.0409020873412536,4.195946938224105,1779851777.8867598
-1.040669550036544,4.196153205943139,1779851777.9471006
-1.0403794905148738,4.196408690883146,1779851777.9869466
-1.0399675605902208,4.196771359319752,1779851778.0469525
-1.0394037486473144,4.197263400882311,1779851778.086915
-1.0387839488123762,4.197795834577556,1779851778.1468623
-1.0381348186924169,4.198349426068587,1779851778.1869297
-1.0374685226732039,4.198914404204557,1779851778.2469466
-1.0368822199041168,4.199404951939263,1779851778.286838
-1.0364141024108506,4.199792924502417,1779851778.3469653
-1.0359920107067548,4.200143952256048,1779851778.3868582
-1.0382114920919994,4.201901715543512,1779851778.4469466
-1.0382500990575945,4.201849643623506,1779851778.4868333
-1.0381730550824322,4.201910107583614,1779851778.5468457
-1.037959339910895,4.20206847796691,1779851778.5869935
-1.037687637808527,4.2022551679821065,1779851778.646893
-1.0373964856772608,4.202450512156459,1779851778.6868927
-1.0370987685614794,4.2026477022154065,1779851778.7469523
-1.036739957078135,4.202887028227288,1779851778.7869065
-1.036294250176674,4.203181396096882,1779851778.846945
-1.0358143322160775,4.203491298134751,1779851778.8868504
-1.0352789302064942,4.203835371178509,1779851778.9470532
-1.0346778230840379,4.204218234935162,1779851778.9869423
-1.0340842148665128,4.204588627115178,1779851779.0469275
-1.0335317561120323,4.204929135230218,1779851779.0868235
-1.0329942962643919,4.2052591275422015,1779851779.1469755
-1.0325482640456949,4.205526587243358,1779851779.186992
-1.032227467647782,4.205715168976975,1779851779.2467046
-1.0319356047785015,4.205889826167586,1779851779.2866662
-1.031633417175227,4.206070517278915,1779851779.3470764
-1.031325837005644,4.206252335421369,1779851779.3866997
-1.0323718088360876,4.2065358620586295,1779851779.406808
-1.032128171152233,4.206652885781362,1779851779.446652
-1.0317098294028442,4.206846976623587,1779851779.4867573
-1.0314645039375925,4.206939788590298,1779851779.5467439
-1.0314880182748283,4.206909612485332,1779851779.5866444
-1.03162115720939,4.206848510966896,1779851779.6467159
-1.0317886741529791,4.206778210945271,1779851779.686693
-1.031967516307623,4.206705386438862,1779851779.746688
-1.0320656947294375,4.2066729188941725,1779851779.7867126
-1.0320442990212264,4.206690568599106,1779851779.8467348
-1.0319753915851766,4.206721210518324,1779851779.8866181
-1.031815621774926,4.206789972828162,1779851779.9467034
-1.0315429678788481,4.206901715867165,1779851779.9869657
-1.0312354286073948,4.207019742023014,1779851780.0469372
-1.030926790774306,4.207134740898104,1779851780.0868173
-1.0306193460352853,4.207247522385192,1779851780.1468573
-1.0303690674346255,4.207334764008628,1779851780.1868079
-1.0302000229386714,4.20739098280774,1779851780.2468731
-1.0301303475733936,4.20741105273753,1779851780.2867966
-1.0301664915075432,4.2073945359035045,1779851780.3469303
-1.0302423627049044,4.2073683796290515,1779851780.3868082
-1.0304988856221662,4.20700148113187,1779851780.4268374
-1.0304912256515304,4.2070094694296625,1779851780.446931
-1.0304873907499803,4.207016543658819,1779851780.486833
-1.0303054548555595,4.207072458522668,1779851780.5471375
-1.0298923230615311,4.207177511825332,1779851780.5868232
-1.0293885697641112,4.207285319575123,1779851780.6471763
-1.028834271426732,4.207397348271584,1779851780.68688
-1.0282422020568958,4.207512009125546,1779851780.7468727
-1.02764585287921,4.207621027484025,1779851780.7868292
-1.0270597090087175,4.20772353443141,1779851780.8469307
-1.0264757792348045,4.207822202659469,1779851780.8868093
-1.0259432813814628,4.207905515627056,1779851780.9468827
-1.0254824095624069,4.2079733494161236,1779851780.986807
-1.0251400670750255,4.208017972732347,1779851781.0467923
-1.0249362391463566,4.208040199135713,1779851781.0867546
-1.0247835118000352,4.208059510111981,1779851781.1469421
-1.0246057130194683,4.208084843585905,1779851781.1867948
-1.0243752821782715,4.208116323914874,1779851781.2466447
-1.0239908606659762,4.208168871228564,1779851781.2864537
-1.023412247794395,4.208240758641163,1779851781.3471014
-1.0227607444902695,4.20830908936864,1779851781.386815
-1.0220659771029412,4.207493682852106,1779851781.4270608
-1.021920653290615,4.207487231667778,1779851781.4469676
-1.0214126936343775,4.207485177943654,1779851781.486606
-1.0208037108525148,4.207497029113758,1779851781.5478103
-1.0200166374959223,4.207507464183333,1779851781.586956
-1.0191642715555969,4.207501341453045,1779851781.646891
-1.0183190097586292,4.207483642944954,1779851781.6867192
-1.017512791492832,4.207459078831964,1779851781.7467673
-1.016863838493238,4.2074256935531515,1779851781.7868266
-1.016424453810844,4.207394471163779,1779851781.847039
-1.0160626444382381,4.207373344876479,1779851781.8869023
-1.0157670444220135,4.207353467193877,1779851781.9469864
-1.0155369656508315,4.207335790304223,1779851781.9868455
-1.0154656296105047,4.207322502640713,1779851782.0468433
-1.015590472252077,4.2073235475734965,1779851782.0866323
-1.0157871327883394,4.207340141223101,1779851782.146727
-1.0159749115210899,4.207361592754047,1779851782.186611
-1.0161258314500925,4.207381647299764,1779851782.2466938
-1.0162004744869164,4.20739605523707,1779851782.2867892
-1.016184201629711,4.207400197792412,1779851782.3469098
-1.0158193603838663,4.206527790621461,1779851782.3867779
-1.0157274479466705,4.206514201904049,1779851782.446947
-1.0155913515059491,4.206490152185716,1779851782.4868264
-1.015397974681349,4.2064527853445774,1779851782.5471334
-1.0151434284083618,4.206399524835329,1779851782.5868852
-1.0148665734033304,4.206335180231071,1779851782.6468856
-1.0146652884003946,4.2062797329351,1779851782.6868362
-1.0145750377755607,4.206249123095278,1779851782.7469392
-1.0145660409980704,4.206242101407186,1779851782.7868688
-1.0146257290083485,4.206254928759762,1779851782.8469005
-1.0147095877579002,4.206278539273585,1779851782.88687
-1.0147093909852591,4.206285555549008,1779851782.9469607
-1.0145860504529711,4.206256907018446,1779851782.9868023
-1.0144185454843309,4.206207076220641,1779851783.0469325
-1.0142380023671396,4.206149497224474,1779851783.0868487
-1.0140535069874117,4.206088259023461,1779851783.1469393
-1.0139490230908588,4.206047074296141,1779851783.1868577
-1.0139539570417349,4.206042084694619,1779851783.2469134
-1.013857756781623,4.206015010993566,1779851783.28678
-1.0135827322322493,4.205924199381762,1779851783.3468137
-1.0130461589959932,4.205318022484496,1779851783.3869565
-1.01264597254912,4.205147240986003,1779851783.447195
-1.0121746990544631,4.204939615550955,1779851783.4868536
-1.0117587041697462,4.204740810096883,1779851783.546631
-1.011443325667594,4.20458212314194,1779851783.586705
-1.011162504025697,4.204442844959214,1779851783.6470015
-1.010893686792509,4.204308208020825,1779851783.6868925
-1.0106489248542245,4.204181653597857,1779851783.7469125
-1.0104128439040698,4.2040581158610975,1779851783.7865987
-1.0101613265453002,4.203925515888061,1779851783.8470378
-1.0099058414366924,4.203786626345766,1779851783.8866727
-1.0096683387690688,4.203652744440148,1779851783.9470575
-1.0094563741792306,4.2035299988096355,1779851783.9867148
-1.009114446358818,4.2033419358831114,1779851784.0470557
-1.0085881455628698,4.203042996246559,1779851784.0866024
-1.0080028944669739,4.202690152298438,1779851784.1471033
-1.0075477982777001,4.202394896777911,1779851784.1869926
-1.0072861817450713,4.202212457810325,1779851784.246707
-1.0074293828654102,4.202272392187439,1779851784.2866127
-1.0080435106728642,4.202642462162756,1779851784.3469253
-1.0088230227980495,4.202867979218375,1779851784.3870072
-1.0095396687462788,4.203396183508652,1779851784.446652
-1.0089944387209715,4.203140053537168,1779851784.4870174
-1.0079946465542917,4.202422499441766,1779851784.5469544
-1.0081155202113328,4.202388774192504,1779851784.586908
-1.0086093376436913,4.2027456456104595,1779851784.6469424
-1.00875486499827,4.202906325294831,1779851784.6869261
-1.008326182773772,4.202614757337646,1779851784.747024
-1.0076793447425523,4.202088697516087,1779851784.7869225
-1.006934793449444,4.201453933634876,1779851784.8470147
-1.0061645927504532,4.200775807646281,1779851784.887064
-1.0053910716931782,4.200078893757581,1779851784.9469662
-1.004962497492037,4.1996445134773,1779851784.987052
-1.0049074068352628,4.19955050162899,1779851785.046944
-1.00489079989827,4.199532803404474,1779851785.0866888
-1.0048852784125266,4.1995283271505235,1779851785.1467245
-1.0048831961288403,4.199527912406906,1779851785.187019
-1.0048822220818476,4.1995287208534275,1779851785.2468667
-1.0048815929371657,4.199529815309154,1779851785.2870255
-1.0048546436678025,4.200319652480847,1779851785.34708
-1.0048513795136265,4.200316840017351,1779851785.3871388
-1.0048511060450631,4.200317049006207,1779851785.4470086
-1.004851092927649,4.2003175857005655,1779851785.486606
-1.004851132377271,4.200318187851722,1779851785.5470862
-1.0048511668986926,4.200318779288529,1779851785.5865614
-1.004851182914515,4.200319338655231,1779851785.6470964
-1.0048511650468446,4.200319844926634,1779851785.6869402
-1.0048511427061877,4.200320327642827,1779851785.7469518
-1.0048511004781868,4.2003207680632,1779851785.7870266
-1.0048510506051205,4.200321178654896,1779851785.847047
-1.004850987702741,4.200321552256324,1779851785.886979
-1.0048509175754918,4.200321895013941,1779851785.9472678
-1.0048508474460307,4.200322215714345,1779851785.9870362
-1.0048507756364475,4.200322512604714,1779851786.0470548
-1.004850702403917,4.200322786266664,1779851786.0866063
-1.0048506281232061,4.200323037546387,1779851786.1472116
-1.004850551708884,4.200323265403086,1779851786.1870134
-1.0048504794142332,4.200323478912808,1779851786.2470539
-1.0048504084285645,4.200323675129979,1779851786.286996
-1.004850338333292,4.20032385412819,1779851786.3470633
-1.0048784309684453,4.200974622278135,1779851786.366918
-1.004877690748703,4.2009736682136305,1779851786.386942
-1.004877704181524,4.200973607807911,1779851786.4471257
-1.0048777631734054,4.2009736450082,1779851786.4869702
-1.0048778244475984,4.200973708154142,1779851786.5469496
-1.00487787822441,4.200973777371567,1779851786.586914
-1.0048779212144099,4.20097384471142,1779851786.646925
-1.0048779555816436,4.200973909813535,1779851786.686969
-1.0048779829593029,4.200973972552576,1779851786.7469366
-1.0048780020576897,4.200974029852801,1779851786.786984
-1.004878016572819,4.200974084663106,1779851786.846966
-1.0048780267547597,4.200974136251728,1779851786.8865926
-1.0048780332623028,4.200974184535556,1779851786.9467316
-1.0048780378285571,4.2009742309541,1779851786.986974
-1.0048780375599382,4.200974271266057,1779851787.0472093
-1.004878036831175,4.200974310515097,1779851787.0869699
-1.0048780349815496,4.20097434756279,1779851787.1471975
-1.0048780310633298,4.200974380844968,1779851787.187018
-1.0047911474994364,4.200869520052881,1779851787.2470374
-1.0045885525877623,4.200614936696515,1779851787.2869992
-1.0040590704292969,4.199943274712109,1779851787.3469174
-1.0037654532665417,4.19995610118114,1779851787.3668456
-1.0029624796454173,4.199079015270732,1779851787.387004
-1.001737217050408,4.197816788668352,1779851787.4469202
-0.9988090592897668,4.19469251603442,1779851787.4869635
-0.9935631612580569,4.189123297480662,1779851787.5469587
-0.9858900972197819,4.180962101956447,1779851787.5869327
-0.9758336470734611,4.170201546438554,1779851787.646586
-0.9648828964199643,4.158420006536709,1779851787.687283
-0.9529726804407564,4.145480697039139,1779851787.7469397
-0.9399262321989427,4.131173959429576,1779851787.786949
-0.9257767422663298,4.115511669893472,1779851787.8470113
-0.9104662861475502,4.0984045544636984,1779851787.8870158
-0.8947795233788404,4.080704243567759,1779851787.946929
-0.8789932863679472,4.062717087712822,1779851787.986986
-0.8632081252764469,4.044556038707532,1779851788.0469315
-0.847453405925039,4.026252135270856,1779851788.0869362
-0.8319157672808087,4.008024140423361,1779851788.1468897
-0.8164562372894626,3.9897137689222513,1779851788.1870124
-0.8011408980930768,3.9713968674485285,1779851788.2471204
-0.7860491405268748,3.9531717438224994,1779851788.2870932
-0.7710653783364555,3.934903620532928,1779851788.3470423
-0.7326797904219972,3.9504368935533902,1779851788.366937
-0.7254973303806537,3.9436150305751156,1779851788.3869526
-0.7085678311689145,3.9273631511443705,1779851788.446949
-0.6916893763172782,3.9110585148040435,1779851788.4867868
-0.674905187730881,3.894746923697923,1779851788.5471153
-0.6581278956054226,3.878338293905674,1779851788.587029
-0.641226810277771,3.861711156085654,1779851788.6470666
-0.6243740099683056,3.84503942167546,1779851788.6866145
-0.6074655329688589,3.828214950164568,1779851788.7470582
-0.590489591200952,3.811226218493059,1779851788.7868857
-0.5735435018905312,3.7941718296394793,1779851788.8469877
-0.5566391396638742,3.7770624044323418,1779851788.886992
-0.5397761898039849,3.759897381716671,1779851788.9472294
-0.5229494682649409,3.742671185564032,1779851788.986995
-0.5061217376349803,3.7253457989394096,1779851789.047062
-0.4893040568585464,3.7079320588670113,1779851789.0865324
-0.47249509225357766,3.6904284629470756,1779851789.1465163
-0.45567479644521774,3.672813686729906,1779851789.186953
-0.43880350344546526,3.6550454927625022,1779851789.2465956
-0.42179224322632713,3.637028595384576,1779851789.2864845
-0.40487760075063656,3.6190107848307504,1779851789.3466153
-0.35215507870167106,3.6461380990649146,1779851789.3665314
-0.34603787252246104,3.6406992193617422,1779851789.3865602
-0.32766831497373555,3.624283941214795,1779851789.4468787
-0.30948546158777723,3.607991686338339,1779851789.4867773
-0.29149631370360707,3.5918252605717953,1779851789.5465326
-0.2735734616031138,3.575665896163493,1779851789.5864987
-0.25578348329919964,3.559577904113679,1779851789.646666
-0.23799043197253555,3.5434390165699683,1779851789.6865597
-0.2202260282971568,3.527278739986815,1779851789.7465687
-0.20249477701346194,3.5111018086943018,1779851789.7864666
-0.18478478866212614,3.494898409610387,1779851789.8465307
-0.16714510378559438,3.478712817948123,1779851789.8864684
-0.14953503667856602,3.4625072922694895,1779851789.9465096
-0.1319316601837606,3.4462608491352125,1779851789.9864388
-0.11433879910318202,3.4299772913294304,1779851790.0466475
-0.09668204552652224,3.413586880004055,1779851790.0864534
-0.07894088083466795,3.3970707799902677,1779851790.146519
-0.061200532630975725,3.3805087262010223,1779851790.186511
-0.04345544099849118,3.3638947444255787,1779851790.2467306
-0.025704722901166165,3.3472278057237363,1779851790.286552
0.021633342709893824,3.367882777673684,1779851790.3264668
0.025683615059791564,3.3644945231629126,1779851790.3464925
0.0445078837020777,3.3487491845523185,1779851790.3865216
0.06332171062240247,3.3329978761345056,1779851790.4466116
0.08215684172081535,3.3172109000154637,1779851790.4865468
0.10101980596208195,3.3013835225706623,1779851790.546631
0.11988279301506301,3.2855410352271557,1779851790.5865738
0.138740474005225,3.269686354734832,1779851790.6467164
0.15753036687761862,3.253871008750394,1779851790.686745
0.17630539154261737,3.23805122191332,1779851790.7466817
0.1950729167957019,3.2222207698598146,1779851790.7866173
0.21382277953188775,3.2063888561879548,1779851790.8467274
0.23244529170205133,3.190647644605923,1779851790.8866267
0.2510811176364075,3.1748776169335806,1779851790.9469275
0.2696433226159442,3.1591535724274378,1779851790.9867768
0.28812387105353204,3.1434819999308727,1779851791.0467305
0.3065004510111506,3.1278820523722004,1779851791.0865936
0.3247841304463555,3.112344330322847,1779851791.1467276
0.34300799782710617,3.096840240631254,1779851791.186545
0.3612539773540117,3.081300337088601,1779851791.2468739
0.37957942474622797,3.0656760882198637,1779851791.2865787
0.41795822323803844,3.0753676876192646,1779851791.3267505
0.4198411998861263,3.073868477586019,1779851791.3465307
0.43886822005215265,3.0587719661685546,1779851791.386747
0.4579332057776522,3.043649067596357,1779851791.4465265
0.47698495209182257,3.0285385446080153,1779851791.4867804
0.49602663580080647,3.013436947397361,1779851791.5467944
0.5151283767308785,2.9982863857726962,1779851791.5870464
0.5343117808177189,2.9830714511849337,1779851791.6467848
0.5535329038367631,2.967828871022053,1779851791.686639
0.5728358793237621,2.952522238881209,1779851791.7468789
0.5921336417170169,2.937220531033179,1779851791.7866611
0.6113338009781503,2.921998340861273,1779851791.8467293
0.6304900575041495,2.9068119042026463,1779851791.8866954
0.6495946679554592,2.891666094829031,1779851791.9471385
0.6685441911827965,2.8766453209434073,1779851791.9867158
0.6872828909630224,2.8617925468000767,1779851792.046692
0.7059367118971627,2.8470061963908573,1779851792.0866911
0.7246213155894307,2.832195738631361,1779851792.1467526
0.7432376957990139,2.817439980711584,1779851792.1868353
0.7619658311979169,2.8025957049612615,1779851792.2467234
0.7808421425896515,2.7876346418741593,1779851792.2865942
0.8112133128026453,2.785209898363232,1779851792.347092
0.8302444772680962,2.7706879544615712,1779851792.3865695
0.8497120235374213,2.7558449797197753,1779851792.4468722
0.869200422565958,2.740995897522482,1779851792.486929
0.8887375439454759,2.7261191286310247,1779851792.5468707
0.908186334009757,2.7113196676170337,1779851792.5865965
0.9276544767089469,2.6965148516688187,1779851792.647051
0.9470842785574078,2.6817478563288093,1779851792.6868968
0.9666477712061949,2.666886543415584,1779851792.7464905
0.9864167474691096,2.6518781982391357,1779851792.7869308
1.0062550093619693,2.6368286789228774,1779851792.8469455
1.0260491255332478,2.6218225734572393,1779851792.8865259
1.0458757684573063,2.606801062764594,1779851792.9468992
1.06576805823418,2.5917387376455254,1779851792.9865441
1.0857425472329767,2.576623539997742,1779851793.0465944
1.105769682837637,2.561477875692119,1779851793.0868902
1.1259138663799872,2.5462532399673345,1779851793.146613
1.1461316281859004,2.53098310419436,1779851793.1868136
1.166209675709115,2.515829020934027,1779851793.2469304
1.186117922296948,2.500812700822546,1779851793.2867422
1.192346108942556,2.502049403348199,1779851793.306753
1.20894233786831,2.489673778135394,1779851793.3468838
1.2286802997061381,2.47496437172931,1779851793.3868537
1.2483957577195928,2.460282452038689,1779851793.447127
1.2680242912941722,2.445677166842757,1779851793.4869092
1.2875677803297525,2.4311467074689235,1779851793.5470977
1.3070762447746918,2.41665320789458,1779851793.5869079
1.3265421121717544,2.4022026513016037,1779851793.6470478
1.346044791263474,2.387736178744663,1779851793.6866484
1.3655987223199786,2.3732430650870353,1779851793.7467053
1.385122946900797,2.358783439959582,1779851793.7869165
1.4047228314639328,2.3442792311075853,1779851793.8466778
1.4243534576852215,2.3297638050876897,1779851793.8868392
1.4440368957418201,2.315221038652103,1779851793.9466906
1.4634371425407515,2.3009003851447067,1779851793.9868643
1.4825180714209651,2.2868269376742383,1779851794.0468554
1.4997127003001143,2.2741629899207942,1779851794.0868382
1.5144589093317704,2.2633138180533567,1779851794.1467724
1.528274465817434,2.2531488595165685,1779851794.18683
1.5392905632354281,2.245060509023488,1779851794.246888
1.5466219319963428,2.239687844746388,1779851794.286842
1.5481011712132156,2.237355424058793,1779851794.3067045
1.550387887655397,2.235679012613086,1779851794.3469245
1.5525985535332647,2.2340580134406456,1779851794.386861
1.5540108258732188,2.2330189523526984,1779851794.446907
1.5548796179943252,2.2323791050666433,1779851794.486676
1.5552780055349924,2.23208482052247,1779851794.5468662
1.555449664242337,2.2319562732702787,1779851794.5866253
1.5554883194531048,2.231925213160329,1779851794.6466482
1.5554838908179534,2.2319256546557824,1779851794.686831
1.5554655711404337,2.2319363923700126,1779851794.7466645
1.5554457002357718,2.2319484514677073,1779851794.7867696
1.5554270691649,2.2319597947154466,1779851794.8468983
1.5554095488970523,2.2319705023318144,1779851794.8868933
1.5553935743429077,2.231980244675261,1779851794.946912
1.555379446370191,2.2319887916051733,1779851794.9868996
1.5553666242047057,2.2319965239397304,1779851795.0469036
1.5553548998740518,2.232003581520697,1779851795.0866983
1.5553445089977418,2.2320097845108364,1779851795.1468577
1.5553349354518606,2.2320154975715334,1779851795.1869385
1.5553261916608174,2.232020703526243,1779851795.2468846
1.5553185155907292,2.232025223699314,1779851795.2868962
1.5541474576868848,2.2306205649495996,1779851795.306862
1.5542860540318384,2.230519641977461,1779851795.3469076
1.55429019682489,2.2305166019391085,1779851795.3867774
1.5542845832420487,2.2305205466453852,1779851795.4467394
1.5542770982300265,2.230525805937785,1779851795.486922
1.5542693482988799,2.230531235487324,1779851795.5467188
1.5542625785467306,2.2305359396550677,1779851795.58683
1.5542563298170513,2.230540258845802,1779851795.646964
1.5542506733428643,2.2305441451808163,1779851795.6868827
1.554245769514406,2.230547485427198,1779851795.746803
1.554241194456578,2.2305505896780744,1779851795.7872539
1.5542372170873198,2.230553264750234,1779851795.8468328
1.5542337829041575,2.2305555519119986,1779851795.8869023
1.5542305702674222,2.230557685153886,1779851795.9469378
1.5539316048037892,2.2307748625868804,1779851795.986603
1.5532212694923426,2.23129018420897,1779851796.0466933
1.5529184281712536,2.2315083359612298,1779851796.0865836
1.5533450432618972,2.2311979050238224,1779851796.1470127
1.5540434256486189,2.230692218596386,1779851796.1866372
1.5548353744055048,2.230119558367866,1779851796.2466092
1.5556657734846004,2.229519593051204,1779851796.2867858
1.5551003313644383,2.2274413736538263,1779851796.3267152
1.5548645657882303,2.227609348744442,1779851796.3465574
1.5545335414593402,2.2278496315863823,1779851796.3865416
1.5539852251140676,2.2282556591735108,1779851796.446853
1.553619110032999,2.2285289129859716,1779851796.4869413
1.5535900058873742,2.228552502789818,1779851796.5465086
1.5536968890046303,2.228473932552418,1779851796.5866885
1.5538556914684238,2.2283564969311946,1779851796.6467264
1.5540313281112386,2.22822644773833,1779851796.686738
1.5542374914293964,2.2280738347181424,1779851796.7466042
1.5544801336403973,2.2278942123220684,1779851796.7868307
1.554778945895243,2.227673042154432,1779851796.8465376
1.5551400349431552,2.227405776775967,1779851796.886525
1.5555242225685075,2.2271213439164352,1779851796.946792
1.5559149026771995,2.226832128253346,1779851796.986691
1.5563091212202504,2.2265403417349767,1779851797.0467496
1.5566774737112847,2.226267713486793,1779851797.087007
1.5570124020397824,2.2260198650057337,1779851797.146647
1.557333156276805,2.2257825854891022,1779851797.1866007
1.5575919240947969,2.2255911463164133,1779851797.246859
1.5580200537228748,2.225543267183224,1779851797.2866733
1.5580941597612243,2.225486108842501,1779851797.3467882
1.5580685870007194,2.2255047935411527,1779851797.386737
1.5580065383450672,2.2255518579290214,1779851797.4468124
1.5579329283360512,2.2256078721175485,1779851797.486531
1.5579139852858472,2.2256228253518153,1779851797.5468636
1.5580331281309658,2.2255333403227358,1779851797.5871446
1.558262865472519,2.225359474016118,1779851797.6466675
1.558531716637903,2.2251553666907884,1779851797.686556
1.5588130183692008,2.2249416165571834,1779851797.7465694
1.559081097358627,2.2247377527031884,1779851797.7870317
1.5593608292452874,2.2245251222661713,1779851797.84662
1.559678969895428,2.224283344793933,1779851797.8867497
1.5600112459813642,2.224030642738279,1779851797.94681
1.5603477819350418,2.2237746154120224,1779851797.9867976
1.5607022546746208,2.2235049417659494,1779851798.0468037
1.5610638680840239,2.2232297325388526,1779851798.0866702
1.5614108721347437,2.2229655233806365,1779851798.14681
1.561751895895406,2.2227058546389133,1779851798.1870496
1.5620915292678206,2.2224472058114624,1779851798.247031
1.5632273032379032,2.2231513257524904,1779851798.2869914
1.563397595715739,2.223017100949357,1779851798.3469598
1.5635064282139715,2.2229316138462223,1779851798.386879
1.5635933128651707,2.222863703262277,1779851798.4468105
1.5636735468794891,2.222801072563952,1779851798.4866865
1.5638097120992192,2.2226952032884104,1779851798.5468378
1.564066541626315,2.222495297972818,1779851798.5869293
1.5644097411516111,2.222227244019913,1779851798.6470642
1.5647829357755387,2.22193507935682,1779851798.6867414
1.565165032601476,2.221635641904915,1779851798.7468505
1.5654506520592957,2.2214109878114985,1779851798.786702
1.5656330745877771,2.2212672541822127,1779851798.8468275
1.5658118142045687,2.2211270064121074,1779851798.8866937
1.5659913756296928,2.2209860170923803,1779851798.9468026
1.5661710941750373,2.2208448174290165,1779851798.986734
1.566450665427083,2.2206255496521576,1779851799.0468113
1.5668838171142128,2.220285513965169,1779851799.0866678
1.5673896641180007,2.2198875672424596,1779851799.146862
1.5679188683381993,2.219470770142567,1779851799.1867554
1.5684557003691089,2.2190476651933,1779851799.2468019
1.5699969612326075,2.219720781283963,1779851799.2867732
1.5705235847914585,2.219296215695151,1779851799.3465178
1.5711173226737853,2.218817182217072,1779851799.3871047
1.5717229532246466,2.2183278213697744,1779851799.4464672
1.5723322833936093,2.2178349683834275,1779851799.486925
1.5729260929268196,2.2173540652388204,1779851799.5468895
1.573457013114085,2.2169232578760534,1779851799.5866284
1.5739221336149458,2.216545517542295,1779851799.6468365
1.5743652791712848,2.216185717852803,1779851799.686588
1.5747998289655505,2.2158327122543655,1779851799.7465775
1.5750937069694424,2.2155926407385746,1779851799.7864904
1.5751944872369505,2.215509265819381,1779851799.8467197
1.5753238966134329,2.215404372917439,1779851799.8865669
1.5755671327672665,2.215207072402355,1779851799.946628
1.5758521586534255,2.2149748501538022,1779851799.9868
1.576059846005777,2.214804746255229,1779851800.0468554
1.5761481657961536,2.214731861905763,1779851800.0866172
1.5761520377248135,2.214728315764264,1779851800.1466382
1.5760860338931113,2.2147820934426683,1779851800.186758
1.5772073277787089,2.216356229081023,1779851800.2468102
1.5769448418559904,2.216574507581932,1779851800.28664
1.5764368384870442,2.2170007107035676,1779851800.346602
1.5759395317272071,2.2174230506204338,1779851800.3865583
1.5755346705114788,2.2177685730247534,1779851800.446916
1.5751702642332956,2.218078976432851,1779851800.48659
1.5746872717842901,2.2184884276747536,1779851800.546598
1.5740300608965296,2.219046279628518,1779851800.58706
1.5734159425931067,2.21957115826058,1779851800.6468678
1.5729245507866985,2.2199926717958567,1779851800.6866329
1.5724797949398466,2.2203736615911494,1779851800.7468202
1.572106120951483,2.220694577226235,1779851800.78654
1.5718153528374206,2.2209448503073905,1779851800.8465421
1.571673507189522,2.221068258888878,1779851800.8865933
1.571706414658934,2.221041690074961,1779851800.9466226
1.5718021783224725,2.220959641099664,1779851800.9865518
1.5718535490127523,2.2209146968468247,1779851801.0465906
1.5718228332153446,2.2209402854165057,1779851801.0866024
1.571778265750531,2.2209786413441095,1779851801.1471024
1.5717464206521914,2.2210062636461347,1779851801.186569
1.5717194836322104,2.2210295804011957,1779851801.2465937
1.5748009984644438,2.2248350591559496,1779851801.266702
1.5746290019386517,2.2249879228985066,1779851801.2866335
1.5742850560475516,2.225303869222617,1779851801.3467124
1.5739947618061785,2.2255810233196582,1779851801.386701
1.5738320520610707,2.225740328534022,1779851801.4467213
1.5737156220572268,2.225852321619538,1779851801.486497
1.5736446978097816,2.225921239486766,1779851801.546479
1.5736206509296098,2.2259454713873006,1779851801.586528
1.5736208395075246,2.2259457183553173,1779851801.6464887
1.5736367361872277,2.225930637509463,1779851801.6865458
1.5736580175194714,2.225910036429784,1779851801.746522
1.5735132432640042,2.226044697880614,1779851801.786469
1.573138669827589,2.2264008892218956,1779851801.8466299
1.5727585807107887,2.2267698701103584,1779851801.886515
1.5724580519330174,2.22706422055774,1779851801.9465635
1.5721863554379758,2.2273296721059603,1779851801.986543
1.5719393894531635,2.227571522391434,1779851802.046725
1.5717169220093368,2.227789919216405,1779851802.08686
1.5715483868659021,2.227956557349441,1779851802.146573
1.5714445378274704,2.2280600616018087,1779851802.186855
1.571364350448363,2.228139450106153,1779851802.2466702
1.5754445227431992,2.2332961895808565,1779851802.266656
1.575359385366999,2.2333863826239666,1779851802.286641
1.5751893390059901,2.2335733726939475,1779851802.3466706
1.5750106165618667,2.233776260390352,1779851802.3866394
1.5748366772518643,2.233975851451077,1779851802.446655
1.5746640471095916,2.234174583123563,1779851802.4865742
1.5744362024113123,2.234433819661081,1779851802.546524
1.5741330013837609,2.234780946082561,1779851802.5865054
1.5738039649536137,2.2351637592303586,1779851802.6465943
1.5734684528477183,2.2355570537031184,1779851802.6865115
1.5731304576264595,2.2359553697132224,1779851802.7465217
1.572730294877382,2.2364252988094275,1779851802.786511
1.5722454635581042,2.236997228300218,1779851802.8467505
1.5718235783519547,2.2375054136769035,1779851802.886466
1.5715144096986715,2.2378828239228596,1779851802.9465132
1.571245667867303,2.238208554544903,1779851802.9865303
1.5709760643520823,2.238534690029729,1779851803.0464766
1.570693025253458,2.238878104938577,1779851803.0864913
1.5704528011169296,2.23917377201575,1779851803.146557
1.5702757965989174,2.23939389213779,1779851803.1864896
1.5701213544151447,2.2395849323291026,1779851803.24653
1.574188316125236,2.244768754658687,1779851803.2664661
1.5741854989331368,2.24478318057915,1779851803.2864892
1.5741458712160008,2.2448506419362393,1779851803.3465605
1.574170255555488,2.2448230719805964,1779851803.386722
1.5742634454014022,2.2446902160806417,1779851803.446989
1.5743779565363565,2.2445153171723167,1779851803.487095
1.5744263641028282,2.2444279870250825,1779851803.5469117
1.5743815417182296,2.244482426432031,1779851803.5869372
1.5743547160836349,2.244526287219685,1779851803.6470523
1.574381569014029,2.2444902363553783,1779851803.686933
1.5744256053942192,2.2444210660229933,1779851803.7468784
1.5745273046172037,2.2442640592009124,1779851803.78684
1.5746996341504036,2.2439925328068036,1779851803.846935
1.5748708294516305,2.2437111447337945,1779851803.8868866
1.5750178352448503,2.2434647958570713,1779851803.947102
1.5751563484483793,2.243232897553951,1779851803.9867783
1.5753029579881839,2.2429877324815184,1779851804.0469222
1.5754629716966897,2.2427185933796268,1779851804.0868213
1.5757278369062229,2.242279507814537,1779851804.1468687
1.5761239160542624,2.2416142245080057,1779851804.1868067
1.578776549436645,2.2441017579193794,1779851804.226856
1.5788753990523856,2.243897607401661,1779851804.2468603
1.5792720268009468,2.243049344537208,1779851804.286918
1.579685753821177,2.242151872765694,1779851804.3468697
1.580061773616114,2.2413083341140907,1779851804.3868203
1.5803880557390637,2.240561495237698,1779851804.446945
1.5806987288982979,2.239852358207047,1779851804.4868436
1.580954794715531,2.239248633704974,1779851804.5468664
1.5811480499174442,2.2387810034948687,1779851804.586794
1.581331742808096,2.2383465845896695,1779851804.646901
1.5815197561186218,2.237900877693069,1779851804.686779
1.5817069992691775,2.2374495504718075,1779851804.7469652
1.5818705572282903,2.2370432175367365,1779851804.7868676
1.5820045579207702,2.2367030825817125,1779851804.8470938
1.5821463932210686,2.2363494526133767,1779851804.8868654
1.5823055897791982,2.235949271431422,1779851804.9468782
1.5824683288271881,2.2355297276513544,1779851804.9870665
1.5826467650141425,2.235066079043259,1779851805.0471697
1.582844382273885,2.2345449587773087,1779851805.0868156
1.582985688451654,2.234146254273933,1779851805.146984
1.5830507625924817,2.233945790279358,1779851805.1869836
1.583542875077099,2.235093591584435,1779851805.2269614
1.58353002666577,2.2351214579069043,1779851805.246996
1.5835153545616925,2.235136250866135,1779851805.2871895
1.583456018893373,2.2353259157080085,1779851805.3473191
1.5833811714733186,2.23561277582069,1779851805.3868635
1.5832947200824556,2.2359638290808426,1779851805.4467978
1.5832078244865606,2.2363375734391693,1779851805.4870224
1.5831163224254132,2.2367386097596573,1779851805.5470197
1.583020075807972,2.2371710871118715,1779851805.586891
1.582950329744514,2.237524866446593,1779851805.6472113
1.582910229866112,2.2377552084406305,1779851805.6868865
1.5828760094935865,2.2379375475800303,1779851805.7469459
1.5828311864583104,2.2381563931903448,1779851805.786853
1.5827738774198814,2.238441437574786,1779851805.8468752
1.58272093454292,2.2387319749759476,1779851805.8867943
1.5826743205695535,2.239002659188562,1779851805.946865
1.5826300769511545,2.239264386644652,1779851805.9868586
1.5825653750370612,2.239626626284073,1779851806.0470126
1.5824787706411452,2.240131848419361,1779851806.0869145
1.5824062112877413,2.240619948523413,1779851806.1469085
1.5823515372774992,2.241022355279143,1779851806.1868858
1.582668765740989,2.2419152408668617,1779851806.2473052
1.5826422965038194,2.242322666623106,1779851806.2868493
1.5826135027388981,2.242808889925145,1779851806.3468678
1.5826120696830834,2.2431438449698744,1779851806.386842
1.582625199904519,2.243240439981282,1779851806.4473262
1.582629071752626,2.243248008153374,1779851806.4869268
1.5826335989814795,2.243185804934865,1779851806.5468688
1.5826381519725783,2.2430569355361585,1779851806.5867145
1.5826397045181348,2.242892937722695,1779851806.6469646
1.582639387342757,2.24270732103598,1779851806.687029
1.5826368556986274,2.242513720957924,1779851806.7468657
1.582634567766186,2.242275949424594,1779851806.7868516
1.5826297931778144,2.2419794241594544,1779851806.8469079
1.5826170572134566,2.241766735232278,1779851806.886892
1.5826059585980339,2.2416920684395394,1779851806.9469385
1.5826023183497933,2.241668612965236,1779851806.9873407
1.5826011149020238,2.241661273534129,1779851807.0468614
1.5826007047272441,2.241658952023479,1779851807.0868099
1.582600992021807,2.24168969910158,1779851807.146918
1.5826044308234108,2.2417643678095733,1779851807.187325
1.5825899441107405,2.2417985301618684,1779851807.207135
1.5826013092459978,2.241877456269106,1779851807.247096
1.58261592200499,2.2419614729129043,1779851807.287046
1.5826294504799687,2.2420327964122,1779851807.3469288
1.5826336144789317,2.242016587229556,1779851807.3868175
1.5826169681105569,2.2418846591948385,1779851807.447367
1.5825845206152591,2.241710758930965,1779851807.4873333
1.582550115921637,2.2415548944666397,1779851807.5469506
1.5825217942035983,2.241438455330517,1779851807.5870843
1.5824865913324968,2.2412636406267277,1779851807.647022
1.5824298405147852,2.2409948591619284,1779851807.686574
1.5823578351930723,2.2406921154537143,1779851807.7471337
1.582271645441218,2.240337829719229,1779851807.7868435
1.5821673399881695,2.2399246983820675,1779851807.8466601
1.5820679460304043,2.239573917674918,1779851807.8870232
1.5819926926587982,2.2393289686446227,1779851807.9470358
1.5819312785910462,2.239122447912211,1779851807.9869864
1.581873364228421,2.238928784595435,1779851808.0465705
1.58181541324486,2.238739167612134,1779851808.0868633
1.5817487982462506,2.2385208458051995,1779851808.1469753
1.5816673933894438,2.238261340007464,1779851808.1869419
1.5812954442700295,2.2380390111062414,1779851808.207043
1.5812175529646537,2.2378427648291774,1779851808.2469795
1.5811295236833127,2.237644146489375,1779851808.287156
1.5810761536266973,2.23753663827513,1779851808.3469443
1.5810486003640014,2.2374812697874638,1779851808.3869474
1.5810382403611714,2.237462898806134,1779851808.4469535
1.5810356523723137,2.2374572325834268,1779851808.4868867
1.5810647066527077,2.2375329326572864,1779851808.546907
1.5811437628108225,2.237715012542034,1779851808.5869288
1.5812803358618586,2.238011067607673,1779851808.6468918
1.5814773479899977,2.2384208630449103,1779851808.6868231
1.5817059635442274,2.238870053044392,1779851808.746975
1.5818546769522261,2.2391191635050127,1779851808.7868361
1.5818610485188087,2.2390873523311066,1779851808.846848
1.5818414333021915,2.239053566166113,1779851808.8868647
1.5818688479548406,2.239117505087828,1779851808.94688
1.5819224925383542,2.239215622444403,1779851808.986913
1.5819944502367247,2.239342557179306,1779851809.0469267
1.5820845430171915,2.239497023860462,1779851809.086899
1.582169086213336,2.239632724075576,1779851809.146935
1.5822347604491056,2.239733533236826,1779851809.1870959
1.5820864113110171,2.239572334080329,1779851809.2069752
1.5821186452099039,2.2396162396682024,1779851809.2471437
1.5821765862986874,2.23969786674652,1779851809.286759
1.5822345095680839,2.23977821642663,1779851809.3468962
1.5824729928371881,2.240146598820674,1779851809.3868191
1.582996290495817,2.240897797098872,1779851809.4469187
1.5836572366324932,2.2417735786081145,1779851809.4868052
1.5835934845833697,2.2415292489065557,1779851809.5469506
1.582337309044029,2.2397505157572595,1779851809.5869124
1.5813142251605519,2.238595953099176,1779851809.6469898
1.5813245511370002,2.238792388874656,1779851809.6867893
1.5818257442251125,2.239436028925544,1779851809.7469385
1.5821886231798665,2.239816367998255,1779851809.7869432
1.5821493413110974,2.2397081720206566,1779851809.8469546
1.5818412531299364,2.2393342241050904,1779851809.8868222
1.5813464970210485,2.2387741988935805,1779851809.9468942
1.5807720103018204,2.238156337095911,1779851809.9869046
1.58040421808348,2.237806197689293,1779851810.0468984
1.5803753636636517,2.237821327712679,1779851810.0870752
1.580439391557007,2.2378905218215435,1779851810.146927
1.580468862937914,2.2379125781741833,1779851810.1868708
1.580791876261131,2.2381203619602084,1779851810.22693
1.5807818896071069,2.2381086051754977,1779851810.2469196
1.5807844481029247,2.2381105632216207,1779851810.2868142
1.5807856784487617,2.2381112801306147,1779851810.3469405
1.5807863721549351,2.2381115225191754,1779851810.3869047
1.5807868669573242,2.238111604155145,1779851810.447132
1.5807872671529613,2.238111619138961,1779851810.4868045
1.5807876285090454,2.238111616914967,1779851810.5468621
1.5807879455301734,2.2381115923503385,1779851810.586914
1.5807882381054337,2.2381115626974832,1779851810.6468937
1.580788505153763,2.238111526647727,1779851810.686934
1.580788749152067,2.2381114860307907,1779851810.7468796
1.5807889757222977,2.2381114449913233,1779851810.7868435
1.580789178970124,2.238111398495739,1779851810.8468332
1.580789364446039,2.2381113506165504,1779851810.8867838
1.5807895338300109,2.2381113021657435,1779851810.9470599
1.580789690364984,2.2381112550519826,1779851810.987114
1.5807898357010601,2.2381112099131215,1779851811.047148
1.580789965740047,2.2381111633910806,1779851811.0868511
1.5807900845031824,2.2381111179704516,1779851811.1471725
1.581271824033063,2.238488987899802,1779851811.166847
1.5812707623053306,2.2384880964571794,1779851811.1869116
1.5812707409633477,2.2384881020630685,1779851811.2468836
1.581270775589917,2.2384881287309306,1779851811.2868094
1.581270828093321,2.238488159461818,1779851811.347187
1.5812708810458778,2.2384881844271325,1779851811.3869255
1.5812709318524982,2.2384882038033074,1779851811.4471188
1.5812709794302267,2.238488217985553,1779851811.4868438
1.5812710246153376,2.23848822855627,1779851811.547158
1.5812710660591487,2.2384882350806907,1779851811.5869172
1.5812711041382796,2.23848823842553,1779851811.6470945
1.5812711407252753,2.238488240468514,1779851811.6868327
1.5812711743568009,2.2384882403870283,1779851811.747112
1.5812712054722737,2.23848823879456,1779851811.786919
1.5812712349592897,2.238488236542578,1779851811.847393
1.5812712612669357,2.238488232663375,1779851811.8868499
1.5812712862960385,2.2384882286469114,1779851811.9471822
1.5812713089872084,2.2384882238218666,1779851811.9869316
1.58127132997805,2.2384882186997768,1779851812.0468984
1.5812713492033916,2.238488213274011,1779851812.0868073
1.5812713676019785,2.23848820817808,1779851812.1468616
1.5816714657720208,2.2388584440915493,1779851812.186952
1.5816714566938304,2.23885845455767,1779851812.2469923
1.5816714582921791,2.238858465863771,1779851812.2867444
1.5816714626739325,2.238858475678061,1779851812.3469532
1.5814256847564687,2.238649545844313,1779851812.3867917
1.5808362179548312,2.2381471640652673,1779851812.4471924
1.5801218822200258,2.237541404900482,1779851812.4868598
1.5793608106047936,2.2369027454620958,1779851812.5471196
1.5765100622911816,2.2345291908983014,1779851812.58694
1.5732672382280928,2.2318677463203294,1779851812.6470535
1.5697924540960775,2.229047566941391,1779851812.6869504
1.56607616728307,2.2260648465743196,1779851812.746972
1.5469830237827602,2.2107117633594524,1779851812.78722
1.5346499593854936,2.2010124609106883,1779851812.8471315
1.5199047181556715,2.189524808498971,1779851812.8869631
1.503065108415831,2.176570942769875,1779851812.9466872
1.4853369581979732,2.1631276486775346,1779851812.9871507
1.467252052525169,2.149580556221318,1779851813.046879
1.4487914619814357,2.135905356640922,1779851813.0869837
1.4298165210491678,2.122004225064884,1779851813.147194
1.4248708345974699,2.0896528812126975,1779851813.186897
1.4074675785130493,2.0732084278846212,1779851813.2471755
1.3899408512567983,2.0567814250967285,1779851813.2868037
1.3723164710350089,2.040387777732829,1779851813.346884
1.3546496638107244,2.0240754085196224,1779851813.3867693
1.336875868765286,2.007781698453111,1779851813.4472182
1.3190590102410817,1.9915641144515002,1779851813.486827
1.3011469248600347,1.9753749234566218,1779851813.5471113
1.2832536489532573,1.9593161838078126,1779851813.586945
1.2653774280756012,1.9433843085238285,1779851813.6473398
1.2474967879094856,1.9275602633679316,1779851813.686455
1.22958653672933,1.911821358172595,1779851813.7470176
1.2116393511967307,1.8961600396753286,1779851813.786885
1.1936914185071048,1.880607020906232,1779851813.8470626
1.1756681083598854,1.8650970053280376,1779851813.88689
1.1576048518963227,1.849660609026145,1779851813.9469922
1.139512049726003,1.8343064106814497,1779851813.9869041
1.1214044668439027,1.819046327273335,1779851814.0468698
1.1032012087351406,1.803811925141443,1779851814.0869713
1.11716660333812,1.7486123017048658,1779851814.1470685
1.1016066840922594,1.7328854714152655,1779851814.1868014
1.084917470449347,1.7160831626811996,1779851814.2469966
1.0681517927278315,1.6992709974325966,1779851814.2865937
1.0513594180016477,1.682501466630254,1779851814.3471627
1.0343807030380077,1.6656115727540823,1779851814.3870957
1.0172539023483511,1.6486408695622066,1779851814.4471893
0.999957777336273,1.6315677828350756,1779851814.486936
0.9825581283203815,1.6144545831098043,1779851814.5472023
0.9650928983264072,1.5973437020849042,1779851814.5872083
0.9474344389856953,1.5801095580908346,1779851814.6471417
0.9296741076688124,1.5628421170602893,1779851814.687241
0.9117855308641064,1.54551614126416,1779851814.7471611
0.8937819619837915,1.5281441632185113,1779851814.7869363
0.8758499932240346,1.5109063567614116,1779851814.8468468
0.8579881186223103,1.4938015060553864,1779851814.8870432
0.8403138971424916,1.4769408514505584,1779851814.9470837
0.8228076403456897,1.4603044215484096,1779851814.986801
0.8053565347056745,1.4437842617801715,1779851815.0470974
0.7879998736987497,1.427416256071521,1779851815.0870035
0.8030160708436216,1.369341153339298,1779851815.1469502
0.7900017142709339,1.3553204150069644,1779851815.186743
0.7736581764742928,1.3377355773343638,1779851815.2470396
0.7571916866959763,1.3200369609634026,1779851815.2870648
0.7405748917523167,1.3022112048640793,1779851815.3470695
0.7237359067429059,1.2841772660884196,1779851815.3869593
0.7068794989286334,1.26614581993782,1779851815.4471335
0.6900511415389291,1.2481724394092344,1779851815.4869797
0.6731970069817741,1.230203351555903,1779851815.5469804
0.6563924114054877,1.2123167721637653,1779851815.5869348
0.6396479381683119,1.1945240510312445,1779851815.6468816
0.6229000713536654,1.1767575500862215,1779851815.6867096
0.6061935183804613,1.159064620711859,1779851815.7467544
0.5894683400955009,1.141382158043955,1779851815.7870052
0.5726584848456331,1.123640769434526,1779851815.8471386
0.5558140971956465,1.1058927108528096,1779851815.8869572
0.5389131212766939,1.0881139695039923,1779851815.9467556
0.5219832051261688,1.0703342696445373,1779851815.9868872
0.5050718471513976,1.0526036063774737,1779851816.0470967
0.4881103791879026,1.0348500069031317,1779851816.0869374
0.4711230295187239,1.0170989146631515,1779851816.1469018
0.4924180347499037,0.9840666234324195,1779851816.166888
0.4814837960288672,0.9716098350110607,1779851816.1867068
0.4652597350324235,0.9531313965272987,1779851816.2469015
0.4490509895966585,0.9346767643380286,1779851816.286899
0.4328616327802918,0.9162496842831651,1779851816.346921
0.416662346792781,0.8978174953373802,1779851816.386834
0.40050148492872467,0.8794369903749614,1779851816.446901
0.3842402397605533,0.8609489205505024,1779851816.4868562
0.36797709614124696,0.8424641771173883,1779851816.5470924
0.3517974472422107,0.8240793055939761,1779851816.5869975
0.33562186983086717,0.8057050872847445,1779851816.6469586
0.31946168488964016,0.787355845751297,1779851816.6869333
0.3032793039137503,0.7689879283937503,1779851816.7469335
0.28709279526951537,0.7506213398870318,1779851816.7868862
0.2709189663783003,0.7322753981815753,1779851816.8469086
0.2547145839916826,0.7139010041466051,1779851816.8868532
0.23849961374733378,0.6955203398371844,1779851816.947076
0.22238045265341488,0.6772543902594792,1779851816.9868538
0.20623663643577145,0.6589670070180017,1779851817.0469198
0.19007920052065777,0.6406704003552158,1779851817.086873
0.1739808744636049,0.6224469095628407,1779851817.1471865
0.18277073719955164,0.5987551497696567,1779851817.1669624
0.17429710909542218,0.5886873133781213,1779851817.18682
0.15862292093525193,0.5700612794807004,1779851817.2468948
0.14304699074502253,0.5515454403678738,1779851817.28689
0.1274330419890772,0.5329778247826911,1779851817.3469558
0.11177437841278694,0.514349760374652,1779851817.3870065
0.09614364024072695,0.4957463230106714,1779851817.4470644
0.08054898772363431,0.4771782016652912,1779851817.4869378
0.06497133586464844,0.45862353343447343,1779851817.5470767
0.049478584376752295,0.4401613567063037,1779851817.5871117
0.03409236062450213,0.42181864554882664,1779851817.6470864
0.018780119259492592,0.403557683291295,1779851817.6868954
0.0035073939631118543,0.38533689424690076,1779851817.7471135
-0.01171342852519736,0.36717143155648846,1779851817.7868736
-0.026949087968711635,0.348981477653148,1779851817.8470201
-0.04218890945277679,0.33077938796291245,1779851817.8868556
-0.05749386777638086,0.31249245445727636,1779851817.9471202
-0.07285591794588654,0.29412998897272685,1779851817.9870188
-0.08823237021378301,0.27574248573950183,1779851818.0470388
-0.10366158212775414,0.25728475194007555,1779851818.0869408
-0.10639784290175129,0.2409862819063433,1779851818.1268942
-0.11282677390621716,0.23314874255857904,1779851818.1470363
-0.12823896204845847,0.21435395366511387,1779851818.1870446
-0.14384807850944603,0.1953060531641006,1779851818.2470682
-0.15948452052935683,0.17620949873231323,1779851818.2869794
-0.17524764964696354,0.1569462712449379,1779851818.3469467
-0.19117227317392085,0.1374726234767609,1779851818.3869026
-0.20717639621796444,0.11788778330603035,1779851818.4468842
-0.22330653228743774,0.09813509790799821,1779851818.486787
-0.23949379023348166,0.07829802015931384,1779851818.5471754
-0.25566458955351434,0.05846774523925796,1779851818.5867844
-0.2718933676712922,0.038552932898429135,1779851818.6465762
-0.28798108762071545,0.01879583057757552,1779851818.6868284
-0.3038492321712608,-0.0007052158668387149,1779851818.7469027
-0.31964794082234776,-0.020132430699914886,1779851818.7867754
-0.3352698699269245,-0.0393563793318123,1779851818.8468397
-0.3506050568112847,-0.05824046351540578,1779851818.8867178
-0.36583141009550213,-0.0770022145405021,1779851818.946775
-0.3809241842200959,-0.09561165871438519,1779851818.9864595
-0.3960110186417232,-0.11422575047579395,1779851819.04647
-0.41107349972198765,-0.13282199048880897,1779851819.0868797
-0.42142227515110947,-0.1465837875997627,1779851819.1265707
-0.4257016664857013,-0.15188002940425152,1779851819.1465492
-0.43967700160919404,-0.1691912864974994,1779851819.1865067
-0.45209715161608766,-0.18458982783277295,1779851819.2468321
-0.4639951457274047,-0.19934245447668428,1779851819.2868202
-0.4738356934188621,-0.2115649171306303,1779851819.3468351
-0.4809932356550904,-0.22046727452841125,1779851819.3867114
-0.4859717372024718,-0.22666333560554983,1779851819.4467573
-0.4889510917853893,-0.23037607984420788,1779851819.4866893
-0.4912038992573154,-0.23317763978634637,1779851819.5468209
-0.49269173942680583,-0.23502991169143253,1779851819.5870264
-0.4933512439048383,-0.235851821606879,1779851819.6466541
-0.4936356962956103,-0.23620366739566262,1779851819.6864996
-0.4937185480578835,-0.2363035669622393,1779851819.746772
-0.4937340919508038,-0.23631903357957865,1779851819.7867582
-0.4937299803096007,-0.23631007720152125,1779851819.8467445
-0.4937197648409944,-0.23629375220897844,1779851819.8867798
-0.49370835026641696,-0.2362762108000369,1779851819.9467354
-0.49369822286272497,-0.2362605601122628,1779851819.986493
-0.49368886460186173,-0.23624612549303667,1779851820.0470347
-0.49367995819816723,-0.23623248336748856,1779851820.0868576
-0.4943556246228384,-0.2350648876768593,1779851820.1266632
-0.4946814156321145,-0.23547151613689446,1779851820.1465988
-0.49468042331799716,-0.23546938534080797,1779851820.1866443
-0.4946738015551626,-0.2354600741800931,1779851820.2466722
-0.49466556124941014,-0.23544873275532183,1779851820.286547
-0.4946576761165088,-0.23543787119154622,1779851820.3468091
-0.49465067539979923,-0.23542816466382158,1779851820.3865619
-0.49464444795363793,-0.23541947662931464,1779851820.4465327
-0.494638508591215,-0.23541119654566683,1779851820.4867296
-0.4946337017781048,-0.23540438734909414,1779851820.5468934
-0.494628949297306,-0.2353976900292013,1779851820.5866628
-0.4946248082759687,-0.23539180504451382,1779851820.646947
-0.49462128600274197,-0.23538674100652687,1779851820.6868527
-0.4946178533787317,-0.2353818282870518,1779851820.7469676
-0.49461497011112776,-0.2353776458862135,1779851820.7866082
-0.4946122320337721,-0.23537368148576573,1779851820.8468888
-0.49460980574918906,-0.23537014397097464,1779851820.886867
-0.49460761426029454,-0.23536693439491535,1779851820.946649
-0.4946055454457364,-0.23536390897007226,1779851820.9865143
-0.49460374978714317,-0.2353612568868897,1779851821.0468485
-0.49460218543337253,-0.23535892382291299,1779851821.0866034
-0.4953965353620058,-0.2347616152448743,1779851821.146915
-0.49574942504840425,-0.23520531555036067,1779851821.186753
-0.4965913383105866,-0.236262461912617,1779851821.2466445
-0.4976109451600362,-0.23754289100341963,1779851821.2867527
-0.49831173615191904,-0.23842347165354397,1779851821.3465302
-0.49851535155200527,-0.23867969786862797,1779851821.3869507
-0.49833950916996683,-0.23845880093476096,1779851821.4466317
-0.4978352980902093,-0.23782461173945274,1779851821.486586
-0.497213849244943,-0.2370422697752878,1779851821.5466063
-0.4969113789782812,-0.23666068000509125,1779851821.5865822
-0.49708605002619,-0.2368799380327915,1779851821.6466603
-0.4973811333184755,-0.23725177802319805,1779851821.686691
-0.49765872646518056,-0.2376019690798344,1779851821.746713
-0.4979268058983099,-0.23794029271870687,1779851821.7865202
-0.49821149874725623,-0.2382997061682359,1779851821.8467572
-0.4985226137733547,-0.23869266085170643,1779851821.8864815
-0.4988172947919896,-0.23906515064313283,1779851821.9465344
-0.49907823052518707,-0.2393951871521555,1779851821.986567
-0.49932653459258564,-0.23970934450852818,1779851822.046553
-0.5000999748346272,-0.23989913031640883,1779851822.0868294
-0.5003244938886121,-0.24017439330886198,1779851822.1468487
-0.5005659080989135,-0.2404701970383447,1779851822.1865308
-0.5007985374661232,-0.24075520465718706,1779851822.2470467
-0.5010271998647633,-0.24103542793734595,1779851822.2866158
-0.5012552699713515,-0.24131493409941068,1779851822.3468807
-0.5014825758352996,-0.24159349518262901,1779851822.3866308
-0.5017105091634467,-0.2418728129817751,1779851822.4469554
-0.5019377698026346,-0.24215129431887164,1779851822.4868946
-0.502165461562306,-0.24243029266711671,1779851822.546855
-0.502326578243411,-0.24262721098844328,1779851822.5867708
-0.5023960420568219,-0.2427117651174181,1779851822.6468425
-0.5024382843403825,-0.24276348304748463,1779851822.686762
-0.5024791812766113,-0.24281368233229841,1779851822.7468135
-0.5025201951773588,-0.24286400941271574,1779851822.7869697
-0.5026275751459452,-0.24299596355399553,1779851822.846896
-0.5028270395097868,-0.2432407592164961,1779851822.886801
-0.5029936754492148,-0.24344472054080532,1779851822.9470205
-0.5030790285926995,-0.24354897397173014,1779851822.9868433
-0.5031339902284894,-0.24361624238390248,1779851823.0468566
-0.5030929813753542,-0.24356572095023762,1779851823.0867465
-0.5022886899171561,-0.24440223291597396,1779851823.107125
-0.5021252545409642,-0.24420476161866125,1779851823.146784
-0.5019830567187485,-0.24403628645521738,1779851823.1867597
-0.5019179136458762,-0.24396024358386148,1779851823.2469513
-0.5018825635728023,-0.24391868419373483,1779851823.2867808
-0.5018833910273931,-0.24392028008802902,1779851823.3467817
-0.501924640297842,-0.24396994088356921,1779851823.3867497
-0.5020009337273583,-0.24406112636586472,1779851823.446927
-0.5021100095032542,-0.24419117983169566,1779851823.4868197
-0.5022308063503776,-0.24433484391777122,1779851823.5467367
-0.5023825717617846,-0.24451543670881387,1779851823.5867844
-0.5025729095551239,-0.24474178807366356,1779851823.6469045
-0.5027705173497138,-0.24497635203839635,1779851823.6868951
-0.5029638108182506,-0.2452056153298844,1779851823.7468941
-0.5031547382164089,-0.24543201666830972,1779851823.7868104
-0.5032707475499258,-0.24556894556104364,1779851823.8469112
-0.5032838131903887,-0.24558372267310422,1779851823.8867435
-0.5032047053727242,-0.2454894794008916,1779851823.9467838
-0.5030384489948785,-0.24529217223955604,1779851823.986742
-0.5028408154570092,-0.24505821408038636,1779851824.0467687
-0.502633785190291,-0.24481334789409706,1779851824.0868697
-0.501230767536057,-0.2459570040840264,1779851824.1069965
-0.5011093554924846,-0.24581764858594948,1779851824.1468775
-0.50094449561363,-0.2456292493229549,1779851824.186718
-0.5008441133376224,-0.2455151732831732,1779851824.246844
-0.5007679336054348,-0.24542806827911848,1779851824.2867682
-0.5006522033106688,-0.2452945867400391,1779851824.3468287
-0.5004722539513793,-0.24508731504275164,1779851824.3866496
-0.5002748916956393,-0.24486103776144616,1779851824.4468966
-0.5000789845277607,-0.24463682033175066,1779851824.4868054
-0.49988386386161243,-0.2444136377118083,1779851824.54695
-0.49967589531999185,-0.24417575170501138,1779851824.5867848
-0.49944904336200235,-0.24391643521651593,1779851824.64692
-0.4992010141854457,-0.24363314700182523,1779851824.686776
-0.49893167800926574,-0.24332579043540287,1779851824.7471251
-0.4986542869770428,-0.24300965612195166,1779851824.7868352
-0.49840868331199867,-0.2427303654223786,1779851824.8471286
-0.49821020211836503,-0.24250499956801266,1779851824.886771
-0.49800855033328517,-0.24227568182424938,1779851824.9469123
-0.49778315529329326,-0.24201943407193346,1779851824.9867952
-0.49754947816331996,-0.24175414928335157,1779851825.0468779
-0.49594426504088607,-0.24294609425778946,1779851825.0668914
-0.495837346502851,-0.24282811760683923,1779851825.0867405
-0.49558906218249593,-0.24255398257028915,1779851825.1468647
-0.49540027727204616,-0.24234719659195747,1779851825.186795
-0.4953040390111706,-0.2422429133884849,1779851825.246974
-0.4952439527061442,-0.24217721046764754,1779851825.2867513
-0.49519517413399944,-0.24212363694997394,1779851825.3466632
-0.4950665341350447,-0.24198103872473314,1779851825.3866014
-0.49488442152873485,-0.24178072476801718,1779851825.4466467
-0.4947458047535713,-0.24162976714136583,1779851825.4867547
-0.4946265905032179,-0.24149964141946934,1779851825.5466838
-0.49451323777113554,-0.2413759073974065,1779851825.586938
-0.4943457393944243,-0.2411924771679059,1779851825.646962
-0.4942548137215187,-0.24109451497410575,1779851825.686753
-0.4943505860542371,-0.24120090489739301,1779851825.7467113
-0.4945181037695765,-0.24138338626705239,1779851825.7866776
-0.4947080419472544,-0.2415894690270643,1779851825.8469524
-0.4948132223837398,-0.2417022416661892,1779851825.8867927
-0.4949272585554847,-0.2418257222820143,1779851825.9468617
-0.4951815412334388,-0.24210204618758,1779851825.9867089
-0.4954906855714018,-0.24243612913541734,1779851826.0471451
-0.49295808435611227,-0.24514310124387576,1779851826.0668118
-0.49305354817182334,-0.24523987154565527,1779851826.0868416
-0.49332115456520653,-0.24550900820059438,1779851826.1467965
-0.4934260025521023,-0.2456096016062549,1779851826.1867852
-0.49340270872175296,-0.2455821842463948,1779851826.2468324
-0.4933320214235689,-0.2455096285144466,1779851826.2868466
-0.49324638250711433,-0.24542290722226826,1779851826.3468652
-0.4931198940498081,-0.24529436865968424,1779851826.3867826
-0.49301312596561614,-0.24518769273928548,1779851826.4468827
-0.4929884221483556,-0.24516503027691067,1779851826.4867868
-0.4929966447582422,-0.24517390905613196,1779851826.546823
-0.4930151307928061,-0.24519258491212936,1779851826.5865657
-0.4929856958083778,-0.24516208681994242,1779851826.6469193
-0.49305377041665915,-0.24523216275380114,1779851826.6868742
-0.49333197887352664,-0.2455129832092241,1779851826.7469285
-0.4936908019145467,-0.2458701787054984,1779851826.7865748
-0.4940745663654527,-0.24625045590653952,1779851826.8471463
-0.49440142348549004,-0.24657220692115583,1779851826.8866475
-0.49465917165218787,-0.2468251854550197,1779851826.9470274
-0.49491521412150935,-0.24707724721127977,1779851826.9868407
-0.49517137889006224,-0.24732890136599825,1779851827.046863
-0.4911430721550575,-0.25130103698566514,1779851827.0867832
-0.49141455956488755,-0.25153836337152796,1779851827.1468556
-0.49177007573342574,-0.2518534544229594,1779851827.186804
-0.49224638324932485,-0.25227315104107495,1779851827.2468047
-0.4927710953393731,-0.2527286229030613,1779851827.2867544
-0.4933098759687166,-0.2531932910103873,1779851827.3468196
-0.4937773607562902,-0.25359108095072486,1779851827.386767
-0.4940592714901995,-0.25382432563405455,1779851827.4468427
-0.49418925600060665,-0.2539297927881878,1779851827.4867475
-0.4942639761039984,-0.25399211288230206,1779851827.5468557
-0.4943210954779807,-0.25404051660596405,1779851827.5868027
-0.49442810863734,-0.25413316942975506,1779851827.647084
-0.49461136491969915,-0.25429003587657945,1779851827.6867938
-0.49491063207230485,-0.25454446573005585,1779851827.7468905
-0.4953422268406158,-0.25490836692644075,1779851827.7867754
-0.4958230903008903,-0.2553088855005362,1779851827.8469245
-0.4962814892567326,-0.2556872310024892,1779851827.8868392
-0.4966889902835525,-0.25602167524413505,1779851827.946646
-0.49708491325425574,-0.2563466758524139,1779851827.98661
-0.49748827728585093,-0.2566769371370498,1779851828.0467238
-0.4942038847396491,-0.2600375108691349,1779851828.0870507
-0.4946256514489377,-0.2603310657597709,1779851828.1467247
-0.49503500686395374,-0.2606142326042668,1779851828.1867404
-0.4953660709305691,-0.2608371138660233,1779851828.2469056
-0.4955886205937926,-0.26098351254568886,1779851828.2868192
-0.49576965671132645,-0.26110559597225375,1779851828.346766
-0.4959293014584048,-0.2612133291017703,1779851828.3868637
-0.4960727014557099,-0.2613097149438944,1779851828.4469037
-0.49619380627780924,-0.26139021642862775,1779851828.4870439
-0.4962891502451194,-0.2614530243322948,1779851828.5468109
-0.4963749123359408,-0.26150994383879866,1779851828.5868182
-0.4962683244613712,-0.2614318748131475,1779851828.6471057
-0.49589291541709074,-0.2611774105773977,1779851828.6867998
-0.49549347041023684,-0.26092063118605685,1779851828.746957
-0.49517092463680745,-0.26071801887773965,1779851828.7869284
-0.49487961945070463,-0.2605340915766002,1779851828.846717
-0.49464128358921244,-0.2603857986690656,1779851828.8869195
-0.4944677217998389,-0.2602793492677487,1779851828.9468818
-0.49436994362083103,-0.26022120964615436,1779851828.9866533
-0.49175664916014805,-0.26230845113794204,1779851829.0467968
-0.4917742328195767,-0.2623201391752848,1779851829.0867207
-0.4917158136075759,-0.2622843261266034,1779851829.1468408
-0.4915453603897799,-0.262190857022775,1779851829.1867616
-0.49139439611371355,-0.26211821259934137,1779851829.2468069
-0.4913198217272379,-0.26208660424762253,1779851829.2868304
-0.49127621142541145,-0.26206684646505374,1779851829.3468246
-0.4911779525984684,-0.2620158956124808,1779851829.3868043
-0.49099109702003424,-0.26192183553679754,1779851829.446955
-0.49085306569183385,-0.26185994423582826,1779851829.486881
-0.4908219308400794,-0.2618508936536176,1779851829.5469043
-0.4908326439141278,-0.26185737878117704,1779851829.586908
-0.4908192060983833,-0.26184967841965456,1779851829.6470938
-0.4907571003096656,-0.261819184980312,1779851829.6868198
-0.4906007095424022,-0.26174483643471885,1779851829.746915
-0.4903324600196887,-0.26162128790420136,1779851829.786797
-0.4900209081375642,-0.2614834544550277,1779851829.8469727
-0.48969658166959207,-0.26134260270644577,1779851829.8868046
-0.4893669720124575,-0.2612013297060825,1779851829.9469466
-0.48913080455013236,-0.2611051965161022,1779851829.9868343
-0.48731992717927214,-0.2625050817638542,1779851830.0468829
-0.48729573605587156,-0.26250121289959205,1779851830.0868194
-0.4872273182665387,-0.26247778896850726,1779851830.1468213
-0.4871230321322538,-0.2624426742164437,1779851830.1865585
-0.48719915417086546,-0.2624785121688239,1779851830.247147
-0.48754794939054474,-0.26259796699182114,1779851830.2867723
-0.488004140220723,-0.26273377464216247,1779851830.3468845
-0.48847488790926946,-0.262866178596284,1779851830.3868504
-0.48892864748408016,-0.26298990755583124,1779851830.446809
-0.4893353177718914,-0.2630968967704299,1779851830.486854
-0.4896847658309547,-0.26318617853681764,1779851830.546871
-0.4900128023469659,-0.2632702334236975,1779851830.5867777
-0.49028350052659514,-0.26333593425113694,1779851830.6469545
-0.4904822602624744,-0.26338182700200846,1779851830.6868887
-0.4905940144216895,-0.2634050038437785,1779851830.7470322
-0.4906121549428629,-0.2634053790808308,1779851830.7869432
-0.4905957338942564,-0.2634006961390815,1779851830.847116
-0.4905481782819815,-0.26338903611912634,1779851830.8867865
-0.4904688273322211,-0.2633706543544277,1779851830.9467485
-0.4905095062647534,-0.2633852891280691,1779851830.986906
-0.49073125278439306,-0.2634392706274825,1779851831.047102
-0.4901895217259267,-0.2638407312633105,1779851831.0669203
-0.49038554996987566,-0.2638694871361303,1779851831.0867143
-0.49064793767451537,-0.2638971502407182,1779851831.1470418
-0.49084665878793743,-0.2639144470508652,1779851831.1867468
-0.4908989259959482,-0.2639098860357852,1779851831.2470574
-0.4907705515425987,-0.26388634350655304,1779851831.2867496
-0.4905729324822031,-0.2638656582342278,1779851831.347049
-0.49036352885173706,-0.26384835456570627,1779851831.3868184
-0.4901619383204798,-0.26383384671582555,1779851831.4470327
-0.489902119300264,-0.26381228831561626,1779851831.487076
-0.4895562523325641,-0.26378571165660525,1779851831.5470774
-0.48917824847019975,-0.26376285100744035,1779851831.586777
-0.4887999940021854,-0.26374396100913544,1779851831.6469722
-0.4884330763135471,-0.2637284189451793,1779851831.686663
-0.48824744484152865,-0.26373116540719377,1779851831.7468522
-0.48830917253485745,-0.2637452824234224,1779851831.786674
-0.48846376816777237,-0.26375250944449086,1779851831.8470173
-0.48865791318691293,-0.2637573294149864,1779851831.886916
-0.4888753474681524,-0.26376053206866407,1779851831.9471867
-0.48904944508650233,-0.2637588250619424,1779851831.9868844
-0.4890172182581235,-0.2638221047061626,1779851832.0269058
-0.489004919957459,-0.26381430064932593,1779851832.0470407
-0.4890811774025738,-0.26380599279273476,1779851832.0867896
-0.48922333207017094,-0.26379858802868156,1779851832.1468709
-0.48946318534643396,-0.2637824384758472,1779851832.1868038
-0.48962647282662725,-0.26375892673076906,1779851832.2469044
-0.4896430401487402,-0.2637469403762291,1779851832.286709
-0.4896033195035041,-0.26374879941459706,1779851832.3468506
-0.48936043193164047,-0.2637662512053523,1779851832.3866906
-0.488853073201066,-0.26381852170115816,1779851832.4468005
-0.4883306357979716,-0.26389401536201673,1779851832.4866774
-0.48789411144956696,-0.2639655555889011,1779851832.5467305
-0.4874894735788432,-0.2640314456918761,1779851832.586697
-0.48710705206102056,-0.2640961528554991,1779851832.64674
-0.48674246421918627,-0.2641604704614114,1779851832.68685
-0.48661227814779856,-0.26419794477420405,1779851832.7468038
-0.48679876228623553,-0.26417988761679617,1779851832.7867086
-0.48710022896053395,-0.26412498973985704,1779851832.8466978
-0.48749921203235475,-0.2640474328405568,1779851832.886709
-0.4879943040538132,-0.26394609444383343,1779851832.9471493
-0.4883262382776334,-0.26386221833897955,1779851832.9866586
-0.4886998590859868,-0.26369227118464306,1779851833.0267024
-0.4884915987824342,-0.2637226048073092,1779851833.0465255
-0.4884678994376515,-0.26372244454058813,1779851833.086582
-0.4883776454425576,-0.2637452030157778,1779851833.1467967
-0.4882236516554983,-0.26379001555381404,1779851833.1866283
-0.488047486567322,-0.26384723132147353,1779851833.246555
-0.4878641955783412,-0.2639095787302666,1779851833.286484
-0.48767981009197975,-0.26397432400886156,1779851833.3467622
-0.48747474441829447,-0.2640467705618022,1779851833.3868196
-0.4872430259835939,-0.26413061489607165,1779851833.4467838
-0.48713127323665995,-0.2641822952849757,1779851833.4868162
-0.4871936416552907,-0.2641702803829641,1779851833.546965
-0.48731767102582607,-0.26412412371261873,1779851833.5868301
-0.48752974088570866,-0.2640430550236679,1779851833.6468232
-0.4878411480649649,-0.26391881631455166,1779851833.6868584
-0.48830429112754464,-0.2637299228503903,1779851833.7471514
-0.4889370602112755,-0.26346270036469177,1779851833.7868242
-0.48962597266906616,-0.2631555060671955,1779851833.846818
-0.490313579203374,-0.2628380218941986,1779851833.8868158
-0.49097758552418047,-0.2625234870004699,1779851833.9468782
-0.49160133028260805,-0.26222052299801374,1779851833.9867942
-0.4922751212029252,-0.2616159347969344,1779851834.0268857
-0.49228808120236334,-0.26159911688397197,1779851834.046959
-0.4928352667936208,-0.26128776750859256,1779851834.0868566
-0.4934602174006014,-0.26093483836429293,1779851834.14674
-0.4941953339651432,-0.26051163241793335,1779851834.1868021
-0.4949825843810856,-0.2600417582776025,1779851834.2468376
-0.4958001154993062,-0.2595414576004158,1779851834.2869008
-0.4966268706686526,-0.2590225994440192,1779851834.346847
-0.49747073361509087,-0.25848320178276596,1779851834.3867986
-0.49833684870397965,-0.2579185293789384,1779851834.4470224
-0.49900537759125546,-0.2574536992586189,1779851834.4871745
-0.4994068433614455,-0.2571564690561599,1779851834.5468528
-0.4997167735646058,-0.2569353346167089,1779851834.586862
-0.49992557601342585,-0.2567803392106599,1779851834.6468976
-0.5000296661704485,-0.2566979569351649,1779851834.6867206
-0.5001426127164854,-0.25661862025512083,1779851834.7469525
-0.5003025756313246,-0.25650541616225325,1779851834.786571
-0.5004774964675399,-0.2563748852544544,1779851834.846955
-0.5006216529566554,-0.25626126328635734,1779851834.8866358
-0.4998846966557777,-0.25620962987592005,1779851834.987017
-0.49820304481083966,-0.2575883276307992,1779851835.047011
-0.4963581025098348,-0.259247985580102,1779851835.0868962
-0.49571947599291266,-0.2600148575494844,1779851835.1469202
-0.49660258485825304,-0.2593972379214735,1779851835.1869488
-0.4970392052192857,-0.2589184370187746,1779851835.2467322
-0.49654850440747084,-0.2592685774981922,1779851835.2866821
-0.4958144838456813,-0.2599702859016997,1779851835.346691
-0.49529407372594214,-0.2605371027083964,1779851835.3869028
-0.49511084700326286,-0.2607804010961638,1779851835.4469852
-0.4951816875598339,-0.26074239131263033,1779851835.4869072
-0.49548027138036194,-0.2604490738207151,1779851835.5469842
-0.49584182892885514,-0.26005360281345374,1779851835.5868337
-0.4960132508241739,-0.2598273306429488,1779851835.646982
-0.4959281049428777,-0.25988409277574864,1779851835.6867692
-0.49583881552677056,-0.2599875112044517,1779851835.7468333
-0.49581306906041783,-0.26002836746505076,1779851835.7869742
-0.49580479045883136,-0.2600411804876758,1779851835.8470135
-0.4958020502454159,-0.26004501252076534,1779851835.8868577
-0.4958010298560053,-0.2600460372743664,1779851835.9468598
-0.49580056074398254,-0.26004618494913717,1779851835.986993
-0.4955239988537225,-0.26052084589627367,1779851836.0070186
-0.4955234115991427,-0.26052141864851536,1779851836.0469377
-0.4955232745820129,-0.26052140365286786,1779851836.0867999
-0.49552320084546886,-0.2605212943522737,1779851836.1468222
-0.4955231471345713,-0.2605211598638403,1779851836.1870546
-0.49552310091021345,-0.2605210208337664,1779851836.2471561
-0.4955230527191436,-0.2605208915734589,1779851836.2867563
-0.49552300471540045,-0.2605207702184141,1779851836.3469102
-0.495522958778086,-0.26052065451802586,1779851836.3867657
-0.49552291368504325,-0.2605205463300616,1779851836.4470036
-0.4955228683509949,-0.26052044739178765,1779851836.4868546
-0.49552282466421843,-0.26052035495150444,1779851836.5470612
-0.4955227822664197,-0.26052026939557993,1779851836.5868533
-0.49552274087411996,-0.2605201910149194,1779851836.6467097
-0.4955227032149514,-0.2605201151886841,1779851836.6870306
-0.4955226651522319,-0.26052004825650793,1779851836.7467859
-0.4955226298274513,-0.26051998487041217,1779851836.786899
-0.4955225967550461,-0.2605199253673331,1779851836.8469448
-0.4955225642583462,-0.2605198723210245,1779851836.8869944
-0.49552253449254297,-0.2605198216275808,1779851836.9468496
-0.49552250571811296,-0.26051977597514075,1779851836.9868417
-0.4951333473030964,-0.26101767571667195,1779851837.0067656
-0.4951331977197861,-0.2610179245031166,1779851837.046989
-0.4951332019289391,-0.26101794036137554,1779851837.086831
-0.49513321558629164,-0.26101792877942886,1779851837.146952
-0.49513322821499606,-0.2610179113317193,1779851837.1869473
-0.4951332390503907,-0.2610178919723154,1779851837.2469273
-0.49513324755945104,-0.2610178727525742,1779851837.2869546
-0.4951332534403057,-0.2610178549379871,1779851837.3470178
-0.4951332580341296,-0.2610178372755325,1779851837.386903
-0.495133260561269,-0.26101782136698354,1779851837.4469845
-0.4951332619463268,-0.2610178062972847,1779851837.4869013
-0.49513326242134376,-0.2610177920451518,1779851837.5469613
-0.49513326188882356,-0.26101777903788087,1779851837.5869594
-0.49513326071898006,-0.2610177669393252,1779851837.6466684
-0.4951332593599979,-0.2610177552093699,1779851837.6865973
-0.49513325746611975,-0.2610177445404974,1779851837.74702
