x,y,t
-0.00013740080842367043,8.416015391310656e-05,1779853205.2996001
-0.00013740080842353905,8.41601539130261e-05,1779853205.339199
-0.0001374008084234076,8.41601539129456e-05,1779853205.3993826
-0.00013740080842327624,8.416015391286517e-05,1779853205.439396
-0.0001374008084231449,8.416015391278473e-05,1779853205.4996383
-0.0001374008084230137,8.41601539127044e-05,1779853205.5392313
-0.00013740080842288214,8.416015391262382e-05,1779853205.5996325
-0.00013740080842275076,8.416015391254338e-05,1779853205.6392999
-0.0001374008084226194,8.416015391246294e-05,1779853205.6993282
-0.00013740080842248798,8.416015391238245e-05,1779853205.7392738
-0.00013740080842235665,8.416015391230203e-05,1779853205.7996278
-0.00013740080842222552,8.416015391222173e-05,1779853205.8393922
-0.00013740080842209403,8.41601539121412e-05,1779853205.899449
-0.0001374008082417812,8.416015420641484e-05,1779853205.9193265
-0.0001374008082416976,8.416015420636364e-05,1779853205.939106
-0.00013740080824156645,8.416015420628334e-05,1779853205.9993842
-0.00013740080824143508,8.41601542062029e-05,1779853206.0393224
-0.0001374008082413036,8.416015420612238e-05,1779853206.0995655
-0.00013740080824117218,8.41601542060419e-05,1779853206.139403
-0.00013740080824104097,8.416015420596155e-05,1779853206.199662
-0.00013740080824090962,8.416015420588112e-05,1779853206.2393947
-0.00013740080824077824,8.416015420580067e-05,1779853206.2994642
-0.00013740080824064673,8.416015420572014e-05,1779853206.3393393
-0.00013740080824051532,8.416015420563968e-05,1779853206.3995645
-0.00013740080824038391,8.416015420555922e-05,1779853206.4394186
-0.0001374008082402526,8.41601542054788e-05,1779853206.4996052
-0.0001374008082401212,8.416015420539835e-05,1779853206.5393581
-0.0001374008082399898,8.416015420531789e-05,1779853206.5992873
-0.00013740080823985843,8.416015420523744e-05,1779853206.6391768
-0.0001374008082397272,8.416015420515709e-05,1779853206.6992831
-0.0001374008082395959,8.416015420507668e-05,1779853206.739212
-0.0001374008082394645,8.416015420499623e-05,1779853206.7992544
-0.00013740080823933313,8.416015420491578e-05,1779853206.8391485
-0.00013740080823920154,8.41601542048352e-05,1779853206.8995335
-0.00013740080816439186,8.416015432682406e-05,1779853206.9193678
-0.00013740080816432589,8.416015432678367e-05,1779853206.939146
-0.00013740080816419453,8.416015432670324e-05,1779853206.9992337
-0.00013740080816406294,8.416015432662266e-05,1779853207.0391293
-0.00013740080816393178,8.416015432654234e-05,1779853207.0995336
-0.0001374008081638004,8.41601543264619e-05,1779853207.1395125
-0.00013740080816366878,8.41601543263813e-05,1779853207.1996667
-0.00013740080816353762,8.416015432630099e-05,1779853207.239841
-0.00013740080816340627,8.416015432622057e-05,1779853207.2992613
-0.00013740080816327491,8.416015432614013e-05,1779853207.3393104
-0.00013740080816314343,8.416015432605962e-05,1779853207.3996096
-0.000137400808163012,8.416015432597914e-05,1779853207.4395769
-0.00013740080816288078,8.41601543258988e-05,1779853207.499463
-0.0001374008081627494,8.416015432581837e-05,1779853207.5393739
-0.0001374008081626179,8.416015432573784e-05,1779853207.5994341
-0.0001374008081624864,8.416015432565732e-05,1779853207.6393328
-0.00013740080816235508,8.416015432557692e-05,1779853207.6994452
-0.00013740080816222373,8.41601543254965e-05,1779853207.7391577
-0.0001374008081620923,8.416015432541603e-05,1779853207.7994425
-0.00013740080816196102,8.416015432533567e-05,1779853207.839096
-0.0001374008081618295,8.416015432525515e-05,1779853207.8991454
-0.00013740080813425982,8.416015437007974e-05,1779853207.919135
-0.00013740080813421122,8.416015437004998e-05,1779853207.9389768
-0.00013740080813407995,8.416015436996961e-05,1779853207.9992046
-0.00013740080813394855,8.416015436988915e-05,1779853208.0392194
-0.0001374008081338173,8.416015436980879e-05,1779853208.099394
-0.00013740080813368576,8.416015436972824e-05,1779853208.1393442
-0.00013740080813355444,8.416015436964784e-05,1779853208.1992385
-0.00013740080813342306,8.416015436956739e-05,1779853208.2393217
-0.00013740080813329168,8.416015436948694e-05,1779853208.2991912
-0.00013740080813316047,8.41601543694066e-05,1779853208.339171
-0.000137400808133029,8.416015436932611e-05,1779853208.399237
-0.00013740080813289744,8.416015436924556e-05,1779853208.4391737
-0.00013740080813276636,8.41601543691653e-05,1779853208.4992597
-0.0001374008081326348,8.416015436908474e-05,1779853208.5391626
-0.00013740080813250347,8.416015436900434e-05,1779853208.599286
-0.0016990063686924974,0.0010403062295248464,1779853208.6391685
-0.005429779236572762,0.003324581551951947,1779853208.6991994
-0.010892966047467754,0.006669561314967709,1779853208.7391417
-0.017886557453853657,0.010951559539919605,1779853208.7992833
-0.02542507155416173,0.015567183915862325,1779853208.8391893
-0.03172017359583625,0.01906560282139134,1779853208.8793564
-0.03429352992719314,0.020611789805164638,1779853208.8993385
-0.044267078517036616,0.026580803960206026,1779853208.9392195
-0.0566110600491857,0.0339696164765979,1779853208.9992526
-0.07168199863793978,0.04298474992995535,1779853209.039219
-0.08781826477537276,0.0526217352430965,1779853209.099217
-0.10492896128156828,0.06283768370336569,1779853209.139247
-0.12316962536544449,0.07372437256801213,1779853209.1992357
-0.14211085014422442,0.08502335315699322,1779853209.2393765
-0.16170202557530602,0.09670543598448014,1779853209.2992542
-0.18146447799152676,0.10848401196485313,1779853209.339416
-0.201289759878439,0.12029561793598083,1779853209.3993814
-0.22117061379407466,0.13213619223097472,1779853209.4391582
-0.24113714844452708,0.14402387313524145,1779853209.499161
-0.26118520298876335,0.15595598757055665,1779853209.5394447
-0.2812867056967767,0.16791553754246302,1779853209.5993862
-0.30149142589852007,0.17993253454382394,1779853209.639344
-0.3218513792872316,0.19203762728870774,1779853209.699309
-0.34226817402764054,0.20417199396766433,1779853209.7391784
-0.3627902416035583,0.2163645127285892,1779853209.7992992
-0.38333706559855735,0.22856724735870018,1779853209.8392842
-0.40367658886771857,0.23815186354931156,1779853209.8792973
-0.40490696218927064,0.23886873875215403,1779853209.8992505
-0.4253650121631454,0.25085518037116683,1779853209.9394515
-0.44581155265632316,0.26282892060635893,1779853209.9991927
-0.4662270391432534,0.27477810252292145,1779853210.039413
-0.48666091644977133,0.2867316286625326,1779853210.099303
-0.5070611567284091,0.2986588069657341,1779853210.139401
-0.5273770660111584,0.31053009130850834,1779853210.1994102
-0.54783164746119,0.3224764093773357,1779853210.2391348
-0.5684334782187592,0.3345021619323536,1779853210.2993124
-0.5891159417982569,0.34656778479485045,1779853210.339437
-0.6099088221801446,0.3586913137155742,1779853210.3991396
-0.6308431617827024,0.3708905374814159,1779853210.4395037
-0.6519334242288257,0.3831736280498915,1779853210.4992278
-0.6731664109684805,0.3955328496910874,1779853210.5394795
-0.6944830850341807,0.40793351291176405,1779853210.5993636
-0.7157707361294313,0.420310294626973,1779853210.6394436
-0.7371420837340076,0.4327287510685358,1779853210.699402
-0.7584805804228548,0.44512107438919485,1779853210.7392206
-0.7798506822705236,0.4575247553714617,1779853210.7991767
-0.8012700704008144,0.46995003247912426,1779853210.839173
-0.8236409456466203,0.4836562782338814,1779853210.8993907
-0.8437304277759544,0.49532235583599715,1779853210.93943
-0.8650540169822185,0.5076987255393391,1779853210.9993284
-0.886347018989338,0.5200507237328127,1779853211.039184
-0.9075325171737585,0.5323339513650654,1779853211.099359
-0.9287457417934881,0.5446267074868664,1779853211.1391692
-0.9498681446230702,0.5568603060534315,1779853211.199303
-0.9709853274155201,0.5690843944305776,1779853211.239529
-0.9921008424079489,0.5813010103194634,1779853211.2992735
-1.0131584830945464,0.593477678075039,1779853211.3394969
-1.0342302559796401,0.6056559290112292,1779853211.3991935
-1.0551759800872273,0.6177548336821607,1779853211.4392152
-1.0760367553227788,0.6297982557300975,1779853211.4993703
-1.0968382565605765,0.6418010607373529,1779853211.5392416
-1.1176291073216333,0.6537914106900035,1779853211.5992353
-1.138498482345725,0.6658207293573998,1779853211.6393192
-1.1593938535345862,0.6778586080745636,1779853211.699274
-1.1802589975679874,0.6898724696897617,1779853211.7392182
-1.201051219419312,0.7018378924828159,1779853211.7992325
-1.2218538463805164,0.7138029823014399,1779853211.839173
-1.2455614875692362,0.730439970480791,1779853211.899216
-1.262134678990571,0.740030737070607,1779853211.9394429
-1.2830948027503875,0.752156061997573,1779853211.9991875
-1.3041838179597096,0.7643508006268223,1779853212.0392194
-1.3253215621434824,0.7765685159406177,1779853212.0991611
-1.3464560080662016,0.7887791070973555,1779853212.1392105
-1.367554877522005,0.8009639439904698,1779853212.1991723
-1.388525585012305,0.8130696097068801,1779853212.2391732
-1.4094992014244465,0.8251718138342975,1779853212.2992036
-1.4304063626751633,0.837230558745101,1779853212.3391328
-1.4513338399234628,0.8492959000042491,1779853212.399207
-1.472228791609178,0.8613373432632667,1779853212.439108
-1.49310071174199,0.8733603887693103,1779853212.4992533
-1.5140286099741003,0.8854106422904311,1779853212.5391445
-1.5351164063556564,0.8975478244893981,1779853212.599172
-1.556192884975446,0.9096732406165365,1779853212.6392663
-1.57731788189698,0.9218214264004572,1779853212.6992059
-1.59858960908074,0.9340487938639718,1779853212.7390647
-1.6198059024634714,0.9462389814922405,1779853212.7991786
-1.6409749348245228,0.9583967991941474,1779853212.8392632
-1.6468022600867764,0.9666477886699143,1779853212.8591654
-1.6599406869837732,0.9742717272306616,1779853212.8992798
-1.6809672508191333,0.9864710208505582,1779853212.939191
-1.7018528839479803,0.998585358804732,1779853212.9992986
-1.7226173015516948,1.0106262791222227,1779853213.039127
-1.7432072913973657,1.0225629178325901,1779853213.0992823
-1.7637349937239022,1.0344602133711187,1779853213.1392307
-1.7843533458483318,1.0464068419701744,1779853213.1992033
-1.8050215172646187,1.058379204634944,1779853213.2391431
-1.8258393281494505,1.0704351354410249,1779853213.2992282
-1.8467256878955334,1.08252762131991,1779853213.3391285
-1.8676510574064646,1.094639557552634,1779853213.399222
-1.888577388293286,1.1067488881527296,1779853213.4390981
-1.909596997717286,1.1189090311281737,1779853213.4992852
-1.9306702907082205,1.1310970528726692,1779853213.5391705
-1.9518392544885605,1.1433372150886016,1779853213.5995152
-1.97295947438885,1.1555459979874354,1779853213.639351
-1.9942175064117518,1.1678312534342767,1779853213.6995497
-2.0155444363301576,1.1801531114007136,1779853213.7394164
-2.036875546333497,1.192474140555125,1779853213.799591
-2.0581804884283366,1.204776831151243,1779853213.8394477
-2.0674162688523214,1.214410665427308,1779853213.859209
-2.0775764646495367,1.2203302628421844,1779853213.899271
-2.0987107743710323,1.2326430006943714,1779853213.9392502
-2.119747007442383,1.2448970968939368,1779853213.999327
-2.1407310299982574,1.257119001435357,1779853214.039606
-2.1618143000597723,1.2693971773805413,1779853214.099672
-2.182942053518517,1.2816998646643,1779853214.1393166
-2.2040816522918107,1.2940079332546892,1779853214.1995945
-2.2253489522673333,1.3063888666768073,1779853214.2392185
-2.2466864944238045,1.3188091696216557,1779853214.29945
-2.2681477136199875,1.331299966305414,1779853214.3394175
-2.2896783719710787,1.3438297496158995,1779853214.3993576
-2.311279667345589,1.356399136856169,1779853214.4393396
-2.3328383480380013,1.3689422191020713,1779853214.4993608
-2.35443659594822,1.381506827217589,1779853214.5395548
-2.3760571172775404,1.3940828818252433,1779853214.5992513
-2.3976376673675555,1.4066341703019334,1779853214.6391795
-2.419099473865626,1.4191149215856438,1779853214.699214
-2.440456149680784,1.4315330430332323,1779853214.7393615
-2.461681609761671,1.4438733701353241,1779853214.79944
-2.4828135762866186,1.4561578578316157,1779853214.8392828
-2.494468086396724,1.4679192761352824,1779853214.8797646
-2.501723479863966,1.4721817475578762,1779853214.8993125
-2.522773743729951,1.4845484037132142,1779853214.9393258
-2.5438625659739618,1.496938219026866,1779853214.9993231
-2.5648476066891797,1.5092678104597235,1779853215.0391448
-2.5857587115363927,1.5215545149487968,1779853215.099369
-2.6066311257817056,1.533818842204599,1779853215.1393144
-2.627433782864165,1.5460427042587328,1779853215.1993387
-2.6482441606338094,1.5582716143487598,1779853215.2392411
-2.669030952622911,1.5704870998429716,1779853215.2992818
-2.689849262230097,1.5827216050194395,1779853215.339213
-2.7106305671623687,1.594934903198724,1779853215.3994703
-2.729543844315487,1.6060533867910163,1779853215.439132
-2.7457144576305184,1.6155607050010852,1779853215.4991586
-2.758241396581526,1.6229273008942473,1779853215.5392594
-2.7668654815671316,1.6279998782834604,1779853215.5993664
-2.7740336468815596,1.6322138649757523,1779853215.6391642
-2.779501027621584,1.635428598721578,1779853215.6993566
-2.783069877321027,1.637527387266707,1779853215.7391725
-2.785210013561431,1.638785830637409,1779853215.7993457
-2.786110036593525,1.6393150807156904,1779853215.8394098
-2.78445768465105,1.641989481072496,1779853215.879667
-2.7850641935609466,1.642345604958179,1779853215.8996027
-2.7853259773965173,1.6424979717698445,1779853215.9395976
-2.785413646897456,1.6425475928698086,1779853215.9996707
-2.785432609316821,1.6425566094113178,1779853216.0396268
-2.7854225894977596,1.6425486797452207,1779853216.0994632
-2.7854041360872173,1.6425359686418846,1779853216.1396766
-2.7853846109631495,1.6425228389498794,1779853216.1997304
-2.785366441390376,1.642510709808905,1779853216.2396734
-2.7853500258431483,1.6424997929330671,1779853216.299726
-2.785335525035445,1.6424901615560903,1779853216.339628
-2.785322061849119,1.6424812726504576,1779853216.3996615
-2.7853101317977456,1.6424734050347205,1779853216.4395216
-2.785299773143349,1.6424665673659098,1779853216.4996686
-2.7852900151281057,1.6424601679788287,1779853216.5394316
-2.7852810246991204,1.6424542957111326,1779853216.5993042
-2.7852732807093643,1.6424492273546618,1779853216.6394157
-2.7852660853841194,1.6424445387577389,1779853216.6993802
-2.78525957201727,1.6424403026309855,1779853216.7394302
-2.7852537263115074,1.642436504675978,1779853216.7996163
-2.785296700366956,1.6423780846185354,1779853216.839513
-2.785294608035141,1.64237662229118,1779853216.89964
-2.785290195869084,1.6423737969312866,1779853216.9392374
-2.7852856524017713,1.642370912858454,1779853216.9995496
-2.7852810098153986,1.642367987231013,1779853217.039404
-2.785277114464022,1.6423655231540186,1779853217.0994885
-2.785273427495325,1.6423631973483392,1779853217.1394055
-2.7852700016696263,1.6423610396742478,1779853217.1993432
-2.785266958782218,1.6423591215001567,1779853217.2390475
-2.7852642366732767,1.6423574045633207,1779853217.2994678
-2.785261834627666,1.6423558874128206,1779853217.3390665
-2.7852596200964963,1.6423544899727682,1779853217.3993998
-2.784815080598037,1.6420896328799075,1779853217.4391024
-2.7837601731677073,1.641460701007288,1779853217.4992132
-2.782922391520938,1.6409605230834823,1779853217.5393364
-2.7826300770243533,1.6407855943128011,1779853217.5992806
-2.7825364231339793,1.6407295207124402,1779853217.6391382
-2.7827868300139063,1.6408787206272613,1779853217.6992474
-2.7834443011021803,1.6412709772865786,1779853217.739246
-2.783824543003187,1.6414982744235425,1779853217.7992468
-2.783201373029934,1.6421638072004379,1779853217.8393893
-2.7828516783840267,1.6419517280238254,1779853217.8996308
-2.7825225901977215,1.6417505757679087,1779853217.9391696
-2.7822976812171496,1.6416125992075106,1779853217.999173
-2.782174667534974,1.6415368684618215,1779853218.0390646
-2.782150367302454,1.6415214379809813,1779853218.0994258
-2.782161709494908,1.64152812956075,1779853218.1390896
-2.782202149732795,1.6415526330045906,1779853218.19939
-2.7822709463416735,1.6415945006744972,1779853218.239305
-2.782277974172979,1.641599008295233,1779853218.2994878
-2.7821889050842175,1.641544829124254,1779853218.3391163
-2.7820648186405506,1.6414689339282813,1779853218.3992424
-2.7818938071929074,1.6413643305177097,1779853218.439143
-2.7816698125152373,1.6412272362361546,1779853218.4993527
-2.781490131544308,1.64111690602215,1779853218.5391822
-2.7813909940351422,1.6410558298862636,1779853218.5992973
-2.781321477694231,1.6410130856602196,1779853218.6391587
-2.7812521658757,1.6409705336428886,1779853218.699278
-2.781173624957196,1.6409223214194213,1779853218.739189
-2.781028403325143,1.6408332872699687,1779853218.7993987
-2.78079531500235,1.6406902519380966,1779853218.8391294
-2.780970845099029,1.6402723140524296,1779853218.8597288
-2.7807559016568573,1.6401378832236568,1779853218.8991413
-2.780538607503317,1.6400013045490536,1779853218.9390352
-2.7803898442620487,1.6399075004795254,1779853218.9991393
-2.780355962334303,1.6398854659924946,1779853219.0390904
-2.780453026487206,1.6399456046845093,1779853219.0993006
-2.7805977332112395,1.6400363127242228,1779853219.1393685
-2.7807488594661884,1.6401313470432752,1779853219.1992521
-2.780892077059916,1.6402215323550937,1779853219.2394612
-2.780987644597794,1.640281988604024,1779853219.2992013
-2.781020998254028,1.6403033324202276,1779853219.339163
-2.781031403018059,1.6403099888384596,1779853219.3992443
-2.781007989002429,1.6402953738428478,1779853219.439184
-2.780945411389793,1.6402560304394413,1779853219.4992201
-2.7808155452078487,1.640174261010006,1779853219.5392945
-2.780607066954172,1.640042747265497,1779853219.5993054
-2.7803710231901113,1.6398934566822667,1779853219.639075
-2.780152669647031,1.6397550782030268,1779853219.6994119
-2.7799680460225855,1.6396379288422458,1779853219.7390306
-2.780241625486349,1.6388250537699056,1779853219.7994587
-2.780271811011745,1.6388435564945725,1779853219.8391578
-2.7802854903684975,1.6388521753907623,1779853219.8993907
-2.780361749272531,1.638900906913927,1779853219.9392138
-2.780513843515888,1.638998586983385,1779853219.9993043
-2.7807903615677243,1.6391764350171787,1779853220.0391467
-2.781209378360803,1.6394465366891184,1779853220.0993834
-2.7816810441698796,1.6397516111278472,1779853220.1391475
-2.782168343116176,1.6400672776022647,1779853220.1992972
-2.7826619841292324,1.640387391410143,1779853220.2391303
-2.783270496926678,1.6407816780859603,1779853220.2993
-2.7840372186275824,1.6412789283475644,1779853220.3391984
-2.7848622132101495,1.6418151424185168,1779853220.3993447
-2.785688266201732,1.6423528113655923,1779853220.4392269
-2.786494724572451,1.6428782789205674,1779853220.4994755
-2.7872324429365434,1.6433596472990715,1779853220.5391068
-2.787881067556359,1.6437833634989394,1779853220.5992272
-2.788499201533325,1.644187238883034,1779853220.6390264
-2.789080583097783,1.644567487774713,1779853220.699268
-2.789622268799256,1.644922110604201,1779853220.7391324
-2.790086648784593,1.645226583627306,1779853220.799417
-2.7908964547664232,1.644343412286772,1779853220.8191946
-2.791038775298539,1.6444396203015421,1779853220.8390973
-2.7913792920292253,1.6446672937081526,1779853220.899299
-2.7916305932227425,1.6448361149547923,1779853220.9392245
-2.791771542903053,1.644931317982258,1779853220.9993844
-2.791836726681299,1.644975423136253,1779853221.0393507
-2.791840740104344,1.6449783826686124,1779853221.099371
-2.7918227748403335,1.644966241121923,1779853221.1390996
-2.791797932929461,1.644949372777846,1779853221.1993642
-2.7917710269738083,1.644931082252588,1779853221.2391188
-2.791630930949472,1.6448372711093364,1779853221.2993045
-2.7913342899060765,1.6446378351927164,1779853221.339109
-2.7909795964419954,1.644398129362765,1779853221.3992295
-2.7905209460954463,1.6440881465972608,1779853221.4390273
-2.789935665138181,1.6436920640298962,1779853221.4995036
-2.7894181725191847,1.6433401915944665,1779853221.5391533
-2.7890433115080695,1.6430844669686602,1779853221.5994203
-2.788721481430889,1.642865189879395,1779853221.6391253
-2.78828516512799,1.642568725807858,1779853221.6994586
-2.7876744053326483,1.6421532505810317,1779853221.7392642
-2.787052155342148,1.6417283758203076,1779853221.799382
-2.787263006452644,1.6404158065628105,1779853221.8192227
-2.787103196059178,1.64030306559019,1779853221.8389995
-2.786558293586629,1.6399228947904412,1779853221.8996582
-2.786019712031357,1.6395468111563702,1779853221.9391418
-2.78548115135397,1.639170279952721,1779853221.9997225
-2.7850796557013755,1.6388877395792711,1779853222.0390253
-2.7848703878886583,1.6387392412379838,1779853222.0992243
-2.7847308576917,1.6386408477103087,1779853222.1391153
-2.7844945454211105,1.638475826699856,1779853222.1992686
-2.784098413246902,1.6381984353974968,1779853222.2390606
-2.783771979645351,1.6379675688896307,1779853222.2993026
-2.7836057692519813,1.6378489055754202,1779853222.3391898
-2.7834983828794932,1.6377726701386954,1779853222.3991637
-2.7832304675717348,1.6375844802735853,1779853222.4390569
-2.7827192307208506,1.6372239334507943,1779853222.4992278
-2.782315925534548,1.63693648884175,1779853222.5392044
-2.7821575345981007,1.6368219818837955,1779853222.5992842
-2.7820895621060173,1.6367731013818732,1779853222.6394281
-2.782238785862837,1.6368780163563583,1779853222.6992593
-2.7826572983652267,1.637175174539059,1779853222.739327
-2.7830776191044837,1.6374761816129373,1779853222.7995355
-2.785385304961388,1.6343650994106154,1779853222.819195
-2.7853457361216796,1.6343421843890322,1779853222.8390248
-2.7856202188169186,1.634554852980572,1779853222.899301
-2.7856400839152,1.6345785651705573,1779853222.9392915
-2.78532475395904,1.6343446465904548,1779853222.9992301
-2.785047002087829,1.6341281332451203,1779853223.0392601
-2.7849483385010907,1.6340470450098348,1779853223.0997343
-2.7849177094898825,1.6340219807038245,1779853223.139374
-2.784783513865162,1.6339201357533055,1779853223.1991627
-2.7844837629847268,1.6336897749772596,1779853223.2390413
-2.784265928294793,1.633517260733524,1779853223.2992196
-2.78422335909732,1.6334803162583746,1779853223.3393092
-2.784245571368572,1.6334968397858196,1779853223.3992963
-2.7843128158650394,1.6335491788180863,1779853223.4391527
-2.7844206502915374,1.6336338092838916,1779853223.4992204
-2.784509733748342,1.6337049147505998,1779853223.5390701
-2.784557351928846,1.6337435647892864,1779853223.5992587
-2.7845899684118107,1.6337698298082315,1779853223.6390626
-2.7844689182696603,1.633675993213878,1779853223.6992831
-2.784142096808642,1.633418022514899,1779853223.7391057
-2.786520424654049,1.628580885386039,1779853223.779195
-2.7865573900495066,1.6286058588413268,1779853223.799187
-2.786421869974222,1.6284727342558374,1779853223.839108
-2.7863282265544234,1.6283851715235207,1779853223.8991957
-2.786328698262422,1.628380252716707,1779853223.939153
-2.786441104298135,1.6284773281995715,1779853223.999228
-2.7866001188223435,1.6286216487393375,1779853224.0392137
-2.7867819811177568,1.628788789977574,1779853224.0992475
-2.7869708928278247,1.6289638418352046,1779853224.1391757
-2.787044018644388,1.6290377306600754,1779853224.199273
-2.7869577482358947,1.6289644143745836,1779853224.2391632
-2.786909753186738,1.6289173019327734,1779853224.2992632
-2.7869719494571923,1.628971176863595,1779853224.3391068
-2.7870730732600806,1.629065441991551,1779853224.399237
-2.78715521629513,1.6291443431089565,1779853224.4390378
-2.787198774016132,1.6291873960658474,1779853224.499265
-2.7872364344614486,1.6292235973582565,1779853224.5391138
-2.787280322866087,1.6292655185138618,1779853224.5992563
-2.787326354058356,1.629309845063461,1779853224.6390762
-2.787334721791773,1.6293193038948621,1779853224.6992328
-2.7872909107538204,1.6292784332614376,1779853224.7391126
-2.7898492851186343,1.624666802547498,1779853224.7990808
-2.789737399060443,1.62454104155392,1779853224.839089
-2.789614917438082,1.6243981780894747,1779853224.8993764
-2.7894177089521017,1.624173957441079,1779853224.9391994
-2.789125180977412,1.62383650789423,1779853224.9994502
-2.7889241681592907,1.6235851796258962,1779853225.0391448
-2.78887419785474,1.623508991177196,1779853225.0992403
-2.7888724176287574,1.6235023839205898,1779853225.1391582
-2.7889699105526136,1.6236121031676058,1779853225.199191
-2.7891830368519206,1.6238637637657851,1779853225.239106
-2.7893499193044247,1.6240755799552296,1779853225.2991607
-2.7894177823342687,1.624169571288534,1779853225.3390896
-2.7894531397532227,1.624216844577101,1779853225.3992574
-2.7894577389949946,1.624225347418108,1779853225.4390194
-2.78943191118711,1.6241950273481258,1779853225.4992044
-2.7894231420434146,1.6241822670830204,1779853225.5391033
-2.7894472506359675,1.6242106957641227,1779853225.5993118
-2.789482195522891,1.6242553036678256,1779853225.6391153
-2.7894738516501816,1.6242478840990686,1779853225.6992013
-2.7894045572977197,1.6241613099419512,1779853225.7391524
-2.791108091054769,1.6210498695907618,1779853225.799224
-2.791092664732408,1.6210156048040059,1779853225.839082
-2.791072721941569,1.6209803566802414,1779853225.8992262
-2.791054870906749,1.6209498848305695,1779853225.9393423
-2.7910790206574774,1.6209813548344798,1779853225.9992278
-2.7911147613309106,1.6210399406173537,1779853226.0390027
-2.791113739272674,1.6210462193428712,1779853226.0993125
-2.7911023033168036,1.6210286497095976,1779853226.139091
-2.791087683472317,1.6210035362414756,1779853226.1992114
-2.7910163587257544,1.6208875493962314,1779853226.239026
-2.7908737943566972,1.6206441705434276,1779853226.2993076
-2.790749192497634,1.6204129607255748,1779853226.3390722
-2.7906678726055105,1.620254166658465,1779853226.399209
-2.7906001530022535,1.6201251069319937,1779853226.439112
-2.7905423730690155,1.6200142551353824,1779853226.4992635
-2.7904931494993925,1.619918829902227,1779853226.5391505
-2.7905300731538505,1.6199744886183667,1779853226.599231
-2.7906750364801187,1.6202385081876847,1779853226.6390822
-2.790851751763983,1.6205831472580612,1779853226.699288
-2.790981161530348,1.6208517774179472,1779853226.7391942
-2.7919279325575714,1.6194173127479514,1779853226.759171
-2.7919254895415566,1.6194584201731919,1779853226.7991307
-2.7919393165357995,1.6195144567281439,1779853226.8390818
-2.791934894040725,1.6195147871650861,1779853226.8992865
-2.7919260815337217,1.6194937476972038,1779853226.9390612
-2.791911763948088,1.6194563295990652,1779853226.9994261
-2.791892226400759,1.619403006355662,1779853227.0390558
-2.791903697918368,1.6194201676099464,1779853227.0992596
-2.7919528521227135,1.6195450965705473,1779853227.1390846
-2.7920100849563156,1.6197128521490722,1779853227.19918
-2.792080291935419,1.6199230650089675,1779853227.2391553
-2.7921637103846635,1.6201794042084132,1779853227.2991862
-2.792285254334798,1.6205509698641734,1779853227.339225
-2.792449516153164,1.6210686301696966,1779853227.3992376
-2.7926203361829454,1.621639479245516,1779853227.4392865
-2.7928085835240664,1.6222795655088973,1779853227.4993916
-2.7930143637713614,1.622995603158804,1779853227.5392804
-2.793201179273641,1.623681362946648,1779853227.5992522
-2.7933620497446285,1.6242932873495246,1779853227.63911
-2.793514423936018,1.6248772410757641,1779853227.699272
-2.793667752712222,1.6254722201060645,1779853227.7391472
-2.793526157533866,1.6254179858535507,1779853227.7594256
-2.7935851352057113,1.625782089715788,1779853227.799273
-2.7936791474183686,1.6264033619478226,1779853227.8390532
-2.793764538660419,1.627001611442994,1779853227.899273
-2.79384568353096,1.627589624330428,1779853227.9392128
-2.7938995427708733,1.6280649529517106,1779853227.999406
-2.7939283904780057,1.6283809381426422,1779853228.0391233
-2.7939329924751646,1.6285143548206515,1779853228.0992074
-2.7939160674375905,1.6284555541991932,1779853228.1393795
-2.7939011168648324,1.6283241259102894,1779853228.1993043
-2.793889180778193,1.6281800715597554,1779853228.2392156
-2.793879753335794,1.6280435171202359,1779853228.2995732
-2.793873943934668,1.627931005899257,1779853228.3391612
-2.7938711113534493,1.62784817283665,1779853228.3995168
-2.793868227456203,1.627776784959603,1779853228.4393523
-2.7938691397295274,1.6277401564328493,1779853228.4993656
-2.7938727290428607,1.6277482129439513,1779853228.5392559
-2.7938730804921676,1.6277521944382873,1779853228.5993118
-2.793871705271867,1.6277324121058143,1779853228.6391504
-2.793871129892102,1.6277035204983767,1779853228.6992126
-2.79386867779856,1.6276404945279472,1779853228.7391503
-2.793424618045831,1.6277885045778635,1779853228.779506
-2.7934255473605,1.6277200151136075,1779853228.7992728
-2.7934364099743485,1.6277265598938075,1779853228.8391147
-2.7934373868753077,1.62789690284208,1779853228.8996117
-2.793421728697416,1.6281291362223422,1779853228.9393008
-2.793401955145895,1.628206249299058,1779853228.9995303
-2.7934016755654394,1.6280441027625483,1779853229.0391529
-2.7934251790946303,1.6277916046655556,1779853229.099518
-2.7934578326427237,1.627511344026179,1779853229.1392682
-2.793495102863981,1.6272218098066318,1779853229.199298
-2.793532590480503,1.6269717778524797,1779853229.2391331
-2.7935646823971507,1.6267789530732417,1779853229.2994416
-2.793580867604516,1.6267415800720009,1779853229.339157
-2.7935675091812224,1.626897519484336,1779853229.3995457
-2.793531986441359,1.6271242813772606,1779853229.4391026
-2.7934785701719123,1.6274546159712444,1779853229.4993126
-2.7933999555138023,1.6279068779591226,1779853229.5393245
-2.793303839487677,1.6284015314404225,1779853229.599173
-2.7931992691310272,1.6289087744544055,1779853229.6391227
-2.7930890835625943,1.6294195254396593,1779853229.6992474
-2.792980850102841,1.62988980180261,1779853229.7391915
-2.7924606009417743,1.630511812180093,1779853229.779189
-2.7924367666277927,1.630562853635509,1779853229.7992525
-2.7923148165604066,1.630969322504116,1779853229.8391547
-2.7921842996820625,1.6313956722342442,1779853229.8991675
-2.792045869730199,1.631829187852619,1779853229.9391317
-2.791912302453687,1.6322234305232977,1779853229.9991705
-2.791792580935907,1.6325625710967044,1779853230.0391412
-2.7917016973834197,1.6328002521619163,1779853230.0992787
-2.791649642855256,1.632921949356111,1779853230.1392226
-2.7916182129696043,1.6330019701734477,1779853230.199304
-2.791562676691813,1.6331679373073251,1779853230.2391546
-2.7914561051881863,1.6334654531525683,1779853230.2995296
-2.7913273695408924,1.6337882252167077,1779853230.339176
-2.7911976761261212,1.6340986091953085,1779853230.3992205
-2.79106852737025,1.6344015487015824,1779853230.4391358
-2.790954969946752,1.634653320046081,1779853230.4992852
-2.7908680204521317,1.6348375438526577,1779853230.5392394
-2.7907716326940024,1.6350550836721276,1779853230.5993388
-2.7906412476730447,1.6353443309881937,1779853230.639217
-2.79049222854449,1.6356572850471989,1779853230.6995559
-2.7899024361255123,1.6360366948427563,1779853230.739251
-2.789851798134368,1.6361022876173137,1779853230.7993858
-2.7897611049550903,1.636284279845364,1779853230.8398032
-2.7895590082075548,1.6366637149868726,1779853230.8996017
-2.789296871513951,1.6371103192887686,1779853230.9393034
-2.7890037145188322,1.637593322628787,1779853230.9992871
-2.7886853610907476,1.6381045678211428,1779853231.039244
-2.7889861645860146,1.6374569015365157,1779853231.0993536
-2.790288675808277,1.635249899937982,1779853231.1393597
-2.792077854179349,1.6325275939761281,1779853231.1996014
-2.7931477589165716,1.6311829962009867,1779853231.2391894
-2.7928690331516104,1.6318642278038082,1779853231.2995257
-2.792411888714259,1.6324806122855562,1779853231.339465
-2.7924413344912993,1.63233079357111,1779853231.3996096
-2.79272063564055,1.631923712334715,1779853231.4393246
-2.7930827063461003,1.6314390594620187,1779853231.4993885
-2.793474639798965,1.6309327169913002,1779853231.5394697
-2.793730401189264,1.6306381169940056,1779853231.599416
-2.7937664892780534,1.6306287295004325,1779853231.6391163
-2.7937050925249873,1.6307120633096048,1779853231.6993265
-2.7937977400326415,1.6304162564182612,1779853231.739372
-2.793804965412449,1.630400791923069,1779853231.7991998
-2.7938224154251396,1.6303776518970239,1779853231.839164
-2.793829226614492,1.630369796680047,1779853231.899384
-2.7938309460680593,1.6303672790285386,1779853231.9392831
-2.7938310746927817,1.630366418674334,1779853231.9991872
-2.7938307285316846,1.6303660709783612,1779853232.0391896
-2.7938302539043187,1.6303658879921952,1779853232.0991507
-2.793829773479187,1.630365747809071,1779853232.1391983
-2.7938293150088844,1.6303656229968688,1779853232.1992948
-2.7938288884718325,1.6303655027117174,1779853232.2392306
-2.7938284870143213,1.630365391933167,1779853232.2995536
-2.793828113444176,1.6303652861786122,1779853232.3392236
-2.793827779826074,1.630365173171406,1779853232.3993092
-2.7938274596312542,1.6303650754290775,1779853232.4392061
-2.7938271690109286,1.6303649767595327,1779853232.4995928
-2.793826908320079,1.630364875986012,1779853232.539179
-2.793826658382145,1.6303647879936545,1779853232.5992596
-2.793826433609307,1.6303646992102392,1779853232.639163
-2.7938262234189697,1.6303646172954378,1779853232.6997306
-2.79404314269804,1.6296808782914223,1779853232.7395425
-2.7940435012092,1.6296805809417003,1779853232.7995872
-2.794043496152924,1.6296805919615327,1779853232.8394148
-2.794043442392709,1.6296806218845172,1779853232.8993542
-2.794043373056719,1.6296806535547324,1779853232.939357
-2.7940433034829777,1.6296806775339185,1779853232.9993012
-2.7940432339726704,1.6296806965239723,1779853233.0392349
-2.794043167798118,1.6296807091114798,1779853233.0993838
-2.7940431026764427,1.6296807187789073,1779853233.1392791
-2.794043043570478,1.6296807218844538,1779853233.1992793
-2.794042987059302,1.6296807224573018,1779853233.2393403
-2.794042932976532,1.62968072121543,1779853233.2993104
-2.794042881634102,1.629680718334702,1779853233.3393483
-2.7940428344373727,1.6296807129882187,1779853233.3993032
-2.7940427913083936,1.6296807055862585,1779853233.4392695
-2.7940427489749515,1.629680699046704,1779853233.4993474
-2.7940427107240056,1.629680690783451,1779853233.5393155
-2.7940426749054694,1.6296806822720749,1779853233.5993226
-2.79404264171887,1.6296806734067721,1779853233.6393676
-2.7941652290975,1.6291192665543783,1779853233.6993525
-2.7941653945724303,1.6291191443404234,1779853233.739346
-2.7941654102171705,1.6291191523596764,1779853233.799283
-2.794165407596567,1.6291191682399095,1779853233.8394306
-2.7941653997896663,1.6291191838631862,1779853233.8993185
-2.794165390187083,1.6291191977698176,1779853233.939267
-2.793424884697767,1.6298507298226246,1779853233.9992564
-2.7916457747728116,1.6315983541999048,1779853234.039283
-2.7887773033114827,1.6343884698021298,1779853234.0992136
-2.7847960286329845,1.638218779048804,1779853234.139202
-2.7803940740220723,1.6423974884713854,1779853234.1993418
-2.77439011912614,1.6480545266842674,1779853234.2392201
-2.7662728547354134,1.6556188000705216,1779853234.2992535
-2.7557032649671784,1.6653551196806842,1779853234.33927
-2.742588376262905,1.6772922231081808,1779853234.399355
-2.7284564351874927,1.6899580103637715,1779853234.4392157
-2.7134984761905465,1.7032100593802377,1779853234.4994626
-2.697706617274093,1.7170408555390209,1779853234.5392942
-2.681221618387752,1.7313076071728442,1779853234.5993063
-2.6641667206823185,1.7458967118564892,1779853234.6394744
-2.6468109997034492,1.7605603438360513,1779853234.6994298
-2.655410265602705,1.7850652875438513,1779853234.7192838
-2.646880176345399,1.7945053133383448,1779853234.7393484
-2.6313821289009045,1.811471972084232,1779853234.7994688
-2.615594860346499,1.8286084893115961,1779853234.839395
-2.59952703676401,1.8459149344881551,1779853234.8993237
-2.5833890153483967,1.8631728337986262,1779853234.9392626
-2.567088489752387,1.880474992450862,1779853234.9993124
-2.5507124207410965,1.8977281429019146,1779853235.0392716
-2.5342900593642406,1.9149028943339306,1779853235.0996993
-2.517736088628877,1.9320882532214019,1779853235.1393182
-2.5011966437979205,1.9491324516454296,1779853235.1992476
-2.484573622847199,1.9661385157986415,1779853235.2392387
-2.467980378437907,1.9829902466743898,1779853235.2993104
-2.4512965572105894,1.9998103515342271,1779853235.339254
-2.434441745486863,2.016680154227111,1779853235.3993266
-2.4174734421557025,2.033540848060126,1779853235.4392998
-2.4003739277169416,2.0504094345934525,1779853235.4993064
-2.38313273492351,2.0672951883865722,1779853235.5392225
-2.3658868532440156,2.084062786928275,1779853235.5992112
-2.3485599331801454,2.1007876566435977,1779853235.6393828
-2.331210800754247,2.1174135448411264,1779853235.699247
-2.3608104195117865,2.1674921334096906,1779853235.7192214
-2.3544479415192403,2.17499850016896,1779853235.73926
-2.3388434341923543,2.1933330890798506,1779853235.7992113
-2.323153319691974,2.2116850288725227,1779853235.8392985
-2.3072737348308885,2.230182261348682,1779853235.8992596
-2.2913012360873224,2.2487173687600714,1779853235.9392257
-2.275329716467,2.267176986245504,1779853235.999244
-2.259257592122606,2.2856781243755204,1779853236.0392354
-2.2432196041980044,2.3040683045214974,1779853236.0993946
-2.2272355787478615,2.322323037957827,1779853236.1392174
-2.2112632855721652,2.340488769197483,1779853236.1991785
-2.195298736399881,2.3585736115701326,1779853236.23922
-2.1793861938165944,2.3765272845186725,1779853236.299142
-2.163389467785365,2.3945019794402262,1779853236.3391116
-2.1473379401289527,2.412465922833192,1779853236.3991563
-2.1312281552282757,2.4304238303727024,1779853236.439185
-2.115003113883547,2.4484379626362944,1779853236.49922
-2.098702967626045,2.46646349135602,1779853236.5393476
-2.082269183035063,2.4845647770357058,1779853236.599241
-2.0657616464361364,2.5026750990372144,1779853236.6392453
-2.0491801437551747,2.5207944082615663,1779853236.699314
-2.077573841579997,2.5722603763196976,1779853236.7191935
-2.073471916135457,2.577439287893788,1779853236.7392087
-2.0582008268272287,2.5966989033687358,1779853236.7991776
-2.042957922104763,2.6158981549841687,1779853236.8390934
-2.0279124092646357,2.6348154542945057,1779853236.899204
-2.012849843998842,2.6537128037144466,1779853236.9391959
-1.9978911678188835,2.6724484892102267,1779853236.9991615
-1.9830538050980808,2.6909991970489884,1779853237.039273
-1.9681705197479147,2.7095693207700324,1779853237.099248
-1.953257510644231,2.7281424057624086,1779853237.1391506
-1.9383373409194005,2.746692332027295,1779853237.199254
-1.923413717500741,2.765214636695558,1779853237.2391734
-1.9084999496416801,2.7836921849785554,1779853237.2993298
-1.8935883856230813,2.802134214446341,1779853237.3393912
-1.878695231064048,2.820520894655071,1779853237.3992264
-1.863778829924662,2.8389035376181386,1779853237.4392607
-1.848795460104476,2.8573351775638565,1779853237.499305
-1.8337308395226655,2.8758340803338824,1779853237.5392587
-1.8184833378894152,2.8945242828030677,1779853237.5994127
-1.8030629899099528,2.913393252204429,1779853237.6392305
-1.8195543335073654,2.9555821872730283,1779853237.6791859
-1.817428742899793,2.9584294639729647,1779853237.6993067
-1.8027828049676868,2.978066221703617,1779853237.739467
-1.7881421999007145,2.997689216983981,1779853237.7992022
-1.7734113293179912,3.0174233450867973,1779853237.8394363
-1.7586208061066453,3.0372299328130024,1779853237.8991623
-1.7438082189893616,3.057061758844239,1779853237.9391615
-1.7289577139313967,3.0769381729638994,1779853237.9992962
-1.7141361241746853,3.0967688979885324,1779853238.0395555
-1.6993583065091316,3.116536091986694,1779853238.0992484
-1.6846975075569541,3.136139918071442,1779853238.1392355
-1.6700302381039318,3.155743044918759,1779853238.1991787
-1.6554357469025764,3.1752424211083112,1779853238.2391858
-1.6409168710474582,3.194633800310632,1779853238.299334
-1.626511201780358,3.213867792212048,1779853238.339171
-1.6121850478566697,3.2329887407961624,1779853238.3991883
-1.5979325541611167,3.2520028433741386,1779853238.4392555
-1.5836357709793518,3.2710681590233235,1779853238.49923
-1.5692666125970776,3.290223004430743,1779853238.5393944
-1.554926009977147,3.309333987646877,1779853238.5993066
-1.5406445367492565,3.3283596292296007,1779853238.6393185
-1.5437903188737863,3.361572491837231,1779853238.6993728
-1.530021468129427,3.3808749515648713,1779853238.7392056
-1.516293053646341,3.4001289192501156,1779853238.7992282
-1.5025816078119862,3.41936517939369,1779853238.839199
-1.4888554733472776,3.438629803312836,1779853238.899279
-1.475104003901663,3.457938596698161,1779853238.9392304
-1.4613188088356104,3.4773003508048137,1779853238.9992564
-1.4473817950739392,3.4968833425817176,1779853239.039176
-1.4333830659306281,3.516563328440894,1779853239.0991426
-1.419284694219926,3.5363924737443257,1779853239.1392348
-1.4052220510344864,3.556180769306907,1779853239.1994696
-1.3911680382881113,3.575965970544871,1779853239.2392504
-1.377133313574837,3.5957325287682496,1779853239.2992542
-1.3631084078693743,3.615493394868868,1779853239.3392913
-1.3491044396195329,3.635233055115359,1779853239.399172
-1.3351080545657024,3.654970267292069,1779853239.4392047
-1.321111034006662,3.6747163462129357,1779853239.4992971
-1.3070675912432528,3.694536256662849,1779853239.5392094
-1.2929104933967723,3.7145239214013768,1779853239.599285
-1.2786159469363914,3.7347140933592815,1779853239.6392684
-1.2698321248735178,3.7632753640065033,1779853239.6992607
-1.2575118489639483,3.7810754985338937,1779853239.739228
-1.243354197444885,3.801543956200097,1779853239.7992256
-1.2292088336354285,3.82201012021166,1779853239.8391926
-1.215138825718047,3.8423844710307966,1779853239.8993144
-1.2012503718321992,3.862511428909347,1779853239.9392495
-1.1873674761480066,3.8826435878509233,1779853239.9993284
-1.1735558937101898,3.902687746043328,1779853240.0392392
-1.1598615212400645,3.9225768566016277,1779853240.0993497
-1.146144138776045,3.9425133521688354,1779853240.1393032
-1.1324159964479783,3.962480343399855,1779853240.1994174
-1.1186875006024604,3.9824632396622945,1779853240.2391772
-1.1049574944778933,4.002463757108358,1779853240.2993462
-1.0912694237758018,4.022418406508526,1779853240.3392396
-1.077598060198321,4.042363761206109,1779853240.3997028
-1.0639460548375523,4.062295981453313,1779853240.439544
-1.050307278338522,4.082223933884324,1779853240.4997487
-1.0366377399292637,4.1022116327949645,1779853240.5392272
-1.0229542717689872,4.122234849986788,1779853240.599711
-1.0092759146770351,4.142266349915149,1779853240.6392102
-1.0060644754923265,4.147654960146149,1779853240.6594014
-0.9959259038246028,4.162530540120824,1779853240.6991835
-0.9823043404511103,4.18252770743364,1779853240.7394462
-0.969525981454374,4.201310710449771,1779853240.799172
-0.9579226230057791,4.218382438252957,1779853240.839198
-0.9481957556569373,4.232712141042994,1779853240.8993819
-0.9406032124166307,4.243910352096354,1779853240.9391928
-0.9338225739802547,4.253905464172129,1779853240.9992433
-0.9284654774633139,4.261815845274915,1779853241.0392377
-0.9248643223371398,4.267141870175483,1779853241.0994244
-0.9226060987091143,4.270483460657337,1779853241.1392393
-0.9215320349999726,4.272075338055417,1779853241.1993158
-0.9208794682774611,4.273037842918191,1779853241.2394876
-0.9204871634794035,4.273615091690139,1779853241.299315
-0.9203141904173199,4.2738678349871835,1779853241.339301
-0.9202416612816542,4.2739711730884435,1779853241.39934
-0.9202250228341945,4.273991727349699,1779853241.4392586
-0.920226748180774,4.273985112109666,1779853241.4993002
-0.9202332180958512,4.273971719060358,1779853241.5392396
-0.9202410668471451,4.273956570730126,1779853241.5993688
-0.9202492045240815,4.273941273266283,1779853241.639268
-0.9187504970208127,4.272698497165728,1779853241.6593525
-0.9185982398149966,4.27292371989423,1779853241.6992087
-0.9185931512163742,4.272930484362017,1779853241.739128
-0.9185995607753374,4.2729200094651185,1779853241.7993147
-0.9186087183874385,4.272905419289538,1779853241.8390963
-0.9186177789528824,4.272890981180698,1779853241.8992693
-0.9186260356804044,4.272877761419965,1779853241.9392054
-0.9186331667147605,4.272866247076302,1779853241.9992788
-0.9186398656748874,4.272855408945111,1779853242.0392208
-0.9186456147366172,4.272846021644673,1779853242.099596
-0.9186508417943009,4.27283744903636,1779853242.1392102
-0.9186553261776064,4.2728300219178985,1779853242.1992939
-0.9186593465137577,4.2728233248263985,1779853242.2391708
-0.9186630177914443,4.2728171855602115,1779853242.2992513
-0.9186662301486139,4.272811768290575,1779853242.3392434
-0.9186692637011574,4.272806652762949,1779853242.3993094
-0.9186718414564335,4.272802253403567,1779853242.439244
-0.9186742304597114,4.272798168919117,1779853242.4992735
-0.9186763191634996,4.272794565597745,1779853242.539257
-0.9186781775220081,4.272791337389128,1779853242.5993614
-0.9186798367575779,4.272788436157141,1779853242.6392114
-0.9178329590760569,4.2721957452096335,1779853242.6591985
-0.917794108034721,4.272253857263805,1779853242.699182
-0.9177931076290651,4.272255471920197,1779853242.7391257
-0.9182810497010042,4.271529470920262,1779853242.7992363
-0.9194349608695448,4.269812288956906,1779853242.8392076
-0.9206560002368701,4.267994103505145,1779853242.8993707
-0.9216960115850318,4.266444433319043,1779853242.9392178
-0.9226616514716378,4.265004884638886,1779853242.999237
-0.923390874844574,4.263916868329107,1779853243.039158
-0.9238111550681416,4.263289131775324,1779853243.099359
-0.9242871192542749,4.26257862526956,1779853243.139353
-0.9249617066890963,4.2615713051421675,1779853243.199359
-0.9257121779587482,4.260449725090721,1779853243.2392466
-0.9263100773601091,4.259555137049263,1779853243.2995484
-0.926673778797496,4.259010284605115,1779853243.3392556
-0.9269672724326223,4.258570751064117,1779853243.3992488
-0.9272583025875737,4.2581348436929805,1779853243.439157
-0.927548437127482,4.257700045791993,1779853243.4993258
-0.9278395946852115,4.257263484084099,1779853243.5392091
-0.9281297423640406,4.25682820611816,1779853243.5993583
-0.9283915940218441,4.256435064860066,1779853243.6392126
-0.928294070688851,4.256250247024702,1779853243.6791604
-0.9283392414519124,4.256186447144043,1779853243.6991987
-0.9285503278506564,4.255880580717736,1779853243.7390666
-0.9287566801454469,4.255581327352726,1779853243.7993348
-0.9289614483117858,4.255284314704262,1779853243.839279
-0.9291542837165847,4.25500477282892,1779853243.8993542
-0.9293308442369915,4.254748859478685,1779853243.9392357
-0.9295004720411539,4.254502840897286,1779853243.9997041
-0.929674571157841,4.254250227199265,1779853244.0394177
-0.9298557765658458,4.253987288732957,1779853244.0992796
-0.9300815942008331,4.253659302840992,1779853244.1392214
-0.9303658078859328,4.253246579569368,1779853244.1995392
-0.9306719397533425,4.252802450810938,1779853244.2392108
-0.9309788711527603,4.252357314993843,1779853244.2997327
-0.9312798701260754,4.251920817972293,1779853244.3392975
-0.9315778903492642,4.251488604559937,1779853244.3994827
-0.9318761778136979,4.251055991926993,1779853244.4392025
-0.932173035053676,4.2506254497544385,1779853244.4993153
-0.9324591743300921,4.250210512081466,1779853244.5392237
-0.9327279196045963,4.249820810890876,1779853244.599631
-0.9341559962950964,4.250484872413298,1779853244.6392903
-0.9344073713990396,4.250131705424895,1779853244.6995137
-0.9346558176632873,4.249782597461532,1779853244.739226
-0.9348853072492722,4.249460608963093,1779853244.7996647
-0.9350891609875983,4.249174807504564,1779853244.8392057
-0.9352354077717324,4.248970495789509,1779853244.899669
-0.9353112998587502,4.248865011028438,1779853244.939303
-0.9353607375309326,4.248795829109587,1779853244.9997928
-0.9353719499422675,4.248780467057911,1779853245.0393229
-0.9353384179814186,4.248827810457255,1779853245.0995932
-0.9353365692451066,4.248829713933057,1779853245.139338
-0.9353971917254151,4.248743984333152,1779853245.1995618
-0.9354815032301641,4.248625753939076,1779853245.23923
-0.9355791364041178,4.248489070299283,1779853245.2995822
-0.9356877623320128,4.248337137416496,1779853245.3392172
-0.9357820271305454,4.248205603239993,1779853245.3997056
-0.9358520246112597,4.248108069558089,1779853245.4396029
-0.9359132024425104,4.248022723528957,1779853245.4993258
-0.9360020564086355,4.247898509335493,1779853245.5392742
-0.9361323449938745,4.247716536088183,1779853245.5996866
-0.9376356620783657,4.248722156381186,1779853245.6392646
-0.9376552659487116,4.248697319414623,1779853245.6997428
-0.9376480185061958,4.248707472381429,1779853245.7396226
-0.9375952084030473,4.248779847189155,1779853245.7998438
-0.9374880400154453,4.248925894319112,1779853245.8395088
-0.9374040083653049,4.249038965824452,1779853245.89999
-0.9373739147405329,4.249078607780792,1779853245.939297
-0.9373643495039474,4.249091167801203,1779853245.9993272
-0.9373674524204387,4.249086722659204,1779853246.0392034
-0.9373812482571897,4.249067898181696,1779853246.0996416
-0.937386481272585,4.249060935484013,1779853246.1391466
-0.9373756138300096,4.2490757499508245,1779853246.1997333
-0.9373587579277131,4.249098459526297,1779853246.2391968
-0.9373524153410744,4.249106804425932,1779853246.299452
-0.9373628723179768,4.249092517931699,1779853246.3391283
-0.9373170721622305,4.249154692321238,1779853246.3992941
-0.9371862140158834,4.2493311639515605,1779853246.4391468
-0.9370244443589835,4.249548245631755,1779853246.4997456
-0.9369084653846467,4.2497029952300345,1779853246.5391736
-0.9368682703055986,4.249755988657801,1779853246.5993247
-0.9382529939789092,4.2509497857027725,1779853246.6392248
-0.9381445656641607,4.251092650328567,1779853246.6991582
-0.9380142321004351,4.25126270161703,1779853246.73916
-0.937890057346003,4.251423967088126,1779853246.7992945
-0.9377811933623791,4.251565024776865,1779853246.8391516
-0.9376086470864602,4.251790247868539,1779853246.899823
-0.9373402118962,4.252139886235327,1779853246.939419
-0.9370364142592958,4.252533596859626,1779853246.9993598
-0.9368350943473561,4.252791885270545,1779853247.039148
-0.9367906540906763,4.252846686243055,1779853247.099757
-0.9367724310567421,4.2528700433496605,1779853247.139197
-0.9367279465027147,4.252927900302597,1779853247.1993148
-0.9366726553070598,4.25299926138085,1779853247.2393568
-0.9365884241101071,4.253108020759283,1779853247.2992232
-0.9364672584595368,4.253264128865048,1779853247.3391867
-0.9363646518723873,4.253395419422886,1779853247.3992805
-0.9363024256112371,4.253474611503997,1779853247.4392245
-0.936255266063739,4.253534829999903,1779853247.4992669
-0.936322496384507,4.253447483152833,1779853247.5392601
-0.9389137049637063,4.254863777003426,1779853247.5992863
-0.9391860302808565,4.254529238307518,1779853247.6391513
-0.9395532876152835,4.254081215640829,1779853247.6991904
-0.939940799392187,4.253610732707752,1779853247.739184
-0.9404394261342395,4.2530032573823995,1779853247.7992883
-0.9410885323344355,4.25221415715598,1779853247.839144
-0.9415899673273275,4.251614025285123,1779853247.8991606
-0.9418247636548361,4.251338567035288,1779853247.9392242
-0.9419551505594587,4.251183815773326,1779853247.9995475
-0.94206678320489,4.251049909226119,1779853248.0392067
-0.9421867223759437,4.250905737392611,1779853248.099692
-0.9422310708499734,4.25085438591589,1779853248.1391518
-0.9421648557104134,4.25093568156876,1779853248.1996603
-0.9420570358687237,4.251064663577492,1779853248.2391312
-0.9420164698727633,4.251111132321997,1779853248.2995124
-0.9420837881181116,4.251028834985419,1779853248.3392088
-0.9421314504825772,4.250972829452149,1779853248.3992252
-0.9421076099770872,4.251002323332228,1779853248.439189
-0.9420563857708303,4.251063105716264,1779853248.4993267
-0.942003332657833,4.251125511662387,1779853248.5392008
-0.9461022446995501,4.254291257111306,1779853248.599287
-0.9460027702415693,4.254402252867772,1779853248.639207
-0.9458027429185447,4.254619977781977,1779853248.6997223
-0.9455704316673605,4.254866883736904,1779853248.7392304
-0.9454385594512441,4.254999542627754,1779853248.7992275
-0.9454619044262429,4.254966961984688,1779853248.8392737
-0.9454981063448911,4.2549292747172185,1779853248.8993626
-0.94548366077945,4.254946878003798,1779853248.9393528
-0.9454478948346149,4.254984838322656,1779853248.9993477
-0.9454408435835805,4.254990773348079,1779853249.0391717
-0.9454819608196053,4.254946328366597,1779853249.099357
-0.945442152193016,4.254990910566966,1779853249.1391973
-0.9452667759124308,4.25517608478829,1779853249.1993296
-0.9450385243002022,4.255411287955067,1779853249.2391927
-0.9448300825027872,4.25562316447944,1779853249.299616
-0.9446662592082364,4.25578832993786,1779853249.3391545
-0.9445924854435536,4.255860281747264,1779853249.3993058
-0.9446261400672795,4.255823090744313,1779853249.439165
-0.9447002224708115,4.255747584999829,1779853249.499353
-0.9447652176411356,4.255682810002176,1779853249.5391793
-0.9448035141025483,4.25564534883703,1779853249.5997567
-0.9492773191377457,4.258861484314681,1779853249.6193168
-0.9492164789107211,4.258923507550282,1779853249.639024
-0.9490914699518973,4.259038490020614,1779853249.699193
-0.948933012386997,4.259175131952699,1779853249.7391136
-0.9487934554207081,4.259291133438832,1779853249.7992516
-0.9486939265951082,4.2593719647936075,1779853249.8392117
-0.9486034718982412,4.25944732613124,1779853249.899285
-0.9485066339406998,4.259528303216372,1779853249.9392707
-0.948407083412428,4.2596107791222595,1779853250.0001757
-0.9483217616012545,4.25968010230975,1779853250.0395057
-0.9482586208445596,4.25973067523951,1779853250.0999227
-0.9481646181246141,4.259809001605303,1779853250.1394649
-0.9480168736431308,4.259931078056642,1779853250.1998484
-0.9478473902530583,4.260068086690345,1779853250.2394352
-0.9477191975185139,4.260168503534072,1779853250.2992237
-0.9476566345999211,4.260215492582892,1779853250.3392663
-0.9475230221638056,4.26032467589591,1779853250.3994176
-0.9472605457214867,4.26053616809953,1779853250.439109
-0.9469477041046078,4.260782086767083,1779853250.4994435
-0.94661894541563,4.261037875443531,1779853250.5395725
-0.946283535105117,4.261297046326522,1779853250.5993242
-0.9489400025107954,4.263391401241878,1779853250.6191535
-0.9488649698124608,4.263430462434027,1779853250.6391199
-0.9486544920806153,4.263558095126147,1779853250.6997604
-0.9484737234678158,4.263671610493708,1779853250.7392342
-0.9483790480691666,4.263725266407389,1779853250.7991626
-0.9483973875623317,4.263706801155162,1779853250.8393888
-0.9483166839968149,4.26376575326669,1779853250.8992789
-0.9480408482906117,4.263948214590205,1779853250.9394565
-0.9476852239566178,4.264168882071574,1779853250.9998312
-0.9472260200725625,4.264452404506154,1779853251.0394287
-0.9466458757803057,4.264806296435274,1779853251.0997279
-0.946011623827339,4.265185120472157,1779853251.1392362
-0.9453460320581338,4.265577843073109,1779853251.199338
-0.9446708649681826,4.265971840260498,1779853251.239268
-0.9441067088230263,4.266292108064806,1779853251.2998607
-0.9437029981954819,4.266516119467499,1779853251.339292
-0.9433704897722547,4.266702643358463,1779853251.3999155
-0.9430700894314081,4.266870922209649,1779853251.4395356
-0.9427790368432138,4.267033314373458,1779853251.4996622
-0.94250918389544,4.267181954885058,1779853251.539562
-0.9437596750711816,4.267894023252688,1779853251.5796127
-0.9437011436695986,4.267916981418509,1779853251.59922
-0.9434753544031008,4.268013446970867,1779853251.6392796
-0.9432789636445232,4.268096209388608,1779853251.6992528
-0.94309343918818,4.268174804903807,1779853251.7393522
-0.9428833020592586,4.268264958652422,1779853251.7994194
-0.9426337680376045,4.268370411476248,1779853251.83949
-0.9422842022634652,4.268518400752759,1779853251.8998587
-0.9418068289712946,4.268715578250205,1779853251.9394348
-0.9412800754742398,4.268923489717074,1779853251.9998245
-0.9408321698297796,4.269090471098099,1779853252.0395598
-0.9405126657794987,4.269204417171792,1779853252.0999644
-0.940350076990211,4.269257384004851,1779853252.1393259
-0.9403522989607486,4.2692492307638386,1779853252.1991215
-0.9404173865535711,4.269224521275511,1779853252.239129
-0.9405505518449364,4.269175329444363,1779853252.2992353
-0.9407587175573368,4.269100660216899,1779853252.339174
-0.940985262510217,4.2690238281589545,1779853252.399268
-0.9412071820801573,4.2689506413538725,1779853252.43913
-0.9414266485280371,4.268879221708526,1779853252.4995124
-0.9416949980974608,4.26879078088569,1779853252.5391738
-0.9423714884887735,4.268650448658521,1779853252.5792232
-0.9424638498529183,4.268624721617705,1779853252.5991285
-0.9427030792596283,4.268583606347289,1779853252.6393747
-0.94277071729113,4.268583721807959,1779853252.6996021
-0.9427700504411359,4.268588195568752,1779853252.7390585
-0.9426478440958881,4.2686217604739705,1779853252.7991061
-0.9423768244944857,4.268684498440726,1779853252.8391523
-0.9421583475780242,4.26872075635269,1779853252.8990965
-0.9420795228203681,4.268726156229734,1779853252.9393268
-0.9420547105394923,4.268727986861022,1779853252.999642
-0.9421790046896192,4.268698150700428,1779853253.0390804
-0.9424946806027088,4.268636603787542,1779853253.099199
-0.9428427502156171,4.26858227817928,1779853253.1391957
-0.9431558236322364,4.268538364899295,1779853253.199246
-0.943454581924911,4.268496948004322,1779853253.2391534
-0.9437493143235557,4.268457505161449,1779853253.2995284
-0.9440422298916071,4.268420031646503,1779853253.3392165
-0.9443358527452461,4.268384297448506,1779853253.399591
-0.9444430319531714,4.268381614310303,1779853253.439253
-0.9442904862894856,4.268410436053021,1779853253.4992683
-0.9440411964126162,4.26843921176568,1779853253.5391798
-0.9436806810925564,4.268330007792804,1779853253.5996327
-0.9433404191615778,4.2683369890667135,1779853253.639105
-0.9431000758301921,4.268329051105492,1779853253.699617
-0.9430154326088713,4.268316943953914,1779853253.739117
-0.9429889764159427,4.268313180848279,1779853253.7992663
-0.942980686843333,4.268312052259005,1779853253.8391607
-0.9429781161988976,4.268311761282431,1779853253.8992136
-0.9429250917667076,4.2683137283711945,1779853253.9392745
-0.9427999475612004,4.268313499432411,1779853253.9992502
-0.9426485218449145,4.268307800396282,1779853254.0393777
-0.9424151771918334,4.268300283684198,1779853254.0991347
-0.9420784258072158,4.268285583338052,1779853254.1390214
-0.9418077341566156,4.268261981459035,1779853254.1991546
-0.9416710436624468,4.2682435964303105,1779853254.238989
-0.9415830907290235,4.2682339385017904,1779853254.2992125
-0.9414901032079027,4.268226117061482,1779853254.3391109
-0.9413727206348094,4.268216004936027,1779853254.3995194
-0.9410793119780538,4.268194682158839,1779853254.4390697
-0.9405510762218533,4.268146310240542,1779853254.4996028
-0.9396467323821653,4.267665274737432,1779853254.5391076
-0.9391463180043447,4.267562827516859,1779853254.5996244
-0.938658444473791,4.267457286304601,1779853254.6391234
-0.9382790729205122,4.267368514304589,1779853254.6992114
-0.9380237007369328,4.267303533428169,1779853254.7392516
-0.9378120009589553,4.26725302348411,1779853254.799521
-0.9378099722991942,4.2672375726975265,1779853254.839181
-0.9380812092275675,4.267286314377915,1779853254.8992708
-0.9383470346222651,4.267357657871014,1779853254.939387
-0.9385019992879,4.2674081364343035,1779853254.9992886
-0.9386156621703137,4.267442804128092,1779853255.03916
-0.9386753887739326,4.267464221774937,1779853255.099744
-0.9386749671550806,4.267468706223399,1779853255.1393604
-0.9386940652843865,4.267473331111067,1779853255.199795
-0.9387622580322649,4.2674917373236925,1779853255.2393565
-0.9388477183263934,4.267518642596623,1779853255.2992415
-0.9387767312117802,4.267506282634732,1779853255.3395474
-0.9384864133034883,4.267421857041715,1779853255.3992333
-0.9380892351015158,4.267289144519752,1779853255.439239
-0.9376282968352904,4.267127166611819,1779853255.4993293
-0.9371461107220228,4.26695011144932,1779853255.5391843
-0.936815013620431,4.26651612724325,1779853255.5591536
-0.9363424373782988,4.266319566623402,1779853255.5992038
-0.9356302702152755,4.266014050944142,1779853255.6391568
-0.9349646268250803,4.2657047494025395,1779853255.699474
-0.9344055836384952,4.265433406524638,1779853255.7392113
-0.9338870308489177,4.265182063777446,1779853255.7995226
-0.9333994776687939,4.26494051472128,1779853255.8391378
-0.9329465075681109,4.264710986596522,1779853255.8992398
-0.9325323152640094,4.264495504779368,1779853255.9391708
-0.932163351168151,4.264298860323488,1779853255.9992547
-0.9318100100509461,4.2641087658765375,1779853256.039239
-0.9314356052170542,4.263906039164719,1779853256.0994964
-0.9310258457827358,4.26367980381512,1779853256.139431
-0.9306334573360082,4.263453935742282,1779853256.1993494
-0.9302764072062651,4.263242611666212,1779853256.2392025
-0.9299338300826671,4.2630375192575,1779853256.2996132
-0.9296151559984884,4.262841768583858,1779853256.3391948
-0.9293246972283823,4.262659308711184,1779853256.399304
-0.9289072175019149,4.2624053340752415,1779853256.4391065
-0.9283102602087743,4.2620327624684275,1779853256.4992511
-0.9276567263583342,4.261603717435242,1779853256.5391269
-0.9274001034604156,4.2610609032701765,1779853256.5592933
-0.9262527997370251,4.260309792620138,1779853256.599214
-0.9241001921711381,4.258821616862708,1779853256.6390927
-0.9229475597222461,4.257848603468525,1779853256.6992424
-0.9233498772928834,4.257991166730793,1779853256.7391531
-0.9242709193200471,4.258663507892374,1779853256.7992294
-0.9245514426474424,4.258964390086399,1779853256.8391953
-0.9238082656053797,4.258474355998566,1779853256.8992712
-0.9232808644432631,4.258011791628438,1779853256.9391997
-0.9233929627337599,4.258038809594179,1779853256.9992285
-0.923717455585908,4.25829986584836,1779853257.039146
-0.9242859398168962,4.258775594397241,1779853257.0992928
-0.925110950006407,4.259489433940646,1779853257.1393964
-0.9256500760985739,4.260018299447614,1779853257.1994455
-0.9257274082132483,4.260144864296293,1779853257.2393594
-0.9256530415627581,4.260091479252973,1779853257.2994328
-0.9255804427139426,4.260021107332551,1779853257.3394992
-0.9255571094790415,4.259992662841125,1779853257.3993802
-0.9255497407636233,4.259983929957153,1779853257.4391594
-0.9255473724965902,4.2599814497535275,1779853257.4992688
-0.9255465519245328,4.25998091600033,1779853257.5392966
-0.9256067887108341,4.260831338759848,1779853257.5594256
-0.9256049518441881,4.260829668088471,1779853257.59941
-0.925604778474932,4.260829621973523,1779853257.639444
-0.9256047658246763,4.2608297658493415,1779853257.699593
-0.9256047962204029,4.260829961206197,1779853257.739294
-0.9256048271277375,4.260830157796763,1779853257.7993343
-0.9256048511413584,4.26083034490625,1779853257.839193
-0.9256048630168615,4.260830515273623,1779853257.899602
-0.9256048720058494,4.260830677847635,1779853257.9392178
-0.9256048709788318,4.260830824094684,1779853257.9992578
-0.9256048643614181,4.260830958225201,1779853258.0393915
-0.9256048550820373,4.260831083264372,1779853258.0994794
-0.9256048438915029,4.260831199942328,1779853258.1392407
-0.9256048273753585,4.26083130394616,1779853258.1995661
-0.9256048113958996,4.260831402289086,1779853258.23944
-0.9256047934169844,4.26083149192949,1779853258.299491
-0.9256047734663361,4.260831572855611,1779853258.3395243
-0.9256047549846965,4.260831649654767,1779853258.3992996
-0.9256047349745413,4.260831718577263,1779853258.4391353
-0.9256047154421322,4.260831782418127,1779853258.4991984
-0.9257561866665562,4.261588143487006,1779853258.5191917
-0.9257557093760513,4.261587585482968,1779853258.539053
-0.9257557157752963,4.261587562803645,1779853258.5991216
-0.9257557379261455,4.261587576430793,1779853258.6393168
-0.9257557612423998,4.261587600150047,1779853258.699216
-0.9257557820942743,4.261587626329292,1779853258.739431
-0.9257557985253093,4.261587651216238,1779853258.7994711
-0.92575581145259,4.2615876747863135,1779853258.8391328
-0.9257558217033576,4.2615876972525175,1779853258.899548
-0.9257558290754485,4.261587717838964,1779853258.93919
-0.9257558353208556,4.261587738104238,1779853258.999468
-0.9257558394533769,4.2615877565603775,1779853259.0391142
-0.9257558422920775,4.261587773856368,1779853259.0996425
-0.9257558441444066,4.2615877901246755,1779853259.1391237
-0.9257558449340255,4.261587805072372,1779853259.1991894
-0.925755844909108,4.2615878188387954,1779853259.2396348
-0.9257558444329305,4.261587831759324,1779853259.299232
-0.9257558437260428,4.261587844032601,1779853259.3393197
-0.9257558424351078,4.26158785511868,1779853259.3992362
-0.9257558408713773,4.261587865363614,1779853259.439198
-0.9257558393405946,4.261587875150979,1779853259.4992347
-0.9259342835038159,4.261993136690026,1779853259.5191631
-0.925934175048589,4.261993000860208,1779853259.5391235
-0.924357013034464,4.260246243792689,1779853259.5991778
-0.9206148148566193,4.256280623495404,1779853259.639078
-0.9153456862526647,4.250750400192167,1779853259.6991918
-0.9088637367695308,4.2439111647837136,1779853259.7392473
-0.9019748242966314,4.236598112443132,1779853259.7992399
-0.8944753993453229,4.228555682893548,1779853259.8391795
-0.8862728737113247,4.2196752099256765,1779853259.8992686
-0.8762287851896228,4.208693362556556,1779853259.9391546
-0.863899968312102,4.195092070293629,1779853259.9992547
-0.8507974458698448,4.1804950230930045,1779853260.0391233
-0.8368787557585735,4.164839899996651,1779853260.0992038
-0.8221838500573881,4.148151978077421,1779853260.1391711
-0.8070129085880017,4.130749402669768,1779853260.1992967
-0.7916009481752408,4.11289511103576,1779853260.2393641
-0.776127612889378,4.094788666672057,1779853260.2995117
-0.7607295636023119,4.076590408975483,1779853260.339541
-0.7455146136588199,4.058431034560499,1779853260.3995516
-0.73041132040031,4.040229037769573,1779853260.4392087
-0.7154226421367368,4.021988343990778,1779853260.4992845
-0.672151054875049,4.0287558130482335,1779853260.53918
-0.6551526556287421,4.012558734731129,1779853260.5993085
-0.6383456149140694,3.9964349440589655,1779853260.639166
-0.6216179439613675,3.9802828775499135,1779853260.6993191
-0.6049331122010668,3.9640743034545745,1779853260.739179
-0.5883320876315589,3.9478509651142573,1779853260.799306
-0.5717292758137943,3.9315278190242164,1779853260.8391259
-0.5550620951523767,3.9150457911313086,1779853260.8992932
-0.5383227096200908,3.8983956449850856,1779853260.9391475
-0.5214186352727758,3.8814851167036513,1779853260.999288
-0.5045462351892951,3.8645116287845553,1779853261.0391667
-0.48774720341827316,3.8475155438985342,1779853261.0993295
-0.47096770736721083,3.8304420861964887,1779853261.1391606
-0.45430475240035345,3.8133903998626963,1779853261.1993287
-0.4377479978019294,3.7963503581918707,1779853261.2391937
-0.4212607228902739,3.7792844752479606,1779853261.2994473
-0.40481418583937934,3.7621634544277134,1779853261.3394876
-0.3884502110429533,3.745031100589804,1779853261.3993556
-0.37200765461044116,3.727718946634041,1779853261.4391375
-0.35551067195692343,3.7102507423027857,1779853261.4992425
-0.297367480636455,3.7309899550482646,1779853261.5392022
-0.27993076366995934,3.7155501884243924,1779853261.5992846
-0.2618022208624885,3.6994518301445942,1779853261.63914
-0.24369640893244146,3.6833333100863235,1779853261.699533
-0.22567822697308196,3.6672474476284984,1779853261.7391176
-0.207707593357384,3.651155167491114,1779853261.7993855
-0.1898581817850164,3.635127673952131,1779853261.8391564
-0.17212020252907922,3.6191548260743076,1779853261.8993268
-0.15443889724854898,3.6031837171957557,1779853261.9391675
-0.1367079200367309,3.5871214225089307,1779853261.9992948
-0.11898577373756324,3.5710224783176363,1779853262.0393128
-0.10122056538128152,3.554838225785554,1779853262.099423
-0.08348836881714065,3.5386382102009994,1779853262.1391706
-0.06565922402909309,3.5223034419533463,1779853262.199282
-0.04784405838074285,3.5059353388458345,1779853262.23946
-0.02997922087247297,3.4894759569031835,1779853262.2994823
-0.012191529139944899,3.4730416651621407,1779853262.33941
0.00559624313262187,3.456560949769719,1779853262.3992338
0.02330611296418184,3.4401059018873306,1779853262.439173
0.07722916429507169,3.4548500885156637,1779853262.4994867
0.09265700688757661,3.442104214607864,1779853262.5391362
0.11127884936530288,3.4267055330923015,1779853262.5992584
0.12982561759644584,3.411353477174468,1779853262.6391609
0.148404372286347,3.395959381602679,1779853262.6992776
0.16701542959282928,3.3805232391869406,1779853262.7394109
0.18556556123045198,3.365122703464613,1779853262.799291
0.20415949708396358,3.349671139890274,1779853262.8393908
0.2226604276203036,3.334281770311243,1779853262.899453
0.2411066141794608,3.3189239558137626,1779853262.9390945
0.2594712587172985,3.303619075514296,1779853262.9991648
0.2777700090505548,3.288352692386915,1779853263.03904
0.2961101452772639,3.2730356944505923,1779853263.0992196
0.3144819241234825,3.2576770539534685,1779853263.1391551
0.3328521452600084,3.2423053030206566,1779853263.1991825
0.3512769912812089,3.2268729327747163,1779853263.239121
0.3696567160249147,3.2114632969610573,1779853263.2992413
0.3879903493493287,3.1960776655718672,1779853263.3391016
0.4062512242751633,3.18073813267242,1779853263.3991554
0.42447436288313833,3.1654149648164425,1779853263.4391298
0.46988407236637203,3.169604007757049,1779853263.499157
0.4831782848200986,3.1592182685375714,1779853263.5391805
0.5020004354122943,3.1445128343420286,1779853263.599186
0.52096623406154,3.1296974959168553,1779853263.6391838
0.5401720046922456,3.114695545945565,1779853263.6992226
0.5595759437500403,3.099541437662585,1779853263.7391484
0.5790340369443876,3.084351501837849,1779853263.7993774
0.598656499767082,3.069034583754734,1779853263.8393638
0.618461891237615,3.053577295953212,1779853263.899346
0.6383949674425003,3.038022912526035,1779853263.9393556
0.6585278055241682,3.022315401943602,1779853263.99936
0.6787556482117003,3.0065382777824285,1779853264.0393727
0.6989422631259425,2.990796534396804,1779853264.0992327
0.719162889687074,2.9750308820482094,1779853264.139187
0.7392307356182558,2.9593880704464466,1779853264.199281
0.7591265200491493,2.9438819670203125,1779853264.239227
0.7789432574412498,2.928438495352838,1779853264.2992558
0.7987081031738239,2.9130381260555973,1779853264.3392713
0.8183067638387287,2.8977696642888393,1779853264.3992069
0.8377945876222656,2.8825903666779427,1779853264.4391162
0.8570994571967141,2.867555977329412,1779853264.4991882
0.8756038362581924,2.873230214534977,1779853264.519234
0.8867294495849845,2.8648696939839104,1779853264.5390108
0.9062227545027228,2.8502247055138596,1779853264.599139
0.9257685673831169,2.835550329880007,1779853264.6390402
0.9453609775576701,2.820850785614769,1779853264.6991677
0.9650647887159941,2.8060780225118163,1779853264.7391162
0.984788899259541,2.7913013384453755,1779853264.799237
1.004499877727969,2.776545213328153,1779853264.839187
1.024273767537037,2.7617524475294615,1779853264.8991606
1.0439727285446279,2.7470263857699524,1779853264.9391549
1.0636221645531017,2.7323476812194483,1779853264.9995341
1.0832797904126887,2.717672778037295,1779853265.0391479
1.1028517539646476,2.7030725351344618,1779853265.0993369
1.1223788619881037,2.688516033461813,1779853265.1391237
1.141980957720774,2.673912120732396,1779853265.199206
1.1618489408457677,2.6591201443267627,1779853265.2391489
1.1816996576140204,2.644352562619769,1779853265.29918
1.2016230192441093,2.6295416502404225,1779853265.339139
1.2215583576766327,2.6147323304015813,1779853265.3992162
1.2415562038367747,2.5998868570028613,1779853265.4391134
1.2549551066809472,2.5947754105079337,1779853265.4590607
1.2639733308832206,2.5881460336330098,1779853265.499233
1.2840621988360252,2.573384662099962,1779853265.5392466
1.3042668260906105,2.558549974677393,1779853265.5993938
1.3245522270687633,2.543668350006817,1779853265.639069
1.3448104391927556,2.528820840732873,1779853265.699392
1.3648733747145312,2.514129174814434,1779853265.7390745
1.3848310919033744,2.4995258377794496,1779853265.7991858
1.4047176919114928,2.4849872851287493,1779853265.8391225
1.4243995019136833,2.470610614955067,1779853265.8991861
1.4438888354635215,2.4563862114276573,1779853265.9391792
1.463291161549378,2.4422370349505917,1779853265.999133
1.4825996094214142,2.428167509477368,1779853266.039111
1.5020623855521995,2.4139966058011737,1779853266.0992444
1.5216103913559091,2.399775452182908,1779853266.1391876
1.5401150583805476,2.3863315622672014,1779853266.199172
1.5569397351766934,2.374120535768329,1779853266.2391174
1.573203697856794,2.3623204393763166,1779853266.2992737
1.5870171061789076,2.3523165610424313,1779853266.3392878
1.5976353727585224,2.344637584786074,1779853266.399154
1.605367881116044,2.3390506963534206,1779853266.4391444
1.6093270868254679,2.334424819358331,1779853266.479375
1.609235662214024,2.334496242097066,1779853266.4991844
1.6132455414084552,2.3315883102595976,1779853266.5390887
1.6160256678053295,2.3295749212964547,1779853266.5991518
1.6174383367174072,2.3285534453965586,1779853266.63913
1.6181326328750973,2.32805004478132,1779853266.6993923
1.618363671990058,2.327881264200523,1779853266.7391632
1.6184339398046936,2.327827890203641,1779853266.7991698
1.6184465286777936,2.3278161076143373,1779853266.8391912
1.6184344764130534,2.327822230210053,1779853266.8993092
1.6184147319449613,2.3278340330113485,1779853266.939185
1.6183958881113594,2.3278453572175746,1779853266.9992065
1.618377709798234,2.3278563637021703,1779853267.0391347
1.6183609953565246,2.3278664696570277,1779853267.0992122
1.6183453531845164,2.327875944284844,1779853267.1391907
1.6183324881368992,2.327883561202668,1779853267.1992128
1.618319895039022,2.32789110005246,1779853267.239147
1.6183085936810238,2.32789782370435,1779853267.2992148
1.6182987425968296,2.3279036124958563,1779853267.3392556
1.6182897147230875,2.3279089061837195,1779853267.3994286
1.618281234772797,2.3279138934628856,1779853267.4391272
1.6169580437619995,2.3265664947445495,1779853267.47912
1.6172113017644865,2.3263847219113516,1779853267.499353
1.6172103906383761,2.3263854705491385,1779853267.5391078
1.6172043320987912,2.3263897190038887,1779853267.5992858
1.617197714617062,2.3263942948826415,1779853267.6391356
1.617191528319058,2.3263985286745834,1779853267.699351
1.6171856718217228,2.326402509078126,1779853267.7395682
1.6171802204120964,2.326406189773405,1779853267.7991781
1.6171756337432857,2.3264092467875623,1779853267.839314
1.617171178361792,2.3264122088867745,1779853267.8991885
1.61716736861145,2.3264147109098237,1779853267.9391477
1.6171639804575493,2.326416915486854,1779853267.9992135
1.6171608261623605,2.3264189582816233,1779853268.0391722
1.6171578286303514,2.3264208953472107,1779853268.0992274
1.6171552470938126,2.326422542890762,1779853268.1391687
1.6171530068620485,2.326423955089755,1779853268.1991498
1.617697424427461,2.326034189830817,1779853268.239086
1.6190007765359344,2.325103227876514,1779853268.2991378
1.6205791730547696,2.3239780580493483,1779853268.3391786
1.6218549966072395,2.3230703444668968,1779853268.3992755
1.6226095672254095,2.322534517465095,1779853268.439141
1.621861195725874,2.3204004811127024,1779853268.4992516
1.6219969928151778,2.320299051794946,1779853268.5390933
1.6220390337723658,2.3202682079544914,1779853268.5992022
1.6224006951543368,2.320006208215492,1779853268.639105
1.6232338247906875,2.319399804193083,1779853268.6994092
1.6239072094029574,2.3189066423145523,1779853268.7391558
1.624175521308093,2.318708863919378,1779853268.7991285
1.624295522650464,2.318620860459125,1779853268.839197
1.6243773115035862,2.31856118434205,1779853268.8992682
1.6244562023413045,2.3185037220384976,1779853268.9391842
1.624568941791721,2.3184216330217837,1779853268.9993382
1.624728470600795,2.318305392406966,1779853269.039114
1.624905125555815,2.3181765647193444,1779853269.099706
1.6251212615884283,2.3180189861889846,1779853269.139299
1.6253863795359234,2.3178256937957644,1779853269.1993468
1.6256515588921456,2.3176322920815386,1779853269.2391298
1.6258993202601788,2.3174516062097044,1779853269.2994184
1.6261400762540228,2.317276081950004,1779853269.3392136
1.626353122471577,2.3171207671559872,1779853269.3994172
1.6267801471519927,2.3169945092633686,1779853269.439166
1.626878914042534,2.3169200009938655,1779853269.4993815
1.626936190766183,2.31687666037322,1779853269.5392048
1.6269722022753543,2.3168497139089217,1779853269.5995042
1.6269420928058682,2.316871934547116,1779853269.6391573
1.6268285343361633,2.3169566765635925,1779853269.699208
1.626701234097068,2.31705231877067,1779853269.7391238
1.6265882151338593,2.317137395436506,1779853269.799189
1.6264803354068877,2.317218532661369,1779853269.8393898
1.6264586826807452,2.317235420115107,1779853269.899216
1.6265538262297896,2.317164683925501,1779853269.9391475
1.6267670705820019,2.3170051568319217,1779853269.9994168
1.627098249862141,2.3167569405316564,1779853270.039167
1.6274719898385273,2.3164762876638885,1779853270.099377
1.6278592118759152,2.316185329003007,1779853270.139133
1.6282501672560112,2.3158914730404443,1779853270.199406
1.6286164329469361,2.315616014192655,1779853270.239289
1.6289488213128778,2.315365953699879,1779853270.2995799
1.6292685789012131,2.315125431858238,1779853270.3393295
1.629491793740147,2.3149572139836807,1779853270.399235
1.6295854138506503,2.3148864207770545,1779853270.4394739
1.6304147266088842,2.3157443310876697,1779853270.4593313
1.6305240280050588,2.315660898846852,1779853270.4993587
1.6307384841738137,2.315496774475501,1779853270.5393336
1.6309825807939828,2.3153088860184243,1779853270.5995576
1.6312120625102924,2.3151317137284226,1779853270.6392615
1.631410262299249,2.314978486552419,1779853270.699162
1.631538566624295,2.3148788719733155,1779853270.7391663
1.6315832008825666,2.3148438247119607,1779853270.79923
1.6315967890751095,2.3148332306694988,1779853270.839181
1.631625730797825,2.314811059426789,1779853270.8992257
1.6316861550872181,2.314764570132047,1779853270.9391458
1.6317582688780161,2.3147088365840323,1779853270.9992065
1.6318340943686234,2.314650142258566,1779853271.0391717
1.6319109157559484,2.314590623352834,1779853271.099162
1.6319799540152076,2.3145370539595773,1779853271.1391606
1.6320375186737788,2.3144923461905664,1779853271.1991782
1.6320992792573041,2.3144444377173,1779853271.2390907
1.6321711527672305,2.3143886615296276,1779853271.2991865
1.6322469548619274,2.314329758953788,1779853271.3391154
1.6322988979062625,2.3142892563859445,1779853271.3991973
1.6323166975291776,2.3142752801647437,1779853271.439111
1.633450530221626,2.3156027458055557,1779853271.4592235
1.6334801577949023,2.315579501148236,1779853271.4991906
1.6335420557684661,2.31553052902839,1779853271.5390992
1.6336135735706834,2.315473454546252,1779853271.599166
1.633647679963002,2.3154457075542436,1779853271.6393118
1.6336263483493716,2.3154622699342395,1779853271.6992
1.6335437368986654,2.315528040648403,1779853271.7391899
1.6333981176181231,2.315644531806166,1779853271.7994835
1.6332294505101124,2.315780111925503,1779853271.8391285
1.6329805000319217,2.315979867489935,1779853271.8994002
1.632627737194127,2.3162633333258986,1779853271.9391458
1.6322936128798782,2.316533189561867,1779853271.9993758
1.6320272441184633,2.31674889300366,1779853272.0391362
1.6317866380736563,2.3169435506134177,1779853272.099244
1.6316103819269765,2.3170866613799603,1779853272.1393607
1.6315163259682444,2.317163415883312,1779853272.1992643
1.6316322700262114,2.317071305555136,1779853272.299673
1.6318884125961421,2.316863622108534,1779853272.3392327
1.632221836355078,2.3165930881046006,1779853272.399219
1.6337502792891934,2.3180914236119503,1779853272.4192207
1.6339925350903395,2.3178898622635655,1779853272.439114
1.6343943025106027,2.317551986188392,1779853272.499263
1.6347606764751677,2.317243016761039,1779853272.5393453
1.6351168489788412,2.3169427842290533,1779853272.599216
1.6354932955292847,2.3166256488370873,1779853272.6394362
1.6359027692923944,2.316280358880708,1779853272.699248
1.6363724754919498,2.3158840879336813,1779853272.739163
1.6369114801394675,2.3154286894497136,1779853272.7992077
1.6374752935778025,2.31495092402641,1779853272.8392234
1.6380033207596605,2.3145021248995725,1779853272.8992937
1.6384790717200313,2.314096979449681,1779853272.9391704
1.638994535692416,2.3136587284734325,1779853272.9994304
1.6395796034219772,2.313160875805294,1779853273.039107
1.6401910495601633,2.312639196332021,1779853273.0992656
1.6406224946642236,2.312268285899898,1779853273.1394281
1.6408004239928689,2.3121133014897848,1779853273.1994693
1.6410940368329603,2.3118632436000373,1779853273.2391772
1.6416352850866838,2.311401432858808,1779853273.2991803
1.6422650357323312,2.310860976972803,1779853273.3392062
1.6425824196884025,2.310584523532619,1779853273.399178
1.6447139746419803,2.312859489790126,1779853273.419057
1.6443189483258522,2.3131967692812028,1779853273.4390526
1.6440894650477718,2.313404823935244,1779853273.4991612
1.6438990213950166,2.313581569774883,1779853273.5390856
1.6437230575307802,2.3137441967840626,1779853273.599137
1.6436218292704345,2.313840119788358,1779853273.6390982
1.6436188360022148,2.313846003260923,1779853273.6991363
1.6436429531488224,2.313824662476232,1779853273.7390735
1.6436673549002225,2.3138023442118416,1779853273.79913
1.64369136382969,2.313780328323641,1779853273.8390884
1.6436609157694255,2.313807556698942,1779853273.8991926
1.6435557773440914,2.3139040932101445,1779853273.939191
1.643587014442165,2.3138783404520233,1779853273.9991884
1.6438330896514384,2.313652718792696,1779853274.039156
1.64415636217972,2.3133509390821176,1779853274.099242
1.6443717037155927,2.313146261911249,1779853274.1391494
1.6444143487216079,2.313102848906764,1779853274.1993327
1.64445675974375,2.313063167536674,1779853274.2391331
1.6445643143744215,2.312962790090194,1779853274.2991884
1.6446956118121894,2.3128387787880036,1779853274.3391616
1.6448347249382966,2.3127067917119772,1779853274.3992043
1.6481415935125834,2.3166415456410907,1779853274.4392328
1.6482520523794986,2.316520979860201,1779853274.4994466
1.648333369842353,2.316431252370028,1779853274.539329
1.6484046204465397,2.3163537434035857,1779853274.599144
1.6483997960242158,2.3163543313227253,1779853274.639121
1.648295407587624,2.3164628196207455,1779853274.6993854
1.648214563169316,2.316553868229271,1779853274.7391462
1.6482016589493347,2.316572467309617,1779853274.7991753
1.6482126654993299,2.316561766611979,1779853274.8392065
1.6481808499454424,2.3165949515654694,1779853274.8991568
1.6480831841124812,2.3167007714425383,1779853274.9391077
1.6480128716259064,2.316781341788258,1779853274.9991984
1.648003319203831,2.3167952345268064,1779853275.0391319
1.6480152305649054,2.3167827978340534,1779853275.099264
1.648083507523179,2.31670809600194,1779853275.139145
1.6482210518038267,2.3165546611678707,1779853275.1991704
1.648375857973334,2.3163783987259134,1779853275.2391138
1.6485277454289153,2.316204050467632,1779853275.2992187
1.6486788001351191,2.316030072267688,1779853275.3391197
1.6488430107693193,2.3158408127696406,1779853275.3992076
1.6519525469938596,2.3194936089128615,1779853275.4391568
1.652191262838016,2.31917719284235,1779853275.4992378
1.6525146814708498,2.3187415615293285,1779853275.5396588
1.6528646404754077,2.3182562295776137,1779853275.5995288
1.6531506553063717,2.3178454899770315,1779853275.6392066
1.6533445212244702,2.3175597050747268,1779853275.69988
1.6534956838147068,2.317339831209778,1779853275.739226
1.6536206552368038,2.317158244416648,1779853275.7991998
1.6537365943385642,2.316990676921002,1779853275.8391235
1.653780531620291,2.3169195193807117,1779853275.899122
1.653732325865728,2.3169810725714592,1779853275.9390545
1.6536916403329605,2.317043109778685,1779853275.9991877
1.6536907855819565,2.317049496421548,1779853276.0390627
1.6537031151397688,2.31703308452313,1779853276.0991938
1.6537377621731248,2.3169838050973794,1779853276.139072
1.6537977377580864,2.316895914300302,1779853276.1991167
1.6539199029621638,2.316715924854457,1779853276.2390604
1.654116358391027,2.3164212910148976,1779853276.299068
1.654336020647498,2.3160836358347856,1779853276.3390486
1.6561797100649296,2.3181002574581586,1779853276.399124
1.656330779274283,2.3178074679844305,1779853276.43904
1.6564902748437629,2.3175025890658048,1779853276.4990742
1.6566538362219843,2.3171882827110895,1779853276.539164
1.6568177437090956,2.3168690074810954,1779853276.5991712
1.6569961173396504,2.3165212904776205,1779853276.639072
1.6571932140370786,2.3161332306439353,1779853276.699213
1.6573790907432502,2.3157563799297316,1779853276.7390728
1.6575450274401327,2.3154141722684556,1779853276.799261
1.6577050189995275,2.315083524793809,1779853276.8391297
1.6578419443440642,2.3147937991486875,1779853276.8992844
1.6579514390820607,2.314557907005448,1779853276.9394426
1.6581062165968288,2.314238592509705,1779853276.9991705
1.6583252255432195,2.3137809377055802,1779853277.0391586
1.6585612740086748,2.313269991728559,1779853277.099323
1.6588062259074796,2.3127311484976874,1779853277.139281
1.6590571666887695,2.3121718438952987,1779853277.1993203
1.6593169040807534,2.3115867049793524,1779853277.2391229
1.659586027458256,2.3109731877815562,1779853277.299336
1.6598571725120226,2.3103456242580904,1779853277.3392446
1.660447374959029,2.310675083179228,1779853277.3997188
1.66061641723376,2.310148692409614,1779853277.4390929
1.660700024021788,2.309801985740714,1779853277.4992359
1.660646590086404,2.309877034888345,1779853277.5391705
1.6605669894734503,2.3101165640485752,1779853277.5991998
1.6604472898364098,2.3104966874175643,1779853277.6390688
1.6602891060516491,2.311017884848048,1779853277.699328
1.6601898392917003,2.3114085662062993,1779853277.739223
1.6601670409065237,2.31155000087789,1779853277.7994487
1.660160317424657,2.311594960450207,1779853277.8390841
1.6601585877849727,2.3116093498986765,1779853277.8992267
1.6601583447511647,2.311614193683834,1779853277.9393895
1.6601430441210847,2.3116658704288997,1779853277.9993343
1.6601099326654605,2.3117871075673135,1779853278.0391204
1.66007363953627,2.3119348431589017,1779853278.0993483
1.6600196704720398,2.3121509672094986,1779853278.139318
1.6599461323773395,2.312454995533914,1779853278.199275
1.6598725452330079,2.3127825049104938,1779853278.2391083
1.659802713894629,2.313106143189332,1779853278.2993255
1.6597350432969264,2.3134274241798245,1779853278.3391829
1.65975840879382,2.3142233470677853,1779853278.3994005
1.6597385012369195,2.314411718664622,1779853278.4390833
1.6597387786568532,2.3145368220178835,1779853278.499213
1.6597663276830386,2.314435588821004,1779853278.5390756
1.6597896308897009,2.314247662476739,1779853278.5995116
1.6598006648075796,2.314092622664301,1779853278.639119
1.659801812263017,2.314015269810788,1779853278.6991663
1.6598127574258779,2.31390690818762,1779853278.7393968
1.6598308091657812,2.3137214923640865,1779853278.7993736
1.659846213970471,2.3135062674279023,1779853278.8391397
1.659857271147416,2.3133018664387195,1779853278.8992612
1.6598650031658682,2.313123045737495,1779853278.9392512
1.6598570661779095,2.3130997676111615,1779853278.999298
1.6598390779266086,2.3132825823319245,1779853279.039153
1.659827727386762,2.3135425455256353,1779853279.099294
1.6598074385602393,2.3139826430250556,1779853279.139151
1.6597844244823483,2.314647195901669,1779853279.1992211
1.6597769931573878,2.315333499979215,1779853279.239112
1.6597777830458695,2.3159594752505366,1779853279.2991898
1.6597803772321875,2.316559914534214,1779853279.339094
1.6598528819870284,2.316843479884157,1779853279.3591368
1.6598820655735878,2.3170454564469676,1779853279.3991926
1.6599262730358975,2.31743035617972,1779853279.4390833
1.6599597901606904,2.3176199506736026,1779853279.4993021
1.659971467191314,2.3175803990982793,1779853279.53918
1.6599611729370594,2.317456021516212,1779853279.5992541
1.6599455460490788,2.317356285642874,1779853279.6391644
1.6599353992805137,2.3173201560371575,1779853279.699186
1.6599323166731543,2.317318967062795,1779853279.7391858
1.6599332961343591,2.317339822830554,1779853279.7992609
1.6599366592755345,2.3173683891720653,1779853279.8391695
1.659932122830548,2.3173065615481874,1779853279.8991416
1.6599070474424142,2.3171162486665398,1779853279.939129
1.659884220098309,2.317034086608543,1779853279.9991693
1.6598936528849284,2.317151919163806,1779853280.039045
1.6599269888675787,2.317343153916205,1779853280.0993664
1.6599561826164517,2.3174650149670795,1779853280.1392307
1.6599630422320457,2.3174650778805836,1779853280.199363
1.6599453809321072,2.3173593172497786,1779853280.2390838
1.6599038627267093,2.317154894344189,1779853280.2992182
1.6598484249516892,2.3169151682157962,1779853280.3391984
1.6597587298622911,2.316588926369017,1779853280.3791833
1.659715672649791,2.316436300326096,1779853280.3991575
1.659603047292229,2.3160662556159313,1779853280.4391828
1.6593939306227208,2.3153377737473706,1779853280.4991324
1.6590287811548325,2.314153654066454,1779853280.5390818
1.6585678162093809,2.3128063924945224,1779853280.599032
1.6580950702396884,2.3115084500907854,1779853280.6392105
1.6576511116499895,2.310335091897392,1779853280.6991923
1.6572239948137637,2.3092202350308533,1779853280.739149
1.6568003598666168,2.308137660171583,1779853280.7990794
1.6563726066257092,2.3070683153177622,1779853280.8390744
1.6559608744896503,2.306076303034623,1779853280.8991823
1.6555781548353306,2.305180396827258,1779853280.9391048
1.6552347027730763,2.3043992520349756,1779853280.9991312
1.6549373822964173,2.303741247013556,1779853281.0390947
1.6546578338897409,2.3031245311146535,1779853281.099162
1.6543808259981865,2.3025235731606064,1779853281.1392283
1.6540973750921129,2.30192005274676,1779853281.199195
1.6538707644090553,2.301471892583959,1779853281.2391021
1.65374369071434,2.301242655479187,1779853281.2991695
1.6536646872521334,2.3010912149184186,1779853281.3391478
1.6528706653224472,2.301070027141773,1779853281.379113
1.6528486954295376,2.3010302725827927,1779853281.399224
1.6528243556847533,2.3010004410126075,1779853281.4390788
1.6528665358053543,2.301083661474859,1779853281.499351
1.6529512462579175,2.3012231663217095,1779853281.5392094
1.6530625688265488,2.301398851930209,1779853281.5991817
1.653185685976225,2.301585571599772,1779853281.6392133
1.6533691746838437,2.3018742601788467,1779853281.6991982
1.6536436865023467,2.3022957878702273,1779853281.739217
1.6539625873112769,2.3027595776894487,1779853281.79924
1.654299472033472,2.3032357826505545,1779853281.8391175
1.6546438489635809,2.3037120103814237,1779853281.8992164
1.6543897761006119,2.3032306674923992,1779853281.9394073
1.653198493319205,2.3014713120844656,1779853281.9994075
1.6523884857684228,2.300530155346191,1779853282.0392468
1.6526827594912126,2.301105360180343,1779853282.0991855
1.6534931208843826,2.3021802451388367,1779853282.1391296
1.6539116720589808,2.302606659583332,1779853282.1992218
1.653528232871959,2.3020141933033833,1779853282.2391915
1.6530650541549738,2.3014761576403644,1779853282.2994306
1.6529140174071872,2.301352084119987,1779853282.339167
1.6529930570350284,2.301258986358848,1779853282.3791378
1.6530855241888749,2.3013799298295736,1779853282.3992217
1.6532867155256639,2.301636132557517,1779853282.4391022
1.6537287783324333,2.302164263715082,1779853282.4993608
1.6540678900848589,2.302519618716851,1779853282.5391374
1.6541328543036753,2.302555014785744,1779853282.5991826
1.6540764268485846,2.3024839081532114,1779853282.6390884
1.6540008896871967,2.3024041129342234,1779853282.6992033
1.6539425445307991,2.3023465559482093,1779853282.7393289
1.653892347811007,2.3022966304487498,1779853282.799196
1.6538445952061165,2.3022495259830356,1779853282.839107
1.6537971402836185,2.3022034115888688,1779853282.8993075
1.6537639123146692,2.3021733427894113,1779853282.9391541
1.653751402459518,2.3021637092624965,1779853282.9992638
1.65374755950269,2.3021607006513993,1779853283.0391767
1.653746431150634,2.3021597300397514,1779853283.0992122
1.6537461595530265,2.3021593978886865,1779853283.1391726
1.6537461513502336,2.3021592645431337,1779853283.199408
1.6537462201166104,2.3021591943886848,1779853283.239156
1.653746306897094,2.3021591449826966,1779853283.2992334
1.6543472092719698,2.3023260742505514,1779853283.3391094
1.6543472343780625,2.302326097742076,1779853283.3993754
1.6543472712001235,2.3023261092309317,1779853283.4390817
1.6543473095348733,2.302326114278795,1779853283.4992747
1.6543473468821568,2.302326115500291,1779853283.539131
1.6543473832123525,2.3023261146756555,1779853283.5992308
1.6543474178744284,2.302326112077859,1779853283.6391637
1.6543474501232893,2.3023261076003223,1779853283.6992166
1.6543474812796906,2.302326102684027,1779853283.7391498
1.6543475096457467,2.3023260962077905,1779853283.7993908
1.654347537371238,2.3023260900715457,1779853283.839065
1.6543475627709623,2.3023260830803713,1779853283.8993237
1.654347586495631,2.3023260758537005,1779853283.9391232
1.6543476084564557,2.302326068393519,1779853283.999221
1.6543476291604042,2.3023260611103136,1779853284.0391548
1.6543476490166937,2.30232605429784,1779853284.0992289
1.6543476665410306,2.3023260469247333,1779853284.139274
1.654347683576766,2.3023260402700556,1779853284.1992946
1.6543476990157406,2.302326033548905,1779853284.2391968
1.6543477131610465,2.302326026957592,1779853284.2992578
1.6548221311534965,2.3025707189639997,1779853284.3391368
1.654822099632298,2.302570705607498,1779853284.3993077
1.6548220974729082,2.3025707102869593,1779853284.4391067
1.6548220998391745,2.302570715508621,1779853284.499199
1.6548221034416641,2.3025707200130094,1779853284.5391383
1.654822107507239,2.302570723764101,1779853284.5992308
1.6548221116779869,2.302570726770545,1779853284.6391125
1.6548221156159204,2.3025707289546786,1779853284.6991906
1.6548221197134094,2.30257073079513,1779853284.7392664
1.6548221234999396,2.302570732026215,1779853284.7993712
1.65482212714591,2.3025707328864513,1779853284.8391309
1.6548221305550623,2.302570733380198,1779853284.8992627
1.6530595019226286,2.3011416922363295,1779853284.9391878
1.6488137130900704,2.297788726293034,1779853284.9991932
1.6423359442718994,2.2927785834573577,1779853285.0390804
1.6337391312327667,2.2862337378382986,1779853285.0992208
1.624307023139726,2.279194506959585,1779853285.1391118
1.6135981631630743,2.27128469207352,1779853285.199267
1.6014077376418336,2.262393001919646,1779853285.2391331
1.5871314860485741,2.2520983837421578,1779853285.2992315
1.5705347717956117,2.240287518916839,1779853285.3391376
1.5738258344552123,2.2273588136938116,1779853285.3594594
1.5620615386779888,2.216439101690994,1779853285.3992095
1.5459080913576848,2.2015425871744188,1779853285.439074
1.5293352627321615,2.186390004929929,1779853285.499163
1.5122877714150942,2.1709365412149078,1779853285.5390654
1.494831805154342,2.1552453921439043,1779853285.5991695
1.4771440712723392,2.1394700785064558,1779853285.6390672
1.459252027701369,2.1236461898186274,1779853285.6992307
1.4411817527457642,2.107797908905956,1779853285.7391448
1.4229063930440198,2.0919031954101657,1779853285.799184
1.4044169207679336,2.0759551042511526,1779853285.8391159
1.3857516386188546,2.059987271866552,1779853285.89919
1.3671087553083674,2.044170290063657,1779853285.9391422
1.3484081726565258,2.028435099702271,1779853285.999244
1.3296032363495534,2.0127423476647435,1779853286.0391665
1.3107872373711176,1.9971697709034837,1779853286.099284
1.2918397919943794,1.9816173859315704,1779853286.139106
1.2728728307345045,1.9661772751452316,1779853286.1992238
1.2537689094397804,1.9507535446383595,1779853286.2391558
1.234765967070642,1.9355403758550398,1779853286.2991936
1.2159079453362933,1.9205687125025857,1779853286.3391242
1.242851163247266,1.8743487131777312,1779853286.359196
1.2322429844839184,1.8638621626102647,1779853286.3991983
1.2151262630527886,1.8470290985531153,1779853286.4391065
1.1979369577025165,1.8302093016688121,1779853286.4991572
1.1806371478087525,1.8133687235941005,1779853286.5391197
1.16309455108097,1.7963735360481559,1779853286.59921
1.1455006145256117,1.7794045216893273,1779853286.6391168
1.127836524019774,1.76244778154273,1779853286.6995814
1.1101248066660585,1.745525455794559,1779853286.7391026
1.0922559629608721,1.7285352166889885,1779853286.7992792
1.0742272751757282,1.711473830772006,1779853286.8391068
1.0560790830368056,1.694378345382857,1779853286.8994498
1.0379216915547747,1.6773549084709711,1779853286.9392343
1.0196184003289133,1.6602751800998479,1779853286.999266
1.001336387729845,1.6432946320043358,1779853287.0395155
0.9831502028178843,1.626482647101482,1779853287.099168
0.9649373921443218,1.6097256297004399,1779853287.1390865
0.946739498974991,1.5930611441903517,1779853287.199226
0.928531441086275,1.5764657369155215,1779853287.239158
0.9103553711125022,1.559977508367016,1779853287.299258
0.9389720097112483,1.5098987569344016,1779853287.319132
0.93052554905046,1.5009692484889958,1779853287.3390863
0.9137333669208111,1.4832622454599158,1779853287.3991776
0.8970222894229097,1.4656790693724007,1779853287.4390996
0.8804307085357316,1.4482622182039004,1779853287.4992278
0.863829494002931,1.4308792351936424,1779853287.5391548
0.8472003798500142,1.4135082513573987,1779853287.599225
0.8306186299062961,1.3962273041302058,1779853287.6392038
0.8139561323663188,1.3789024869949391,1779853287.6994154
0.7972799915984,1.3616034789814035,1779853287.7391794
0.7805914609741446,1.3443321857678128,1779853287.799189
0.7637666986136097,1.3269598509572087,1779853287.8391132
0.7469331422591657,1.3096175662149894,1779853287.899381
0.7300875449068301,1.2923022819731675,1779853287.939106
0.7132350605771514,1.275019659462145,1779853287.9992049
0.6963727124910128,1.2577672588416007,1779853288.0390446
0.6794170573725787,1.2404592582654133,1779853288.0991955
0.6624446558363729,1.22317367947872,1779853288.1390712
0.6458481623640705,1.2063067148058584,1779853288.1991618
0.629873658302585,1.1901093062898707,1779853288.239089
0.6140855170008973,1.1741401057558307,1779853288.2992089
0.6322624086477839,1.1350915222528613,1779853288.3190305
0.6265257398198167,1.1287349721293927,1779853288.33908
0.6115175525768334,1.11210133281786,1779853288.3991694
0.5960732098687035,1.0950173033055566,1779853288.439143
0.5800832783467602,1.0773449537406916,1779853288.4992943
0.5639377000896953,1.0594958461193746,1779853288.5391455
0.547790275309385,1.0416550785573109,1779853288.599269
0.5317048980625696,1.023899341001456,1779853288.6390915
0.5155379482545042,1.006070230644978,1779853288.6994693
0.49932584720918943,0.9882070035219385,1779853288.7391453
0.4831321146240781,0.9703782953741555,1779853288.7993116
0.46689179901945355,0.95251346620546,1779853288.8392522
0.450708724358533,0.9347272377641874,1779853288.8993144
0.43451963025977036,0.9169493477728622,1779853288.9391181
0.41832712507807773,0.8991830249685018,1779853288.9991612
0.4021733946777257,0.8814751566450969,1779853289.0391002
0.38600941720654913,0.8637714453248537,1779853289.0992327
0.36980867703108516,0.8460425978722312,1779853289.1391513
0.35356398000443084,0.8282810428092446,1779853289.1991909
0.33731312780616435,0.8105280764844488,1779853289.239124
0.32105553303598333,0.7927828310835556,1779853289.2991333
0.3297802005584876,0.7589196991370644,1779853289.3189752
0.32595339974660675,0.7544652991940556,1779853289.3390868
0.31026733055987554,0.7362126740086485,1779853289.3991632
0.2945560485066173,0.7179305703573,1779853289.4390857
0.2788005124576197,0.6995949273893434,1779853289.4993227
0.2630248915079436,0.6812315908535644,1779853289.5392551
0.24725053252989798,0.6628669695229203,1779853289.5992434
0.23152511891853905,0.6445573667043812,1779853289.6392002
0.21575818320047904,0.6261970985510482,1779853289.6993167
0.20003243425373352,0.6078825456244643,1779853289.7391748
0.18422551327723713,0.5894726288298228,1779853289.7992806
0.1683215836385168,0.5709476714083812,1779853289.8391254
0.152432693231095,0.5524367732467327,1779853289.8992364
0.13645092456071872,0.5338159472559472,1779853289.9392056
0.12041448428952381,0.5151291685883611,1779853289.9992208
0.10430706665613021,0.4963570914771382,1779853290.03917
0.08809882438826147,0.47746504193918826,1779853290.0992148
0.07192686254178055,0.4586123732628813,1779853290.1391754
0.05576335009112996,0.43976656348898,1779853290.1991875
0.03964339418843454,0.42096911873842285,1779853290.2391126
0.035787640882943464,0.39502913112031784,1779853290.2794397
0.03395921476365612,0.3928267867771547,1779853290.2994676
0.018275465744374463,0.3739592571442849,1779853290.3394876
0.0025689423537658736,0.3550544920713355,1779853290.3993874
-0.013134317816873386,0.3361437316917106,1779853290.4392474
-0.02885840809106087,0.31719691370935116,1779853290.4993277
-0.0446220143786079,0.2981904154519795,1779853290.5390835
-0.06038664909427322,0.27917120133287765,1779853290.599155
-0.07614932686318174,0.26014304090971574,1779853290.6390572
-0.0919463120220866,0.24106261885736333,1779853290.6991725
-0.10774684483379206,0.22196668803578853,1779853290.7390647
-0.12356213009865002,0.20284071669569292,1779853290.7991657
-0.13929964422287228,0.1837973169629291,1779853290.8390121
-0.1550086165237516,0.16477765051677126,1779853290.8992808
-0.1707329526198498,0.1457281669719515,1779853290.9391394
-0.1863865497306408,0.1267531601431048,1779853290.9992347
-0.2020169610747864,0.10779454862079467,1779853291.0395532
-0.2175485527330391,0.08894454929512863,1779853291.099162
-0.23308434968186356,0.07007886678823197,1779853291.1391175
-0.2483650407998564,0.05151022637541855,1779853291.1991878
-0.26340306812589964,0.03322531207767774,1779853291.2391021
-0.2778204663695288,0.014260624374183618,1779853291.2994666
-0.2920671481287123,-0.003117348021377124,1779853291.3390954
-0.306557433164175,-0.02080179219248843,1779853291.3991616
-0.3211568131628253,-0.03862911321095231,1779853291.4390874
-0.33588150685030405,-0.05662045797619848,1779853291.4992325
-0.3500450444968171,-0.07394289619847826,1779853291.5390747
-0.36337337024379746,-0.09025555682567307,1779853291.5992186
-0.3764327488243978,-0.1062443983963486,1779853291.63911
-0.3875823898760553,-0.11991578999280872,1779853291.699191
-0.39626001913302716,-0.13056788414551979,1779853291.739131
-0.40254360970643427,-0.13828781804671275,1779853291.7994437
-0.40646083433972285,-0.1431067206119386,1779853291.8391469
-0.4095365837017182,-0.14688389728569257,1779853291.8994489
-0.411696800155355,-0.14953954362189287,1779853291.9391267
-0.41287363822144496,-0.15098791974220083,1779853291.9991896
-0.41348852881815473,-0.15174301231144893,1779853292.039149
-0.41370050054748925,-0.15200185039716496,1779853292.0992746
-0.41377299576031257,-0.1520876919392982,1779853292.139074
-0.41379657024364913,-0.1521131873432962,1779853292.1994162
-0.41379727163248337,-0.15211068305316677,1779853292.2390745
-0.4139432249757698,-0.15188116450953001,1779853292.2992275
-0.41402502360904797,-0.15197954423666918,1779853292.339115
-0.4140262171540839,-0.15197863069139614,1779853292.3992202
-0.41401939653649905,-0.1519680106292452,1779853292.4392612
-0.4140101368531456,-0.15195455331055385,1779853292.4992266
-0.4140007515812877,-0.1519411032573726,1779853292.5391102
-0.4139923727530359,-0.15192905018723457,1779853292.599239
-0.41398493010539844,-0.15191829406965499,1779853292.639096
-0.41397842421685477,-0.1519088244467494,1779853292.6992245
-0.4139719150801329,-0.15189945982023184,1779853292.7392082
-0.4139667517472918,-0.15189187176608032,1779853292.7991474
-0.4139615349325091,-0.1518843083195673,1779853292.839166
-0.41395701611948676,-0.15187769842859633,1779853292.8991203
-0.4139528864302681,-0.1518716504145708,1779853292.9392252
-0.4139493891087943,-0.15186646213311958,1779853292.9994714
-0.4139459151619497,-0.15186136689199534,1779853293.0391135
-0.41394302604925226,-0.15185706137233698,1779853293.0991611
-0.41394006596130595,-0.15185272053101492,1779853293.1391172
-0.41393759236705363,-0.1518490376882133,1779853293.1992128
-0.4139353557588883,-0.1518456970306833,1779853293.2391605
-0.4146343857702322,-0.1512602112745314,1779853293.2992249
-0.41466416388416966,-0.15129726979620392,1779853293.3391206
-0.414665180066042,-0.1512984811276796,1779853293.3991215
-0.4146633899035352,-0.15129615598598253,1779853293.4391787
-0.4146611070870894,-0.15129320066804813,1779853293.4991484
-0.4149592085972211,-0.15166330809173106,1779853293.5391185
-0.4156757831671872,-0.15255415028382516,1779853293.5991068
-0.41654848505632974,-0.1536403980157009,1779853293.6390982
-0.41703006760796624,-0.15424117102203114,1779853293.699158
-0.41691830346960745,-0.15410313362827616,1779853293.7390893
-0.4165474675161252,-0.15364108629856804,1779853293.7992003
-0.4160528449765605,-0.15302407478888508,1779853293.8390927
-0.41551687266508036,-0.15235493293610475,1779853293.8991733
-0.4153167587845719,-0.1521038712861703,1779853293.939081
-0.4155934331441213,-0.15244815276833304,1779853293.9993503
-0.41578278397402607,-0.1526851938967045,1779853294.0390902
-0.41566371971484833,-0.15253711805981993,1779853294.0994492
-0.4154291239261061,-0.15224370699727172,1779853294.1394234
-0.41517905307621683,-0.15193049514679285,1779853294.199186
-0.41494401174599915,-0.15163587172793114,1779853294.2390592
-0.4156030390684626,-0.15109066316520778,1779853294.259122
-0.4154875663618428,-0.15095105144009835,1779853294.2992423
-0.41525802343333706,-0.15067207147103512,1779853294.339138
-0.41502838302250106,-0.15039279142186457,1779853294.399322
-0.4148053655177609,-0.15012154861511745,1779853294.4390812
-0.4145916616561379,-0.1498615874143923,1779853294.499451
-0.4143817490959756,-0.14960612337962187,1779853294.53907
-0.41417268246702554,-0.14935162400186194,1779853294.5994785
-0.41396406224103605,-0.1490976209299717,1779853294.6390839
-0.41382185288148243,-0.14892492466484458,1779853294.6997368
-0.4137716195028539,-0.14886431733804695,1779853294.7391658
-0.4138218545489684,-0.1489260645311076,1779853294.7992008
-0.4139750795993451,-0.14911323760579973,1779853294.8392434
-0.4141661854857031,-0.14934620653172467,1779853294.8994873
-0.4143685219908885,-0.1495927760925251,1779853294.9393468
-0.4145750770806141,-0.1498444803911036,1779853294.9994547
-0.41478251327396465,-0.15009727398308123,1779853295.0392797
-0.41499025805053386,-0.15035046447562783,1779853295.0993655
-0.4151974841424451,-0.15060304436639124,1779853295.1393454
-0.4154057234668833,-0.15085688052012006,1779853295.1992264
-0.41556709568245126,-0.15105348677746666,1779853295.2391114
-0.41505533438816616,-0.15185007754693758,1779853295.2591336
-0.4150524579856161,-0.15184497029903563,1779853295.2991924
-0.41511195097561415,-0.15191522809962954,1779853295.3391392
-0.4151464477046056,-0.15195598541568847,1779853295.3993218
-0.4151716360059691,-0.15198591729000954,1779853295.4390557
-0.4151275209931147,-0.151932698380426,1779853295.4991975
-0.4149892525381957,-0.15176745209440926,1779853295.5390625
-0.41479499873555686,-0.15153625130500115,1779853295.5994005
-0.4145621209989161,-0.15125939577611344,1779853295.6393213
-0.4143148510976848,-0.15096576690820285,1779853295.6994405
-0.41415669423480206,-0.15077889119953164,1779853295.7391257
-0.41412801953414907,-0.15074591092195047,1779853295.7993875
-0.41418165169371446,-0.15081010036905335,1779853295.8391123
-0.4142972865731861,-0.15094764675544883,1779853295.8991826
-0.41443502552946215,-0.15111106379266218,1779853295.9391227
-0.4145665543479747,-0.15126689963712894,1779853295.9994812
-0.4146814923299364,-0.15140298924867876,1779853296.0391185
-0.41481008926607577,-0.15155541796536295,1779853296.0995255
-0.4149649823358517,-0.15173899776493627,1779853296.1393287
-0.41512971974324403,-0.15193408052202068,1779853296.1994462
-0.41530444779126185,-0.1521409391859309,1779853296.2390652
-0.41432002641509735,-0.15336991410233453,1779853296.2790408
-0.4143785043415921,-0.1534375738356986,1779853296.299186
-0.414590675092598,-0.15368319692382165,1779853296.3390958
-0.4148319462045191,-0.15396229448675197,1779853296.399316
-0.4150842795820433,-0.15425365981154382,1779853296.4390938
-0.4153673307260116,-0.15458058021688184,1779853296.4991634
-0.4156901310291992,-0.1549531799214759,1779853296.5391223
-0.4160467725594811,-0.15536445433172563,1779853296.599217
-0.41643753558176094,-0.1558147224241627,1779853296.6393318
-0.41684078144903985,-0.15627880884932804,1779853296.6993995
-0.41724717772157743,-0.15674616150986914,1779853296.7390935
-0.4176559519399523,-0.15721594110932807,1779853296.7991445
-0.41805019298787055,-0.15766860021275791,1779853296.8391182
-0.41842619648638635,-0.15810001674628962,1779853296.8991983
-0.4187958891038408,-0.15852405067749298,1779853296.939196
-0.4191623631547673,-0.15894416628519714,1779853296.9995813
-0.4195293419173799,-0.1593646071909188,1779853297.0393407
-0.4199021996868611,-0.15979157074492345,1779853297.0994284
-0.42028446850989154,-0.16022904466658552,1779853297.1391752
-0.4206714557018568,-0.16067158473239196,1779853297.199151
-0.41983430119688825,-0.16201772244849885,1779853297.2391315
-0.4199746688924588,-0.16217180634457226,1779853297.2991772
-0.4200643158780306,-0.16227136752875254,1779853297.339307
-0.4201371949137292,-0.1623526873347608,1779853297.3995376
-0.4202046119293072,-0.1624279782856078,1779853297.4392488
-0.4202220419459673,-0.16244686354020807,1779853297.4992769
-0.42017103463859873,-0.16238947266949277,1779853297.5392282
-0.4201499317816197,-0.16236675843687828,1779853297.5993657
-0.42019858205148686,-0.162421812503377,1779853297.6391687
-0.42027388065018856,-0.16250569187773692,1779853297.699547
-0.4202947126640075,-0.16252820076039623,1779853297.7392533
-0.42023065591858405,-0.16245651714119974,1779853297.7992496
-0.42010687622261034,-0.16231924458079078,1779853297.8390982
-0.41993388321926045,-0.1621278736439256,1779853297.8992171
-0.41974343006216636,-0.16191776133005856,1779853297.9391456
-0.4195618187955642,-0.1617178285434555,1779853297.9992576
-0.41939764276472097,-0.1615373358859984,1779853298.0391614
-0.4193101694576474,-0.16144193459556327,1779853298.0991561
-0.41932285173980366,-0.16145681077845978,1779853298.1393921
-0.41937217866722,-0.1615112510351403,1779853298.1991608
-0.4175731717957157,-0.16305955568147448,1779853298.2390664
-0.41739913573335063,-0.16287167118394458,1779853298.2993882
-0.4172381995177351,-0.16270280928174918,1779853298.3390872
-0.4171516270989264,-0.16261356184212616,1779853298.399112
-0.4170933153477989,-0.16255282253494918,1779853298.4390852
-0.41690058207799285,-0.16234747914403036,1779853298.4991806
-0.41651057988507323,-0.16193480068471935,1779853298.5390987
-0.416218091299235,-0.16163112413112582,1779853298.5992289
-0.41614411390441114,-0.16155791395188895,1779853298.6391351
-0.4161518586452222,-0.1615671488252818,1779853298.699146
-0.4161855810360911,-0.16160255800091045,1779853298.739145
-0.4162274562588722,-0.1616461407707549,1779853298.7993953
-0.4163658599888364,-0.16179144007488516,1779853298.8391354
-0.4166365104711592,-0.16207408026296985,1779853298.8991392
-0.4169556731246249,-0.1624051155799995,1779853298.9390802
-0.41725397508862594,-0.16271311821144832,1779853298.9994936
-0.41750694146932926,-0.16297359781013904,1779853299.0391674
-0.41769926146416597,-0.1631710164629211,1779853299.0991688
-0.41782579161732364,-0.1633004036228555,1779853299.1392853
-0.41792810379911255,-0.1634053302344812,1779853299.1991804
-0.4145403180286334,-0.1664549924142203,1779853299.239099
-0.4144505488761495,-0.16636424406551661,1779853299.299163
-0.4144618579458951,-0.1663808111117627,1779853299.3391154
-0.41464959166277193,-0.16656430522259236,1779853299.399164
-0.4149056352501116,-0.16680501310519938,1779853299.439114
-0.41522188290426815,-0.16710088120723565,1779853299.4991589
-0.4155976021128687,-0.167450904581492,1779853299.5390854
-0.4160422381812387,-0.1678638015811526,1779853299.5991397
-0.4165582229646564,-0.1683412486683,1779853299.6390712
-0.41710124362236184,-0.16884057077777476,1779853299.6992645
-0.41750154250806704,-0.16920235110991563,1779853299.7390945
-0.4176897317529182,-0.16936812075522137,1779853299.799149
-0.4178674539925829,-0.16953050023390817,1779853299.8393486
-0.4181167794662019,-0.16975930175747425,1779853299.8992245
-0.4183947853248639,-0.1700119380135858,1779853299.9391437
-0.41875121126560544,-0.17033610306747476,1779853299.9992354
-0.4192080649060434,-0.1707501307923551,1779853300.0391858
-0.4197269077706122,-0.17121751085313947,1779853300.099194
-0.4202884814592696,-0.17172147539899893,1779853300.139394
-0.4208683206793546,-0.17223966500744223,1779853300.19916
-0.4213286225867024,-0.17264689593911775,1779853300.2391121
-0.41790705788185917,-0.1757227291153709,1779853300.2591393
-0.4180938904734069,-0.1758508619459484,1779853300.2991333
-0.4184884174033172,-0.17616374934490953,1779853300.3390331
-0.41907638415266896,-0.17662801558419158,1779853300.399081
-0.41974417819628895,-0.17714182048037025,1779853300.4391036
-0.4205015295637444,-0.17772236824063692,1779853300.4993598
-0.42136074747456626,-0.17837722147883858,1779853300.5390532
-0.4221363040826708,-0.1789559013181104,1779853300.599171
-0.4227525168532085,-0.1794099829367705,1779853300.6390374
-0.423307198085669,-0.17982158108142013,1779853300.6991549
-0.4236603196501234,-0.18007512801736283,1779853300.7390735
-0.42375197964537215,-0.18013312199548276,1779853300.7991762
-0.4236937989983283,-0.18008644254134504,1779853300.8394127
-0.4235337983461243,-0.17996736282882858,1779853300.899157
-0.42333721957372195,-0.17982478123240322,1779853300.9390812
-0.42317037893423637,-0.1797066212941656,1779853300.9992054
-0.4230584090278107,-0.179629004278734,1779853301.039177
-0.42296805054398706,-0.17956575327583849,1779853301.099383
-0.4228839464049196,-0.17950676714474792,1779853301.1395297
-0.4201516006280331,-0.18148805422165146,1779853301.1991353
-0.419923725471571,-0.18133810546461548,1779853301.2392008
-0.4194510516582264,-0.1810447754428698,1779853301.2991595
-0.4183192792531848,-0.18038265672006032,1779853301.3993506
-0.41770569842725586,-0.18003197498691997,1779853301.43915
-0.41724726205179746,-0.17978251901587786,1779853301.499218
-0.4169972739922532,-0.17965471043416614,1779853301.539104
-0.416838982401709,-0.17957122098348308,1779853301.5992045
-0.4167292617107521,-0.1795128579239532,1779853301.6390827
-0.4166356787752947,-0.179462057873842,1779853301.6992226
-0.4164072786026321,-0.17933066362703165,1779853301.7391021
-0.4159874876553471,-0.17909518533753999,1779853301.799374
-0.4156954328001572,-0.17894583073611153,1779853301.8391116
-0.41565143439556373,-0.17893354420776317,1779853301.899291
-0.4156971158243438,-0.17896052592324516,1779853301.939043
-0.4155839526020467,-0.17889394649020757,1779853301.9992232
-0.415221567518559,-0.17869642768367666,1779853302.0390756
-0.41488012760199394,-0.17852327084408065,1779853302.0991871
-0.4146649168134073,-0.17841908358811417,1779853302.1391547
-0.41449717129569646,-0.17833607087137662,1779853302.199218
-0.41250886924868263,-0.17998074208393672,1779853302.219213
-0.4125143126108267,-0.1799923240629092,1779853302.2390344
-0.41252474313416254,-0.18000409645634743,1779853302.2991889
-0.41247285194690736,-0.17997778318119495,1779853302.3390849
-0.4122981891511756,-0.17990229058728208,1779853302.3991854
-0.4120748946967323,-0.17981624649552935,1779853302.4390817
-0.41185517739962824,-0.1797359955633006,1779853302.4992776
-0.4116574531544986,-0.1796657605305126,1779853302.539193
-0.41149737211239007,-0.17961077476034926,1779853302.5996523
-0.41138089786029436,-0.17957204999881307,1779853302.6391742
-0.41128070614665185,-0.17953780904418917,1779853302.6991782
-0.4110981444387421,-0.17947073661665675,1779853302.7390797
-0.4107925895085274,-0.17936228136520785,1779853302.7991664
-0.41053882641506445,-0.1792821635647252,1779853302.8390758
-0.4104071678533807,-0.17924544553943256,1779853302.8992074
-0.4103233260859453,-0.1792202436566833,1779853302.939136
-0.41028403470258573,-0.17920951398649032,1779853302.9992392
-0.4102908802336338,-0.1792131278489111,1779853303.0390556
-0.4103446130070931,-0.17923078339406162,1779853303.0991435
-0.41044554176680964,-0.17926206863727479,1779853303.1392498
-0.41056382468402103,-0.17929651010449288,1779853303.1991386
-0.40973937603058624,-0.1802035146065447,1779853303.219099
-0.40960261368130396,-0.1801575306549104,1779853303.2391639
-0.4093590322103735,-0.18009197841216087,1779853303.2992067
-0.4090415013738309,-0.18002691887747396,1779853303.3391597
-0.40869851017248626,-0.17996262228412785,1779853303.3992317
-0.40834708342543047,-0.17989990308583456,1779853303.4392025
-0.4078618981004475,-0.17980790978417283,1779853303.4994307
-0.40718981501528917,-0.17968598584047288,1779853303.5390365
-0.4064664113161351,-0.17956931709270307,1779853303.5992112
-0.4057478051258187,-0.17946046416865474,1779853303.6391015
-0.405031491108722,-0.1793558250607009,1779853303.699205
-0.40446062390549226,-0.17928386755291578,1779853303.7391458
-0.404090210151832,-0.17924420160320678,1779853303.79921
-0.40386769275285894,-0.1792220297566316,1779853303.8391201
-0.4037695532372078,-0.17921506738188273,1779853303.8992124
-0.403717064461651,-0.17920975713584428,1779853303.9391108
-0.4037406781568212,-0.17921496690063274,1779853303.9993014
-0.40385530910109874,-0.17922991750449493,1779853304.0390947
-0.40394176859804026,-0.179235525889836,1779853304.0992258
-0.4039518577222973,-0.1792320618510012,1779853304.1391025
-0.40355995395784805,-0.17995772445184688,1779853304.179049
-0.4035222034052953,-0.17995290221962573,1779853304.1991773
-0.4035256016197054,-0.17995388241846702,1779853304.2390635
-0.4035693645692975,-0.17995555258554305,1779853304.2991567
-0.4036800084186197,-0.17995756824169906,1779853304.3390536
-0.4038681547724888,-0.17995723575097927,1779853304.3991516
-0.40408564202382297,-0.1799508350159217,1779853304.4390523
-0.40436179973641206,-0.179943136884763,1779853304.4992516
-0.4047153573191132,-0.17993051775422916,1779853304.5390735
-0.4052200361277041,-0.17991208723001867,1779853304.5991964
-0.40590776843617543,-0.17987994814904051,1779853304.639078
-0.4066610678609459,-0.1798305123199199,1779853304.699235
-0.4074690032398044,-0.17977113929866895,1779853304.7391894
-0.4083248874815275,-0.17970180848383496,1779853304.799226
-0.409186333630835,-0.1796232684180397,1779853304.8391414
-0.4100403560388705,-0.1795385517021073,1779853304.8995047
-0.41089057723608746,-0.17944850239564844,1779853304.9391372
-0.4117265734101519,-0.17935345957079474,1779853304.999136
-0.41254651891481664,-0.17925418544122104,1779853305.039061
-0.4134040945730019,-0.1791470081615308,1779853305.0991392
-0.414316451796023,-0.17902693613711634,1779853305.1390073
-0.41511296466885844,-0.17838687463848657,1779853305.1790574
-0.4151755563791927,-0.1783709980761673,1779853305.199134
-0.4158894528402991,-0.17819053422899575,1779853305.2390952
-0.41632401065188623,-0.17806606589841326,1779853305.2991405
-0.4167492064881926,-0.17796570221263053,1779853305.3392928
-0.41726822937102875,-0.17784493741305749,1779853305.3991263
-0.4178232369515272,-0.17770441500794823,1779853305.43907
-0.4183764080414449,-0.17755682604040682,1779853305.4991977
-0.4189182160379388,-0.17740667150140188,1779853305.539084
-0.4193633532230585,-0.1772730497307284,1779853305.5991478
-0.4196813510224979,-0.17717146027339978,1779853305.6390805
-0.4199520564145926,-0.17708786808193117,1779853305.699155
-0.42012708786554503,-0.1770279767026556,1779853305.7395225
-0.420186204002169,-0.17700301804835897,1779853305.7993898
-0.4202347682602051,-0.17698867487921516,1779853305.8390727
-0.42031190179772726,-0.1769662219336988,1779853305.8991697
-0.4203995269466201,-0.17693772874022953,1779853305.9389915
-0.4204902585600364,-0.17690669032308526,1779853305.9991217
-0.4205818288019349,-0.17687421328647532,1779853306.03909
-0.4206633216221686,-0.17684386546951816,1779853306.0993667
-0.42073107640611096,-0.1768178027108875,1779853306.139409
-0.42084651659916383,-0.17594422592597894,1779853306.199195
-0.42093364239481973,-0.17590668583058844,1779853306.2394252
-0.42106138081879585,-0.17584801845619333,1779853306.299172
-0.4212495559130011,-0.1757584842867942,1779853306.3391237
-0.4215053336208993,-0.17563119076397454,1779853306.399219
-0.4217829874509544,-0.17548393891640135,1779853306.439348
-0.42212337640153125,-0.1753027862176779,1779853306.4992456
-0.4225404497853883,-0.1750751126056734,1779853306.5390885
-0.42300158927164905,-0.17481319745513677,1779853306.5991597
-0.4234936380956764,-0.17452608211941958,1779853306.6393557
-0.42399318178891865,-0.17422600519207487,1779853306.699435
-0.4244847087154536,-0.17392294227682156,1779853306.7390232
-0.4249618270170228,-0.17362216401351613,1779853306.79917
-0.4252299654141959,-0.17343096886141565,1779853306.8393645
-0.42522658482473674,-0.17340935927499065,1779853306.8993266
-0.42513233713289633,-0.1734667731943887,1779853306.939106
-0.42504644131967717,-0.1735287044225316,1779853306.9991856
-0.42500022296996603,-0.1735666822082687,1779853307.039118
-0.4248251688769139,-0.17368045324140477,1779853307.0993125
-0.4244657875725513,-0.17392573138340153,1779853307.1390908
-0.42400186711625065,-0.17367231040101921,1779853307.1992025
-0.42377599081088996,-0.173878313291934,1779853307.2398186
-0.4235566674614389,-0.17408413708746537,1779853307.2993789
-0.423327200038699,-0.17428493615714938,1779853307.3391283
-0.4230546308434517,-0.17452317601501363,1779853307.3992507
-0.42277064408133364,-0.17478110351532725,1779853307.4391272
-0.4234516868484452,-0.17428370069658206,1779853307.4992635
-0.4253944153628475,-0.17261336130128704,1779853307.5390613
-0.4266341071770043,-0.1713065213135389,1779853307.5992415
-0.42655012436408185,-0.17120250932826614,1779853307.63911
-0.42604963803039714,-0.1716528651145768,1779853307.6991014
-0.4259769796183541,-0.17179283964548747,1779853307.739255
-0.4265868438259735,-0.17125174137978508,1779853307.7992625
-0.42710566064267275,-0.17068167938692047,1779853307.8391306
-0.4272984311696796,-0.1704231237482028,1779853307.8991878
-0.42738882815404045,-0.1703086109274736,1779853307.9391668
-0.4271431734321742,-0.17054028278193162,1779853307.9993365
-0.4264963448548385,-0.17123504978447493,1779853308.039065
-0.4260286472318532,-0.1718224911733974,1779853308.0993237
-0.4259144048043876,-0.17201922819359852,1779853308.1391783
-0.42582531213413993,-0.17251865975128292,1779853308.159285
-0.42587634978231936,-0.17247037200834486,1779853308.1991465
-0.4258887695667638,-0.1724582722739631,1779853308.2391434
-0.42589268639314093,-0.17245297755431127,1779853308.2992125
-0.42589394101191214,-0.17245139631065956,1779853308.3391137
-0.4258943519180576,-0.1724510105025334,1779853308.39923
-0.4258945006377957,-0.17245099643706782,1779853308.4392114
-0.4258945707816421,-0.17245108839398451,1779853308.4992423
-0.4258946164985766,-0.1724512062675507,1779853308.5391657
-0.42589465543621574,-0.17245132368061536,1779853308.5992298
-0.4258946924640849,-0.17245143339212782,1779853308.639137
-0.42589472771039066,-0.17245153555663156,1779853308.6992805
-0.4258947614895995,-0.17245163019495136,1779853308.7392783
-0.42589479543372016,-0.17245171511007046,1779853308.799261
-0.4258948285189722,-0.17245179231679147,1779853308.8393507
-0.42589485986378317,-0.17245186379128324,1779853308.8991256
-0.4258948903848092,-0.17245192844975737,1779853308.9390569
-0.4258949202248068,-0.17245198639898965,1779853308.9993412
-0.42589494765667607,-0.17245204120494217,1779853309.039008
-0.42589497485754596,-0.17245208933687606,1779853309.0991902
-0.4258950000408143,-0.17245213448805263,1779853309.1390655
-0.42568506499455216,-0.17317366401943962,1779853309.159226
-0.4256852740591033,-0.17317334505231227,1779853309.1992545
-0.42568527601562856,-0.1731733357854624,1779853309.2390745
-0.4256852687749218,-0.1731733516997251,1779853309.2993507
-0.42568526126990724,-0.17317337312755188,1779853309.3396397
-0.4256852551311496,-0.1731733952735574,1779853309.399233
-0.42568525046366046,-0.17317341693960303,1779853309.4392326
-0.42568524796057056,-0.17317343645938985,1779853309.4991996
-0.4256852469398637,-0.17317345439009932,1779853309.5391905
-0.4256852465957815,-0.17317347166164157,1779853309.5992591
-0.42568524756970016,-0.17317348696962642,1779853309.6391625
-0.42568524899437415,-0.17317350148613495,1779853309.6991768
-0.4256852511554211,-0.17317351455491278,1779853309.7392154
-0.42568525348225933,-0.1731735270026538,1779853309.7991638
-0.4256852563765585,-0.17317353800996474,1779853309.8391297
-0.425685259256189,-0.17317354851970507,1779853309.8992205
-0.42568526244311267,-0.17317355788168157,1779853309.9391544
-0.42568526561496384,-0.17317356663912095,1779853309.9991667
-0.4256852688107044,-0.17317357469259606,1779853310.039156
-0.42568527193383227,-0.17317358221284326,1779853310.0992136
-0.4256852751365029,-0.1731735888797809,1779853310.139151
-0.42542320793089605,-0.1736425539326509,1779853310.179178
-0.4254232536003955,-0.17364247163304888,1779853310.19919
-0.4254232505277048,-0.17364246757153085,1779853310.2395039
