x,y,t
-3.525279805320563e-14,1.5868793339738186e-14,1779854562.486714
-3.5359468297673275e-14,1.5930493648402834e-14,1779854562.5469427
-3.546580201168232e-14,1.5991959062299568e-14,1779854562.5868995
-3.557236087045127e-14,1.6053514442728086e-14,1779854562.6469448
-3.567904639758012e-14,1.6115102705205466e-14,1779854562.686694
-3.578561573057476e-14,1.617658361612627e-14,1779854562.7467964
-3.589224922686694e-14,1.6238061308784866e-14,1779854562.7868297
-3.599866324667013e-14,1.6299372309685338e-14,1779854562.8468966
-3.6105436760032903e-14,1.6360850245249816e-14,1779854562.8871045
-3.623758835627206e-14,1.6450522562334927e-14,1779854562.947079
-3.6312612453125555e-14,1.6493955453060493e-14,1779854562.986915
-3.641930856825434e-14,1.655570008139893e-14,1779854563.0471723
-3.6525606976758087e-14,1.6617180845414513e-14,1779854563.0868282
-3.663212716677098e-14,1.6678756239595915e-14,1779854563.1467276
-3.673865789336489e-14,1.6740304021310186e-14,1779854563.1871357
-3.6845411010011656e-14,1.6801946525064066e-14,1779854563.247259
-3.695193740928117e-14,1.6863424367450153e-14,1779854563.2869759
-3.705853987291546e-14,1.6924912421256814e-14,1779854563.3470392
-3.716515031210971e-14,1.6986371376239026e-14,1779854563.3870735
-3.727154606589688e-14,1.7047672949070073e-14,1779854563.4467337
-3.737831272022313e-14,1.7109154566593798e-14,1779854563.4866924
-3.748494651412598e-14,1.7170525959464825e-14,1779854563.546739
-3.759138076157319e-14,1.7231748908350673e-14,1779854563.5868125
-3.769807719234417e-14,1.7293089065768413e-14,1779854563.646819
-3.780496519446298e-14,1.735450562458951e-14,1779854563.6867456
-3.7911488256716016e-14,1.74156788283043e-14,1779854563.7469513
-3.801833211269301e-14,1.7477002617455916e-14,1779854563.7869604
-3.812493099225656e-14,1.7538152153059736e-14,1779854563.8468456
-3.8231776441154464e-14,1.7599409496692374e-14,1779854563.8868828
-3.8267521375192863e-14,1.7636364129775766e-14,1779854563.9071405
-3.8331467898451924e-14,1.7673308684904092e-14,1779854563.946825
-3.8437861792985605e-14,1.773476141372609e-14,1779854563.9868128
-3.854448578493777e-14,1.7796321322618592e-14,1779854564.0470204
-3.8651107724105574e-14,1.7857854275906472e-14,1779854564.0868468
-3.875774335651703e-14,1.7919369366605364e-14,1779854564.146783
-3.8864311361656265e-14,1.7980819701004384e-14,1779854564.1867726
-3.897073241818918e-14,1.8042159616217605e-14,1779854564.2467744
-3.907733943741405e-14,1.8103581032726026e-14,1779854564.2867365
-3.9183954023774593e-14,1.8164981084827214e-14,1779854564.3468058
-3.929070633546146e-14,1.8226434702669496e-14,1779854564.3867283
-3.9397232321511137e-14,1.8287732310920115e-14,1779854564.4467254
-3.950400536840248e-14,1.8349146365217978e-14,1779854564.486852
-3.9610578989021894e-14,1.8410419990741465e-14,1779854564.5468543
-3.9717252715088504e-14,1.847172548087881e-14,1779854564.5867708
-3.9823853608344124e-14,1.853296342519004e-14,1779854564.646799
-3.993076270505434e-14,1.8594352682656797e-14,1779854564.6867604
-4.0037305908934646e-14,1.865550612200025e-14,1779854564.746805
-4.014402250337777e-14,1.8716733422573664e-14,1779854564.786681
-4.025082398252502e-14,1.877798370936928e-14,1779854564.8466854
-4.035749201434831e-14,1.8839131768984602e-14,1779854564.886675
-4.040797553442818e-14,1.8884636419370734e-14,1779854564.9269826
-4.0457183782019955e-14,1.8913068194910747e-14,1779854564.9467075
-4.056384024994048e-14,1.897468448706208e-14,1779854564.9867356
-4.067026969256238e-14,1.9036151914565413e-14,1779854565.0466628
-4.077693541955578e-14,1.9097738098082086e-14,1779854565.086692
-4.088352854839447e-14,1.9159264633757454e-14,1779854565.147095
-4.0989939808798717e-14,1.9220668507977642e-14,1779854565.1867228
-4.1096511672928764e-14,1.9282147379477464e-14,1779854565.2467556
-4.1203230450207686e-14,1.9343693276568093e-14,1779854565.2867033
-4.1309865929464666e-14,1.9405173402769556e-14,1779854565.3467627
-4.141648823366084e-14,1.946662822081078e-14,1779854565.386929
-4.1522967224637917e-14,1.9527982753831853e-14,1779854565.4467916
-4.162949197987754e-14,1.9589345994436116e-14,1779854565.4867222
-4.1736281118397105e-14,1.965084382217805e-14,1779854565.5468833
-4.1842901505006155e-14,1.971222674683601e-14,1779854565.5868413
-4.194959055745449e-14,1.9773631501774306e-14,1779854565.6468937
-4.205614437447326e-14,1.9834940735331076e-14,1779854565.686852
-4.216284465872762e-14,1.9896316558765533e-14,1779854565.7468839
0.0002816118138994089,-0.00016206210280894412,1779854565.7868464
0.0009540601021115428,-0.000548807645550698,1779854565.846913
0.003451432531884965,-0.001984995708181159,1779854565.8868525
0.005278208066494,-0.0030500235991616866,1779854565.9270875
0.008625415832078417,-0.004982684754566596,1779854565.946816
0.01437699291770629,-0.008316802009956426,1779854565.9868279
0.022304522422479035,-0.012909618914275646,1779854566.0468874
0.03294763872094327,-0.019075991780261214,1779854566.0868757
0.04578306679615023,-0.026513572295011372,1779854566.1471517
0.06051228061069392,-0.03504809127024626,1779854566.1869333
0.07593838339882396,-0.04398664204971909,1779854566.2469542
0.09243191697859379,-0.05354181242346308,1779854566.2868578
0.11023527974288629,-0.06385425460378201,1779854566.3470101
0.1288667583768054,-0.07464517351346459,1779854566.3871193
0.14828219503182244,-0.08588859506310015,1779854566.4470954
0.16791637816867763,-0.0972572662853596,1779854566.4867952
0.18776322211395574,-0.10874736271673137,1779854566.5469615
0.20775480212375463,-0.12031952679360253,1779854566.586948
0.22783919039127878,-0.13194371847234643,1779854566.646967
0.24798929623666574,-0.14360422586263077,1779854566.6868498
0.2681589168817486,-0.1552743089705092,1779854566.7470958
0.28839374907700976,-0.16698039055704833,1779854566.7868109
0.3087925880560221,-0.1787796305408241,1779854566.8469057
0.32927236113606617,-0.19062396435310988,1779854566.88688
0.3444704952392841,-0.20305233280990512,1779854566.926922
0.3482898712610187,-0.20531263113093717,1779854566.9468553
0.36884465181516307,-0.21745821857978917,1779854566.9868731
0.3894242349996029,-0.2296197795867514,1779854567.0469136
0.4100694309308199,-0.24182189881262467,1779854567.0868564
0.43075066093957204,-0.25404767505985504,1779854567.1468432
0.4512655389793949,-0.2661771818443815,1779854567.1869833
0.4718298009483699,-0.2783376780597204,1779854567.2470033
0.49233301536434176,-0.29046395456941004,1779854567.2868538
0.512909850816489,-0.3026358034936463,1779854567.3469536
0.5335001905640977,-0.31481779197303544,1779854567.3869748
0.5541218733647715,-0.3270204546832636,1779854567.4469824
0.5747386246188774,-0.3392223587008615,1779854567.4869168
0.595311413827557,-0.35140050567298986,1779854567.54691
0.6158530327802224,-0.36356236348678184,1779854567.58693
0.6363735298991983,-0.3757136247668269,1779854567.6468031
0.6569631238684882,-0.38790790721070667,1779854567.6869338
0.6775966007913808,-0.4001304629129164,1779854567.7472975
0.6983389448195376,-0.412419569496945,1779854567.786852
0.7386581642090546,-0.43942130696670056,1779854567.886892
0.7595031203556467,-0.4519003136904197,1779854567.9468584
0.7803809832524278,-0.46440309345018194,1779854567.9869156
0.8011061296295713,-0.4768189540370936,1779854568.0468934
0.8216465034774604,-0.4891281881734429,1779854568.08695
0.8422498937523375,-0.5014784607030724,1779854568.1468623
0.8629061619781373,-0.513864277057928,1779854568.1868665
0.883555424421063,-0.5262501133028894,1779854568.2469428
0.9042688357343783,-0.5386784652631472,1779854568.2869418
0.9249949524258173,-0.5511185011721629,1779854568.3468022
0.945723821363952,-0.5635643323378448,1779854568.3868554
0.9663904609141447,-0.5759768703141875,1779854568.4467735
0.9871041421239846,-0.5884216902206034,1779854568.4867935
1.0078037811646159,-0.6008621038542464,1779854568.546845
1.028557111844408,-0.6133388481562859,1779854568.5868196
1.0493771859761398,-0.6258596179115289,1779854568.6469567
1.070300256274205,-0.6384464034057787,1779854568.6868129
1.0912923744589722,-0.6510790558799394,1779854568.7468774
1.1123299612067887,-0.6637431514042151,1779854568.786734
1.133475453706684,-0.6764763512127178,1779854568.8468597
1.1553393547353008,-0.690709565728897,1779854568.8868408
1.1747651975499482,-0.7024459565223591,1779854568.9469674
1.1954927720220812,-0.7149725996370258,1779854568.9868083
1.216151922745955,-0.7274624389706673,1779854569.046895
1.236740787574446,-0.7399143131679108,1779854569.0868106
1.2573147273667322,-0.7523616443245856,1779854569.1468925
1.2778055142274045,-0.7647631771652492,1779854569.1868808
1.2982740099422378,-0.7771556689226176,1779854569.2468863
1.3188317106455474,-0.7896064827324797,1779854569.28685
1.3394926928544308,-0.8021243675053153,1779854569.3469095
1.360350040552283,-0.8147658693703569,1779854569.387026
1.3812976682025486,-0.8274667545523049,1779854569.446995
1.40230473494019,-0.8402084961714873,1779854569.4868228
1.4233545801014635,-0.8529807923623829,1779854569.5468776
1.4444802546174462,-0.8658037604237531,1779854569.5870311
1.4656395930993806,-0.8786519068554318,1779854569.646855
1.4868507938837185,-0.8915362525446485,1779854569.686874
1.508123878021476,-0.9044629314305703,1779854569.7468386
1.529324240515445,-0.9173500864196058,1779854569.7866454
1.550611891964572,-0.9302949932413058,1779854569.8469243
1.5719864918091448,-0.9432974744816717,1779854569.886661
1.5764291061475315,-0.9454321554341677,1779854569.9071236
1.5936645085202343,-0.95590847396844,1779854569.9468637
1.6150876768624178,-0.9689339540513952,1779854569.986721
1.6363637998250613,-0.9818746829214257,1779854570.047094
1.6574937730425265,-0.9947310017120427,1779854570.0869412
1.6784485092928412,-1.0074850529919326,1779854570.147368
1.6993061134021394,-1.0201843449153898,1779854570.1869435
1.720013007092957,-1.0327961126220604,1779854570.247287
1.7406896504075628,-1.0453938575842945,1779854570.286896
1.7612267181051444,-1.057910901845449,1779854570.3469162
1.7817759767410195,-1.070439596849462,1779854570.3868382
1.802217588439726,-1.0829069444114017,1779854570.4469895
1.8227275288235671,-1.095420268514223,1779854570.4869285
1.8433489676247015,-1.1080057880959717,1779854570.5471573
1.8641725426847324,-1.1207190221724952,1779854570.5870373
1.8851572384088078,-1.1335350963923672,1779854570.6467943
1.9063259973390558,-1.146468070415678,1779854570.6867244
1.9275062644214702,-1.1594126938791147,1779854570.7470033
1.9487390036816623,-1.1723939342130343,1779854570.7866874
1.969936708540638,-1.185358250296752,1779854570.8468027
1.991092418990669,-1.198301317012303,1779854570.8867352
1.998646190936044,-1.2020490256983496,1779854570.907296
2.0125021548451816,-1.2105148182458745,1779854570.9470987
2.0333642210476484,-1.2232639266260248,1779854570.986894
2.0541717205357832,-1.2359836468754397,1779854571.0471313
2.074894374646383,-1.2486555122609757,1779854571.0868728
2.095609423349537,-1.2613267390081977,1779854571.1471107
2.1160950177784614,-1.2738618089943052,1779854571.1870403
2.1361563031741175,-1.286141214372878,1779854571.2469742
2.156081924357486,-1.2983412112618513,1779854571.2868688
2.175983590346579,-1.3105303427651114,1779854571.3469255
2.1958278553078356,-1.3226881627204206,1779854571.3868477
2.215829535929166,-1.3349461275379275,1779854571.446868
2.2361155720519434,-1.3473822592076552,1779854571.4869637
2.2564428549374393,-1.3598478159177985,1779854571.5470328
2.2767503422797186,-1.372305319995094,1779854571.586965
2.2969307469383717,-1.3846888356793674,1779854571.64678
2.317273261621122,-1.397175514762044,1779854571.686812
2.3378607867975076,-1.409816526925468,1779854571.7468126
2.3585466291506614,-1.4225221274404085,1779854571.787025
2.3793880559634424,-1.4353272879077408,1779854571.8468719
2.3904055671504536,-1.439731330859,1779854571.8666282
2.401459993555668,-1.4464932732190934,1779854571.8866994
2.4225018681566537,-1.4593658074659315,1779854571.9470813
2.4435439804272643,-1.472241606178735,1779854571.9869163
2.46460641269702,-1.4851329776392859,1779854572.0469692
2.485724126542858,-1.4980613317217275,1779854572.0867982
2.5069047997010077,-1.511031379298215,1779854572.1469028
2.5281581083561964,-1.524049066788543,1779854572.1869807
2.549464298912335,-1.5371023151364214,1779854572.246696
2.5708397771355926,-1.5502012018933748,1779854572.2866912
2.5921744078594147,-1.5632782380676582,1779854572.3468716
2.613571397781735,-1.5763966790500317,1779854572.3867319
2.6350124567666513,-1.589545326306047,1779854572.446763
2.656460226336599,-1.6027012823811395,1779854572.486916
2.677979311711208,-1.6159042004308484,1779854572.5471911
2.6977618147761544,-1.6280454650332308,1779854572.5868804
2.7151227601131147,-1.6387034946226087,1779854572.6469407
2.7289463380072307,-1.6471927847273853,1779854572.686881
2.74197960774691,-1.6551970411952601,1779854572.7469316
2.749711972789681,-1.6599490594303081,1779854572.7867668
2.755956097969688,-1.6637867584499948,1779854572.8470907
2.7609684537271137,-1.6633435816946698,1779854572.8667624
2.7612828125000646,-1.6635301996684253,1779854572.886728
2.763675976595768,-1.664988684547908,1779854572.946999
2.764720709126184,-1.6656256000605216,1779854572.9869223
2.765269851201232,-1.6659613812666803,1779854573.0468726
2.765556293551816,-1.6661369396075834,1779854573.0866857
2.765648627705849,-1.666193970707373,1779854573.1468227
2.765663912815123,-1.6662039497188557,1779854573.1868072
2.765648425203824,-1.6661950481701409,1779854573.2468717
2.765625990333533,-1.6661818074339056,1779854573.2869298
2.7656011842927457,-1.6661670296262396,1779854573.3468199
2.7655791312208877,-1.6661538534418383,1779854573.3869915
2.7655597413114856,-1.666142237391604,1779854573.446922
2.765541248287534,-1.6661311151660072,1779854573.4868617
2.765525808920749,-1.6661218125761728,1779854573.546946
2.765511498104241,-1.6661131627225403,1779854573.5869443
2.7654982600026647,-1.6661051381949417,1779854573.64704
2.7654869203603125,-1.6660982489894713,1779854573.6868327
2.7654767498874255,-1.6660920545137954,1779854573.746898
2.765467747717373,-1.6660865582615467,1779854573.7867908
2.76545936497309,-1.6660814281274337,1779854573.8469207
2.765965902392638,-1.6653254967971622,1779854573.8868213
2.765966860446924,-1.6653264936785557,1779854573.9469647
2.765960857070788,-1.6653231325882383,1779854573.9869404
2.7659529617091523,-1.6653185574703893,1779854574.0468915
2.7659457229969524,-1.665314339196071,1779854574.0868423
2.765938854382264,-1.665310314008475,1779854574.1470354
2.7659329869050384,-1.6653068714068353,1779854574.1867404
2.7659274548731796,-1.6653036112622757,1779854574.246759
2.7659227222793894,-1.6653008191115444,1779854574.2867315
2.765918505367469,-1.6652983253782907,1779854574.3468485
2.765914717365952,-1.6652960797727063,1779854574.386793
2.7659110931710305,-1.6652939231368622,1779854574.4468324
2.76590809170936,-1.6652921363406428,1779854574.4866886
2.7659053402570217,-1.6652904941431355,1779854574.547002
2.7654558148944437,-1.6650166900480516,1779854574.586751
2.7643864089388988,-1.664365414783499,1779854574.6467755
2.763553131439967,-1.663858107498897,1779854574.6868837
2.76329639063038,-1.6637018912373303,1779854574.7471642
2.763252737798624,-1.6636753460296838,1779854574.7869542
2.762489370781745,-1.6647502361422992,1779854574.8268454
2.7628206390397967,-1.6649524135581815,1779854574.8468816
2.7633830011369254,-1.6652995982468546,1779854574.8869247
2.7636069261628005,-1.665440850034118,1779854574.946913
2.7632513093166167,-1.6652223348405621,1779854574.9869056
2.7626807448467536,-1.6648678194462132,1779854575.0469148
2.7621841899492066,-1.664558029472376,1779854575.0868607
2.761864720804574,-1.66435814710149,1779854575.147017
2.7616557057425317,-1.664227396637744,1779854575.1873274
2.761529580923765,-1.6641484032977187,1779854575.246937
2.7614323769934774,-1.6640876402656861,1779854575.2868712
2.7613799040121454,-1.6640547043628982,1779854575.3468688
2.761379753630979,-1.6640544016274659,1779854575.3868804
2.7613362387790974,-1.66402735588181,1779854575.4469328
2.761212294696043,-1.6639501685163332,1779854575.4868243
2.761058883598495,-1.66385438378325,1779854575.546904
2.7608872612103776,-1.6637471659650487,1779854575.5869186
2.7607002841202637,-1.6636303088654707,1779854575.646857
2.7605084730965883,-1.663510365472942,1779854575.686888
2.7603143040898632,-1.6633889009931229,1779854575.746961
2.760119948758335,-1.6632672782729123,1779854575.7867057
2.7600823269738637,-1.6629100831839612,1779854575.84683
2.7599309439584436,-1.6628133031384416,1779854575.8869648
2.7598778527758174,-1.662778664792283,1779854575.9472308
2.7599501753834454,-1.66282399389633,1779854575.9870448
2.760067772551086,-1.662898878978596,1779854576.046926
2.760243773092636,-1.66301102981124,1779854576.0868225
2.7604852767407113,-1.6631651187098189,1779854576.1470501
2.7607861229814334,-1.663357328632891,1779854576.187019
2.761143919486291,-1.663586141069029,1779854576.247097
2.761520741038714,-1.6638274791099443,1779854576.2868326
2.7619037456845357,-1.6640729804605576,1779854576.347045
2.7622890585122013,-1.664320122334834,1779854576.386736
2.7626664255129496,-1.6645623551280289,1779854576.446696
2.7630307251762147,-1.6647963501841325,1779854576.487061
2.763391077381723,-1.6650279098560639,1779854576.5468116
2.7637497213919846,-1.6652584981096008,1779854576.587031
2.7641079865078475,-1.6654889774661765,1779854576.6468902
2.7645014004502144,-1.6657420830606797,1779854576.6868024
2.7649432592245935,-1.6660265129345802,1779854576.746946
2.7654033346009683,-1.666322984652978,1779854576.7868657
2.766302228718933,-1.6660314026378504,1779854576.8469741
2.7667090360424136,-1.6662976158721363,1779854576.8867538
2.767165419695038,-1.666596519843902,1779854576.9468386
2.7676094979015478,-1.6668876042642504,1779854576.9866567
2.7680492259888325,-1.6671760038397303,1779854577.0469143
2.76848781496812,-1.6674638680865776,1779854577.086921
2.7689258701289985,-1.6677516079714514,1779854577.1468837
2.769486819946899,-1.6681196337331676,1779854577.1867754
2.7702180406326296,-1.6685998291132085,1779854577.2469711
2.7710110113915105,-1.669121772327353,1779854577.2868197
2.771822487570185,-1.6696565390418936,1779854577.3467925
2.772640201441233,-1.6701959110105407,1779854577.3867757
2.773369645041457,-1.6706779129195253,1779854577.4468088
2.7739800498895018,-1.6710817626270345,1779854577.486722
2.774545987534469,-1.671456108970886,1779854577.5468218
2.775098913301082,-1.6718220195305467,1779854577.5867064
2.775645970750857,-1.6721843041709659,1779854577.6467617
2.776148983075402,-1.6725178779536942,1779854577.6866639
2.77659006464967,-1.6728106858049496,1779854577.7468395
2.777009279283358,-1.6730890260337299,1779854577.7867146
2.7777661785794496,-1.672552246716055,1779854577.846755
2.777717061800758,-1.6725211615168554,1779854577.8865957
2.7776611347441724,-1.6724837769070233,1779854577.9467432
2.7775696909713794,-1.6724219726609557,1779854577.9870396
2.7774658038096742,-1.6723515315131896,1779854578.0471196
2.7773065085956636,-1.672243867615201,1779854578.086854
2.777073818653586,-1.6720864495726269,1779854578.1470973
2.776701161010123,-1.6718343570513114,1779854578.1867726
2.7761643026471967,-1.6714705928273084,1779854578.2470546
2.7755679436556338,-1.671065266639071,1779854578.286915
2.77500559910414,-1.6706821398538003,1779854578.3468258
2.774509029068672,-1.6703433083045405,1779854578.3867795
2.774080601109766,-1.6700506507653867,1779854578.4467983
2.7737198669923173,-1.6698039477162505,1779854578.4867039
2.7733835707727663,-1.6695739832616767,1779854578.5468667
2.7729602783998577,-1.669284921960804,1779854578.5867412
2.772406915019828,-1.6689066812248257,1779854578.646714
2.771886006930164,-1.6685493741599928,1779854578.686684
2.7714574195933035,-1.6682547923710198,1779854578.7469594
2.771062909708468,-1.6679836840962525,1779854578.7869449
2.771553926007487,-1.666825459227527,1779854578.8068075
2.7713760508025023,-1.6666999306480395,1779854578.8468196
2.7711046363859735,-1.6665089375568378,1779854578.8870022
2.771043656723437,-1.6664639307519253,1779854578.94701
2.7712490330228294,-1.666605836807527,1779854578.9871988
2.7715529611405008,-1.6668191898565103,1779854579.0472286
2.7716567553611866,-1.6668945086145621,1779854579.086951
2.7714504146743155,-1.6667517419773086,1779854579.1470497
2.7712820600926125,-1.6666322579562234,1779854579.186937
2.771291259428168,-1.6666372999131147,1779854579.247038
2.771367673531913,-1.666691053370923,1779854579.2868857
2.7714225608046483,-1.6667302832358337,1779854579.3470337
2.7714247093949185,-1.6667322887960443,1779854579.3869603
2.7714584420473845,-1.6667560485185446,1779854579.4469397
2.7715571573605353,-1.6668259075825078,1779854579.4869432
2.771679543970132,-1.666913072709857,1779854579.5471938
2.7717755941877584,-1.6669819010962648,1779854579.587246
2.771826452444623,-1.6670186076106752,1779854579.6470265
2.771869153128821,-1.6670492296176236,1779854579.6871586
2.7719186069122808,-1.667084640114061,1779854579.7469609
2.771970682313986,-1.667122009218811,1779854579.787054
2.7739367598034685,-1.6639570809461446,1779854579.8068762
2.7739599319480286,-1.6639750213776887,1779854579.8469856
2.774011636108318,-1.6640147983061282,1779854579.8866954
2.774139521719821,-1.6641110729127766,1779854579.946983
2.774370297763195,-1.6642864918650604,1779854579.9869847
2.7746384991891544,-1.664493106428998,1779854580.0468192
2.7747274561950204,-1.6645664561666553,1779854580.0871716
2.7745558607304823,-1.6644389274755151,1779854580.1471992
2.7744710691930834,-1.6643705062166518,1779854580.1871226
2.774609130964331,-1.6644734997769053,1779854580.2471316
2.774829620972182,-1.6646444100866908,1779854580.2871065
2.7751262249478588,-1.6648752849629345,1779854580.3469596
2.775498116986551,-1.6651657770724235,1779854580.3868437
2.77582409966191,-1.6654231202278063,1779854580.4467475
2.7760545154317096,-1.6656063203959226,1779854580.4867306
2.7762502013517727,-1.6657613089982712,1779854580.54679
2.7763025861972808,-1.6658050715238342,1779854580.5872636
2.7761689626977697,-1.6657018405316724,1779854580.6469038
2.776158769486831,-1.6656914152913755,1779854580.686813
2.776389418412027,-1.6658714465786195,1779854580.746856
2.776707638767223,-1.6661243897585014,1779854580.7867446
2.779653528614899,-1.6617751594127022,1779854580.8267307
2.7797706608058026,-1.6618808858865166,1779854580.8467464
2.7800873787396148,-1.6621681085545386,1779854580.8867702
2.7804027582185857,-1.6624547950083894,1779854580.9467607
2.7807182891627065,-1.6627425608642508,1779854580.986762
2.7810327946992452,-1.6630304164074838,1779854581.0467668
2.7812913578696747,-1.6632707989138413,1779854581.0866795
2.78147498112633,-1.6634435682238273,1779854581.1467788
2.7816468918750257,-1.6636027431992528,1779854581.1867816
2.7818315467084536,-1.6637734316616344,1779854581.2467813
2.7820208222854452,-1.6639495664723971,1779854581.2867467
2.7821488956237284,-1.6640718623496722,1779854581.346765
2.78219263025572,-1.6641159819617644,1779854581.38676
2.7821830024722316,-1.6641083849650065,1779854581.4472299
2.7821322711634804,-1.6640613171017393,1779854581.48714
2.782067480898147,-1.6639996489144993,1779854581.5470695
2.781936502700225,-1.6638765012242085,1779854581.5870705
2.7817202310875575,-1.6636715757660399,1779854581.6470616
2.78159746866669,-1.6635495060490546,1779854581.6871085
2.7816329844426986,-1.6635782972640123,1779854581.7470517
2.7817247462108874,-1.6636656304063044,1779854581.7870412
2.7842327255334367,-1.6596618087425992,1779854581.8270633
2.784299075098871,-1.6597296297243571,1779854581.8470175
2.784473574058718,-1.6599243588642463,1779854581.8870783
2.7846531032909767,-1.6601314275557657,1779854581.9470737
2.784826352826427,-1.6603336988515816,1779854581.9870934
2.7849975681670607,-1.6605343443409968,1779854582.046889
2.785153235618474,-1.6607191638430352,1779854582.0870976
2.785289478217758,-1.6608823472341931,1779854582.147119
2.78553069378689,-1.6611600395393724,1779854582.1871364
2.785919147636656,-1.6616135053868084,1779854582.2468255
2.786355816802556,-1.6621376360457283,1779854582.286777
2.786861658712438,-1.662747302476643,1779854582.3468192
2.7874441854359895,-1.6634543507284572,1779854582.3867428
2.788064879253434,-1.6642163115977942,1779854582.4468422
2.7887103857871103,-1.665014888434663,1779854582.486772
2.7893617384554603,-1.6658271829396878,1779854582.5473695
2.790000705001024,-1.6666304554657398,1779854582.5867586
2.7906194716081782,-1.667413631106691,1779854582.6467857
2.7912694845412687,-1.6682376785654185,1779854582.6871274
2.7919701286056915,-1.6691307918441725,1779854582.746772
2.7936033226401187,-1.6678362091524812,1779854582.7872965
2.794204600097009,-1.668784679388292,1779854582.8469303
2.79476408934289,-1.6696769363983848,1779854582.8869085
2.7952410045703995,-1.670452896546815,1779854582.947086
2.7956272459721707,-1.671091066420065,1779854582.9870126
2.7959836676673997,-1.671673879822946,1779854583.0470815
2.7963283603693094,-1.6722394174460156,1779854583.087083
2.7966683733354887,-1.6728018284610893,1779854583.147137
2.797115202320933,-1.6735295708584477,1779854583.1870987
2.797699863895064,-1.6744939618917243,1779854583.2471244
2.7983241698411443,-1.6755544717564899,1779854583.2869892
2.7989179680976037,-1.6765852133407648,1779854583.3471708
2.7994611468874644,-1.6775412644558871,1779854583.387115
2.7999240770100875,-1.6783696117078153,1779854583.4470818
2.8002986018498057,-1.6790494228488528,1779854583.4870934
2.800645032502599,-1.6796757332554624,1779854583.5471227
2.800969366022229,-1.680267164826478,1779854583.5870836
2.801274713965105,-1.6808295447158201,1779854583.6468916
2.8015989233559693,-1.68142715490397,1779854583.6867154
2.801953051558459,-1.6820860885654847,1779854583.7471213
2.8015944152065604,-1.682380394737034,1779854583.7870488
2.801788897085368,-1.682891969856577,1779854583.8470917
2.8018881798535387,-1.6831826676835067,1779854583.8867223
2.8020135889322395,-1.6834813236944528,1779854583.9468336
2.8021895770510055,-1.683898121150844,1779854583.986755
2.8023744859838393,-1.6843634196417772,1779854584.047505
2.8025817202756356,-1.6848921531086358,1779854584.0870538
2.8028135643403393,-1.6854959670962617,1779854584.14713
2.803027117777014,-1.6860793357446962,1779854584.187068
2.803214428203025,-1.6866055987642259,1779854584.2470338
2.8033929676648652,-1.6871092073870906,1779854584.2871056
2.803550641879737,-1.687566838551424,1779854584.347273
2.8036862661818405,-1.687969590975315,1779854584.386925
2.8038220563254144,-1.6883706082905252,1779854584.4467416
2.8039632613777226,-1.6887933219197984,1779854584.486726
2.8041035616917527,-1.68922455421998,1779854584.5468116
2.804216692817946,-1.6895910000231944,1779854584.5868528
2.8042969384549026,-1.6898618944926305,1779854584.6466947
2.804367976553353,-1.690096928178574,1779854584.686611
2.8044627060388025,-1.6904004105096806,1779854584.7468672
2.804588016936486,-1.6908118407030792,1779854584.7871401
2.8033198865935303,-1.6912113762063516,1779854584.8070707
2.8033998404987472,-1.6916030595154863,1779854584.8470395
2.8034848235261176,-1.6920590372223492,1779854584.8870068
2.803561080658054,-1.6924906961654,1779854584.9470692
2.8036139429154354,-1.6928331416873625,1779854584.987161
2.8036441660671656,-1.6930588723050386,1779854585.0467665
2.8036717555780184,-1.693239971166796,1779854585.0866954
2.803697705762451,-1.69340748956755,1779854585.1467395
2.8037222175787204,-1.6935705425141379,1779854585.1867597
2.8037516078507188,-1.6937631998959435,1779854585.2467313
2.8037854616179563,-1.693998543639518,1779854585.2866728
2.803817694964593,-1.6942510344486932,1779854585.3468509
2.803867719612262,-1.694621495150721,1779854585.3874893
2.803933535923293,-1.695152414076111,1779854585.447086
2.8039901770373263,-1.6957139464667819,1779854585.48704
2.804038071184871,-1.6962504191996393,1779854585.547153
2.804082427009887,-1.6967769763753633,1779854585.5870333
2.804120451301454,-1.697280271827677,1779854585.6470969
2.8041526301074393,-1.6977537205759998,1779854585.6870494
2.8028403553245664,-1.6986279541165805,1779854585.7471125
2.8028179609734103,-1.6985525410520883,1779854585.7868793
2.802815471768586,-1.6984941991296623,1779854585.8473191
2.8028157058248055,-1.6983352938557206,1779854585.8870273
2.8028220294786905,-1.698066291275498,1779854585.947153
2.8028382553784903,-1.6977462917227468,1779854585.9871724
2.802860133686474,-1.6973990263058485,1779854586.0469003
2.8028865526777444,-1.6970424891776115,1779854586.086669
2.802915889995795,-1.6967355668194073,1779854586.1467881
2.802942412285324,-1.6964998361325787,1779854586.1871579
2.8029638300854973,-1.6963227217898076,1779854586.246994
2.8029807062211236,-1.6961974616243713,1779854586.2871728
2.8029940927441803,-1.696090991369963,1779854586.347396
2.8030091616634967,-1.6959487652153722,1779854586.3867252
2.80303153126068,-1.6957513407092397,1779854586.447254
2.803054710073489,-1.6956160934824482,1779854586.4870217
2.8030651999621305,-1.6955902726894798,1779854586.5471864
2.8030650349877675,-1.6956043444930793,1779854586.5871081
2.803069649499763,-1.6955479203436454,1779854586.6473489
2.803091863756131,-1.695380657246095,1779854586.6870515
2.803129703648085,-1.6951529501801665,1779854586.747128
2.8026431862192878,-1.695455544052571,1779854586.7669246
2.802682402310048,-1.6952877390106391,1779854586.7870781
2.8027537011216457,-1.6950082478719972,1779854586.8471627
2.8028124641448073,-1.6948180533816684,1779854586.8871078
2.802840811362607,-1.69475166050115,1779854586.9469118
2.8028350732761327,-1.6948014399922504,1779854586.9871852
2.802794962675309,-1.6949632249989002,1779854587.0473347
2.802735229354927,-1.695164258982779,1779854587.0871284
2.8026821897636416,-1.6953173354163409,1779854587.1471434
2.8026519129620993,-1.6953906741694769,1779854587.1870837
2.8026219363418456,-1.6954850281685596,1779854587.2468855
2.802572669087867,-1.69563913527666,1779854587.287076
2.8025112543515314,-1.6958141495595407,1779854587.3471339
2.802438769540374,-1.6960159623703346,1779854587.3868885
2.802353605983513,-1.696246254823655,1779854587.447145
2.8022390579331926,-1.6965555953482792,1779854587.487052
2.802083921313332,-1.6969611932041646,1779854587.5470839
2.801905721629899,-1.6974009558632541,1779854587.587066
2.8017826985317784,-1.6976623976237997,1779854587.6470683
2.8017614674224958,-1.6976712447952154,1779854587.6871014
2.801806220842607,-1.6975525481146474,1779854587.7471917
2.801538120469075,-1.6977007181363566,1779854587.7669709
2.8015974808423816,-1.6975705363147622,1779854587.7871068
2.8017106423741307,-1.6973494685686135,1779854587.8471875
2.801798621301017,-1.697198204097681,1779854587.8868544
2.801836681061089,-1.6971466791057228,1779854587.9472783
2.801840346201022,-1.6971492285151373,1779854587.987132
2.8018216807516017,-1.69718820348984,1779854588.0475185
2.8017931534492733,-1.6972392969238714,1779854588.0870967
2.8017242781296403,-1.6973678251319315,1779854588.1471906
2.8015945002180245,-1.6975968257096923,1779854588.186868
2.8017424575044108,-1.69727366033304,1779854588.2471657
2.802371107623316,-1.6961708888713825,1779854588.287122
2.8032344933514923,-1.6948067290330064,1779854588.3471425
2.8034387270524457,-1.6946773843585088,1779854588.3871047
2.8025124269067256,-1.6962834865894076,1779854588.4475994
2.801666985210359,-1.6974326535451156,1779854588.4867291
2.8015961291583613,-1.6973686720324155,1779854588.5471475
2.801904030442097,-1.6968918613176582,1779854588.587121
2.802089793715001,-1.6966762659117787,1779854588.6474082
2.801938878591963,-1.6969393321215458,1779854588.6870704
2.801561560696904,-1.697464266806152,1779854588.7471232
2.8013702814985457,-1.6977255024084754,1779854588.7670088
2.8011235319638086,-1.6980717687075149,1779854588.7870252
2.8005418461063334,-1.6988558189625649,1779854588.8472848
2.800141163921124,-1.699353445069527,1779854588.887149
2.80003359301902,-1.699452960731764,1779854588.9471447
2.800026291216979,-1.6994553488229753,1779854588.986848
2.8000156093826725,-1.6994716953759559,1779854589.0472264
2.7999985409139487,-1.699494180554457,1779854589.0867016
2.7999854508313815,-1.6995101772075858,1779854589.1472318
2.799980814542397,-1.69951552765609,1779854589.1871521
2.7999798524532133,-1.6995172337842657,1779854589.2472832
2.799980003993507,-1.699517824174155,1779854589.2871497
2.799980481360632,-1.699518061660783,1779854589.3471782
2.7999810172926263,-1.699518202123317,1779854589.3869405
2.7999815352559194,-1.699518318245041,1779854589.4471507
2.799982025777879,-1.699518420371157,1779854589.4871104
2.799982482334139,-1.699518516905895,1779854589.5471323
2.799982896520825,-1.6995186174283599,1779854589.5870357
2.7999832738129733,-1.6995187186638931,1779854589.647128
2.799983622545231,-1.6995188152343192,1779854589.687061
2.800296339369383,-1.6993451083852276,1779854589.7270827
2.8002931797882598,-1.6993484848023361,1779854589.7467768
2.8002931855206903,-1.6993484485786026,1779854589.7869012
2.8002932997698324,-1.6993483783404184,1779854589.846859
2.8002934357638543,-1.6993483160816703,1779854589.8867846
2.8002935726905296,-1.6993482666970823,1779854589.9469945
2.800293706980023,-1.6993482272353586,1779854589.986876
2.8002938318893973,-1.6993482012240757,1779854590.0469506
2.8002939526481923,-1.6993481811657483,1779854590.0867481
2.800294066162561,-1.699348168637533,1779854590.1471896
2.8002941734105473,-1.6993481614660157,1779854590.1871915
2.800294271774287,-1.69934816115376,1779854590.2471843
2.8002943621637253,-1.6993481660112388,1779854590.2870696
2.800294450160746,-1.6993481704560243,1779854590.3472273
2.8002945292950554,-1.699348179939671,1779854590.3872228
2.8002946046261368,-1.6993481896445455,1779854590.4472265
2.8002946743374846,-1.699348201002013,1779854590.4867213
2.8002947371937985,-1.6993482148660333,1779854590.5467641
2.800294797904397,-1.6993482272584461,1779854590.587206
2.8002948531059433,-1.6993482409690064,1779854590.6470919
2.8002949042096787,-1.6993482548307945,1779854590.6871474
2.8004311918039027,-1.6992048725181446,1779854590.7471852
2.8004311786968543,-1.699204832910682,1779854590.786687
2.8004311801316355,-1.6992048051349442,1779854590.8470008
2.8004311873308545,-1.6992047831652877,1779854590.8867738
2.8004311968126716,-1.6992047654976374,1779854590.947108
2.8004312064559724,-1.6992047521899853,1779854590.986793
2.800431217422437,-1.6992047408490225,1779854591.0470278
2.8004312284740367,-1.6992047319754118,1779854591.086694
2.8004312394860427,-1.6992047250938767,1779854591.1468244
2.800431250033894,-1.6992047201405946,1779854591.1867971
2.7999452669092646,-1.6996853567352948,1779854591.2467995
2.7987762351329635,-1.7008196529620863,1779854591.2867234
2.797345572327427,-1.7021779085453506,1779854591.3467731
2.7937250301753527,-1.7056276024943597,1779854591.3867333
2.787121848579055,-1.7118171368049975,1779854591.4468434
2.777689523690874,-1.7205122075108858,1779854591.4867656
2.765544265600198,-1.7315526624265958,1779854591.5471997
2.752303010073373,-1.7433757364940428,1779854591.586773
2.7380889074968793,-1.755920569662306,1779854591.6469808
2.7228574126734806,-1.7692052930992725,1779854591.6867936
2.714489535970837,-1.7956631984905338,1779854591.747074
2.700692175218426,-1.8110540008935574,1779854591.7872045
2.6850115461211788,-1.8284885422279655,1779854591.847166
2.6691049746703626,-1.8460325137946687,1779854591.887027
2.652929464889986,-1.8637293908825172,1779854591.947209
2.636663895275765,-1.8813859831280326,1779854591.9870987
2.6202995973404932,-1.8990092827403162,1779854592.0471587
2.603876456155546,-1.9165565828213125,1779854592.0866573
2.5873836335066316,-1.9340415816922318,1779854592.1467986
2.5709728201626945,-1.9513034721612958,1779854592.1867576
2.554471856048233,-1.968524610245771,1779854592.2470965
2.537951164047892,-1.9856325375041066,1779854592.2869816
2.521369958905588,-2.002670734598942,1779854592.347052
2.504679300800949,-2.0196896713368355,1779854592.3870537
2.4879299920984512,-2.0366376493521234,1779854592.4472795
2.470916356967917,-2.053722367573533,1779854592.4870882
2.453767779722726,-2.070811188193625,1779854592.5471601
2.4365174855194325,-2.08786949388349,1779854592.587042
2.4190989624947683,-2.104963212752421,1779854592.6470027
2.4016066642918537,-2.1219984425980045,1779854592.6869233
2.4327103704221047,-2.1605029634418607,1779854592.7069304
2.4205359647344373,-2.1750462397026773,1779854592.747019
2.4047703630174495,-2.1937974241898384,1779854592.7869592
2.3889572360853917,-2.212518211074084,1779854592.8471215
2.373063807842702,-2.231248357791716,1779854592.8869476
2.35717228091217,-2.2498903599551943,1779854592.9470553
2.341268879044864,-2.2684617390475585,1779854592.9869933
2.3253683964618674,-2.2869452154208907,1779854593.0471404
2.309457578555611,-2.305355678454493,1779854593.0869377
2.293405784877374,-2.32384319062776,1779854593.1471484
2.2772658326220507,-2.342348220214389,1779854593.1870265
2.261024169524309,-2.360888087787165,1779854593.247325
2.2447758367686874,-2.3793526389254205,1779854593.2869933
2.2284739669526386,-2.3977950470402947,1779854593.347282
2.2121537794136708,-2.4161755460437995,1779854593.3871138
2.195739090230032,-2.434579964029119,1779854593.4473221
2.1793070825567757,-2.4529212212123226,1779854593.4870746
2.16274366878823,-2.4713269760201864,1779854593.547095
2.146085871586079,-2.4897552392973297,1779854593.5869517
2.129484478905321,-2.508038966482829,1779854593.6472383
2.1129301528686266,-2.526189574169006,1779854593.6869738
2.1479613029266496,-2.570510190280605,1779854593.7071774
2.1382527895721775,-2.5829040464423034,1779854593.7470486
2.1231485471614406,-2.6021492470611975,1779854593.787036
2.108021641724426,-2.621379067024413,1779854593.8472013
2.0929025871574622,-2.6405578887599788,1779854593.8870676
2.0778217279336944,-2.659646822759088,1779854593.9473326
2.06270573107166,-2.678737471277367,1779854593.9871135
2.0475437486385757,-2.697844573524582,1779854594.0470994
2.0323531136375577,-2.716946737482536,1779854594.0867515
2.0171227297769456,-2.7360558154595354,1779854594.147218
2.001783515398328,-2.755259958428604,1779854594.1871212
1.9864089519251584,-2.7744690820709303,1779854594.2472062
1.9710018759502659,-2.793677965784379,1779854594.286612
1.9556248127918132,-2.8128080021042816,1779854594.3467395
1.9403333222822736,-2.831793043374857,1779854594.3866322
1.9251649357015397,-2.850585014938889,1779854594.4467432
1.910111746529762,-2.8691925185235023,1779854594.4867013
1.895066756556017,-2.887749669763218,1779854594.5467265
1.8799988067192364,-2.906295094828165,1779854594.5866942
1.864882884564348,-2.92485923438159,1779854594.6468418
1.8496008340604626,-2.943587438281502,1779854594.686547
1.8748541379094568,-2.98089080952762,1779854594.7066288
1.8675002793862896,-2.9908605747055512,1779854594.7465987
1.8532004375233635,-3.0102430450420643,1779854594.786564
1.8389312295457325,-3.0295703392855815,1779854594.8466475
1.8246362982585325,-3.048920028803812,1779854594.8866193
1.8103238101005763,-3.068281692660202,1779854594.9466949
1.7959786444928159,-3.0876764733491933,1779854594.9866853
1.7816728596208895,-3.1070064788639566,1779854595.0471542
1.7673575311210679,-3.1263375248560723,1779854595.0869803
1.7529521118076883,-3.1457759501255254,1779854595.1473348
1.738479399214107,-3.1652931226015943,1779854595.187045
1.7239177621487067,-3.1849206285984715,1779854595.247312
1.709344561643038,-3.2045525155414247,1779854595.287068
1.694726696379906,-3.224233046121901,1779854595.3476186
1.6801698212483094,-3.2438201058025125,1779854595.3870652
1.6655766809837818,-3.2634442154321173,1779854595.44713
1.6510050715164313,-3.2830266622727926,1779854595.4869492
1.6363816544398786,-3.30266675998507,1779854595.5469348
1.6217030265412833,-3.3223696229881545,1779854595.5870485
1.6070315477895927,-3.342051227986303,1779854595.6470618
1.5924051026634756,-3.361660651539236,1779854595.6869051
1.6033059725623322,-3.3899598104334454,1779854595.727081
1.597939159697442,-3.397583966659845,1779854595.7467816
1.5838071307962465,-3.41766219459737,1779854595.7870433
1.5696796340200256,-3.437740231727855,1779854595.8470893
1.5556383657939528,-3.4577053621789138,1779854595.886914
1.5417235509993494,-3.4774968255153205,1779854595.9471319
1.5278934857823352,-3.4971703261555844,1779854595.9870255
1.5140722958779553,-3.516835855532609,1779854596.0470452
1.5003005625708017,-3.5364357579009837,1779854596.0871022
1.4864974327836633,-3.5560842482071506,1779854596.1469142
1.4725921727234166,-3.5758835046624644,1779854596.1869938
1.4586324570017395,-3.595766797443262,1779854596.2472231
1.4446712569295868,-3.615658178072532,1779854596.2870617
1.4306708895456872,-3.6356116692907983,1779854596.3470368
1.416658572768376,-3.655587698953158,1779854596.386999
1.4025817366352584,-3.6756613958312028,1779854596.447349
1.3886350765708202,-3.695556721368026,1779854596.486958
1.3747843554204766,-3.7153210728443606,1779854596.5470996
1.3609385992162144,-3.7350827497207106,1779854596.5869634
1.3472006648787636,-3.7546961795948275,1779854596.6469078
1.3431356561203642,-3.7815940673908703,1779854596.687026
1.3296798093636446,-3.8013579765920076,1779854596.747314
1.316173475507654,-3.821209794092273,1779854596.7871242
1.3027134917781231,-3.8410080442357604,1779854596.8470306
1.2892543036972157,-3.860819745416313,1779854596.8870862
1.275824089568015,-3.8806029544936003,1779854596.9475951
1.26239266887771,-3.90040158552376,1779854596.9870012
1.248978018511508,-3.9201894514965305,1779854597.047014
1.2355893083494065,-3.9399530695332206,1779854597.0869591
1.2221642738949123,-3.9597836031927476,1779854597.1472669
1.2086861688493298,-3.9797065474143283,1779854597.1871011
1.1950978237383432,-3.9998064778332765,1779854597.2470245
1.1814925084156165,-4.019945894364284,1779854597.2870293
1.1678249400533138,-4.040192830530181,1779854597.347349
1.1541110197026505,-4.060522478132663,1779854597.3870122
1.1403411382160136,-4.080949546048239,1779854597.447099
1.1264167684175825,-4.101619739528848,1779854597.4871364
1.1123970823605351,-4.122446186252073,1779854597.5473175
1.0982886558870724,-4.143420757077329,1779854597.5868614
1.084214176025211,-4.1643605715993735,1779854597.6470885
1.0717575182927639,-4.186306882517733,1779854597.687012
1.0578746088143773,-4.207085546520154,1779854597.7471585
1.044154993111914,-4.2276358429281755,1779854597.78703
1.0304591495829256,-4.248165310167599,1779854597.8473132
1.0177415327321462,-4.267255453067661,1779854597.8869746
1.0064130626224517,-4.284277327989243,1779854597.9471483
0.9971790535323614,-4.298172433936781,1779854597.9870658
0.9903035786202713,-4.308532296570814,1779854598.0471482
0.984278671272224,-4.317601142057994,1779854598.0870707
0.9796277199656186,-4.324614395910763,1779854598.1467814
0.9765714592390775,-4.329230815630961,1779854598.187103
0.9747293666147576,-4.332014251431287,1779854598.247203
0.9739315601233156,-4.333221708702132,1779854598.2871182
0.9735046124296639,-4.3338630032470675,1779854598.3467834
0.9732686635519664,-4.33421509760503,1779854598.3870678
0.9731724251027373,-4.334356140315029,1779854598.4467456
0.9731245920114395,-4.334423612329889,1779854598.4865978
0.9731024882696858,-4.334452475895107,1779854598.5467038
0.9731008985072414,-4.334450635423059,1779854598.586651
0.9731059409346043,-4.334439004768177,1779854598.646866
0.9717815532026974,-4.333498096057376,1779854598.6867073
0.9717605717457964,-4.33352860793769,1779854598.7466695
0.9717645053348761,-4.333521132281906,1779854598.7867482
0.9717706586443212,-4.333510263007026,1779854598.846674
0.9717771196987022,-4.333498976683,1779854598.8866522
0.9717830948178964,-4.333488499270127,1779854598.946728
0.9717886386651572,-4.333478752225366,1779854598.986651
0.9717935318248686,-4.333470069829547,1779854599.0469615
0.971798345931658,-4.333461578970465,1779854599.0869586
0.9718023338263738,-4.3334544170688645,1779854599.1473489
0.9718061303040479,-4.333447613487328,1779854599.1868017
0.9718096549261955,-4.333441287670951,1779854599.2470233
0.9718125536585932,-4.333435978716459,1779854599.2867148
0.9718153607905745,-4.333430866768862,1779854599.346716
0.9718180490676418,-4.333425989821431,1779854599.3867028
0.971820245447546,-4.333421917036237,1779854599.4468307
0.9718223703868246,-4.333418001391581,1779854599.4865932
0.9718244067137108,-4.333414265888347,1779854599.5466888
0.9718260646790875,-4.333411153196954,1779854599.586688
0.9708623686627965,-4.3327773101377725,1779854599.646669
0.970844821991558,-4.332804222491288,1779854599.6866112
0.9708443969126203,-4.332804934348411,1779854599.7469203
0.9708458601544188,-4.332802697633452,1779854599.7865944
0.9708475893693141,-4.332800020198742,1779854599.8466039
0.9708493135736862,-4.33279732953656,1779854599.8865645
0.9711321809191882,-4.33236707090212,1779854599.9466689
0.9718055806108788,-4.331341941137223,1779854599.9866517
0.9724159632134024,-4.3304113689994495,1779854600.0466332
0.9727829485205839,-4.32985106897806,1779854600.086528
0.9730595486085993,-4.329428746151755,1779854600.146722
0.9733758402069647,-4.328945920961676,1779854600.1866713
0.9737785434443997,-4.328330951107182,1779854600.2466521
0.9743739779112702,-4.3274214147705425,1779854600.2866094
0.9752008595842175,-4.326157558176024,1779854600.3467233
0.9761147334592304,-4.324759371520417,1779854600.386626
0.9767177551218692,-4.323834910963276,1779854600.4469957
0.9768688196207425,-4.3236018011652515,1779854600.4869602
0.9768837299226021,-4.323578529162535,1779854600.546576
0.9768863514680656,-4.323574506312033,1779854600.586984
0.9768871170372293,-4.32357334232832,1779854600.6470795
0.9763314345587519,-4.323437190482095,1779854600.6670983
0.9763731771937361,-4.323373949098215,1779854600.6869938
0.9764585173979219,-4.3232462807561305,1779854600.747079
0.9765543312049939,-4.323104017529502,1779854600.787126
0.9766477604941135,-4.322965492025451,1779854600.8470197
0.976739857441175,-4.322828892862533,1779854600.886933
0.9767795172577923,-4.322770757023911,1779854600.9470744
0.9767461872758243,-4.32282100986028,1779854600.9870255
0.9766448136229172,-4.322972040932281,1779854601.046858
0.9764779013969243,-4.323220219577736,1779854601.0866463
0.9762868941514093,-4.323503705307587,1779854601.1469886
0.9761061773484797,-4.323771664503397,1779854601.1869452
0.975947298543335,-4.32400718263987,1779854601.2470183
0.9758259438674118,-4.3241869538330535,1779854601.2870233
0.9757479784783103,-4.324302354553646,1779854601.3466609
0.9756857719954772,-4.324394584186128,1779854601.3867807
0.9756110609589972,-4.324505536434852,1779854601.446764
0.9755135800912602,-4.3246503210982565,1779854601.4866476
0.9753900559304757,-4.324833764239731,1779854601.5468671
0.9752395596626523,-4.325057238558998,1779854601.5866866
0.975079155953872,-4.325295345880707,1779854601.6467316
0.9758741026916861,-4.3262267261451886,1779854601.666726
0.9757981196321425,-4.326336148553237,1779854601.6865487
0.9756307623759419,-4.32657736646262,1779854601.7466564
0.9754211789875649,-4.326880268416417,1779854601.7866514
0.9751543282274128,-4.32726569094078,1779854601.846729
0.9748652366440838,-4.327682216768841,1779854601.88655
0.9745691238952305,-4.328108481713878,1779854601.9467397
0.9742702405146227,-4.328538521687798,1779854601.9867795
0.9740188117284989,-4.328899439079199,1779854602.0466871
0.9738326409080148,-4.3291662605878845,1779854602.086724
0.9736720978950542,-4.3293967910455295,1779854602.1467283
0.9735839330674844,-4.329522635777061,1779854602.186681
0.9735896693589324,-4.329513471996151,1779854602.2469158
0.9736778223880228,-4.329386225714374,1779854602.2866106
0.9738431707444192,-4.329148359237779,1779854602.3467226
0.9740373411099152,-4.328869772558727,1779854602.3867402
0.9742573360164227,-4.328554243228367,1779854602.4467082
0.9745057657766715,-4.328198077828038,1779854602.4866323
0.9746924725515891,-4.32793123812756,1779854602.546718
0.9747822730208986,-4.327803446992346,1779854602.5866811
0.9748362845989905,-4.327726381508979,1779854602.6467335
0.9759764679008222,-4.328553771412469,1779854602.6667047
0.9759744945071599,-4.32855716916709,1779854602.6867268
0.9759994224280322,-4.32852256906229,1779854602.746683
0.9760204431975933,-4.328493247726578,1779854602.7867286
0.9760401467097921,-4.328465732323373,1779854602.8466496
0.9760594057007275,-4.328438840327021,1779854602.8867364
0.9760785782745762,-4.328412082090732,1779854602.9468045
0.9760976789383006,-4.328385440640623,1779854602.9867554
0.9761770117083436,-4.328273960381896,1779854603.0467844
0.9763409863331575,-4.328044463243038,1779854603.086684
0.9765369535410309,-4.327771418856848,1779854603.1467216
0.9767789166245531,-4.32743435589367,1779854603.186664
0.9770752904646336,-4.327021859138914,1779854603.2466817
0.9773917849154047,-4.3265821517854395,1779854603.2866256
0.9777145699566778,-4.326134147441103,1779854603.346634
0.9780400320348709,-4.3256827751106615,1779854603.3867338
0.9783652872429095,-4.325232010438155,1779854603.446643
0.9786916529653473,-4.324780020663915,1779854603.4865818
0.9789746373763841,-4.324388809385333,1779854603.546681
0.9791988724089338,-4.324079221180274,1779854603.5866983
0.9805549242433426,-4.324742222444297,1779854603.626737
0.9805825949268112,-4.3247054849522995,1779854603.6467462
0.9807734692472445,-4.32444738220709,1779854603.6866176
0.9809547229230192,-4.324202447079517,1779854603.7467794
0.9810885490058631,-4.324022508049869,1779854603.7869003
0.9811611253028584,-4.323925520200821,1779854603.846727
0.9812103613446634,-4.323859306665418,1779854603.88662
0.981270829909168,-4.3237775005734225,1779854603.946742
0.9813549564534508,-4.323663829104641,1779854603.9867325
0.9814298693629252,-4.323563226860893,1779854604.0467644
0.9814814574315968,-4.323494195885899,1779854604.0870554
0.9815244121609008,-4.32343657640749,1779854604.1470697
0.9816578126620751,-4.323256472904691,1779854604.1870208
0.9819208117695637,-4.322902781210928,1779854604.246777
0.982169853867393,-4.3225701394721545,1779854604.2869952
0.9823477004667261,-4.322333482353597,1779854604.3472917
0.9824977470976902,-4.3221334983994,1779854604.3866448
0.9827388521479555,-4.321810933082309,1779854604.4467783
0.9831180664345944,-4.321304429650546,1779854604.486652
0.9834724300034329,-4.320833472245064,1779854604.5467262
0.9837378085025846,-4.320481786338212,1779854604.5866315
0.9861218227291842,-4.32176175394555,1779854604.6266148
0.9861150802373723,-4.321772287361323,1779854604.646894
0.9863160817064599,-4.321517172735916,1779854604.6865704
0.9864786947407773,-4.321311123449953,1779854604.7466948
0.9865118783636542,-4.321272594463049,1779854604.78663
0.9863792281441451,-4.321445099247908,1779854604.846896
0.9861837835980837,-4.321693650692145,1779854604.8866403
0.986019971589255,-4.321899516143592,1779854604.9466834
0.9859215737649405,-4.322021881818302,1779854604.9867117
0.9858230753361916,-4.322146015245681,1779854605.0466688
0.9856960616316272,-4.322306395190157,1779854605.0866165
0.9855579302697335,-4.3224800665828065,1779854605.1469378
0.9855848072236602,-4.322442575791535,1779854605.1866987
0.9858458697804895,-4.32211071248438,1779854605.246882
0.9861431129746308,-4.321738465061441,1779854605.2866223
0.9863949124330856,-4.321424826685589,1779854605.3470585
0.9866285544106619,-4.3211336513096015,1779854605.3867078
0.9868891971771174,-4.320808485465774,1779854605.4466586
0.9871944714460477,-4.320428099320886,1779854605.4865873
0.9874105933777069,-4.32016134994087,1779854605.546848
0.9874869038170907,-4.320068958179497,1779854605.58665
0.9916792998803928,-4.323088434151549,1779854605.6466932
0.9916729155905888,-4.323097128776961,1779854605.6866188
0.9916422388414444,-4.3231324411682355,1779854605.746806
0.9916159118284399,-4.3231609787736955,1779854605.7866642
0.991606008206542,-4.323170710682963,1779854605.8467047
0.9916027040445573,-4.323173764401389,1779854605.886614
0.991649528803322,-4.323118998320935,1779854605.9467003
0.991765074103583,-4.322987846999913,1779854605.9866378
0.991796379237055,-4.322957214094818,1779854606.046719
0.9916800874656321,-4.323090971190015,1779854606.0866287
0.991507289429155,-4.3232821003423725,1779854606.1469104
0.9912253745691751,-4.323594427545566,1779854606.1866572
0.990810366236158,-4.324051645915731,1779854606.246694
0.99035973728161,-4.324542552498104,1779854606.2866
0.9899119808667032,-4.325027893593064,1779854606.346675
0.9894654759726654,-4.325510724453165,1779854606.3866115
0.9891319252735893,-4.325866774078059,1779854606.4468079
0.9889570516906263,-4.326050254471724,1779854606.4867604
0.9887487604324515,-4.326275199978953,1779854606.5466511
0.9884296749358962,-4.326619730986599,1779854606.5869415
0.9926809345476278,-4.329720892216011,1779854606.6068628
0.9923453134396467,-4.330036576529444,1779854606.6466365
0.9918459056422473,-4.330508948930816,1779854606.6866553
0.9912040692325315,-4.3311110966499005,1779854606.7466893
0.990520263984852,-4.331740214273763,1779854606.78663
0.9898367913247644,-4.332363714704772,1779854606.846682
0.9891567462964067,-4.3329815821397775,1779854606.886592
0.9885815093501246,-4.333495247489576,1779854606.9467533
0.988155663574148,-4.33387056895677,1779854606.986639
0.9876749688571852,-4.334305805604108,1779854607.0466335
0.9870482818991361,-4.334872377572717,1779854607.0865993
0.9863638827944452,-4.33548196350124,1779854607.1467543
0.9856993291039583,-4.336067552523509,1779854607.1866076
0.9850816268310978,-4.336608228005416,1779854607.2468648
0.9845351238627253,-4.337083165527993,1779854607.2865667
0.9840707198989448,-4.337484269164024,1779854607.3466506
0.983635534020403,-4.3378605575880895,1779854607.3866107
0.9832877871832741,-4.3381571694986665,1779854607.4466565
0.983052726397477,-4.3383551620364305,1779854607.4865978
0.9827811048152252,-4.338589425477181,1779854607.5470731
0.9824119605676193,-4.338906882184817,1779854607.586682
0.9850052888846225,-4.340591469863418,1779854607.6070657
0.9846748243231689,-4.340831967546673,1779854607.6470933
0.9842188010597267,-4.341157998534387,1779854607.686829
0.9837469846609108,-4.34149196013045,1779854607.7467315
0.9832252569345624,-4.341860544373622,1779854607.7866385
0.9826420483699422,-4.342269223840489,1779854607.8466585
0.9820327880937934,-4.342689527540172,1779854607.8865857
0.9815049884985207,-4.343043883521072,1779854607.946749
0.9811058387240674,-4.3433068131315995,1779854607.9865787
0.9807238148181379,-4.343563936443355,1779854608.0467532
0.9803084846160153,-4.343843315801164,1779854608.0867028
0.9798789708952531,-4.344128355180763,1779854608.146694
0.9795025177537006,-4.344372626737728,1779854608.1866527
0.9792094321401303,-4.344559840172032,1779854608.246651
0.9789734499960768,-4.344710386691848,1779854608.2866855
0.9787838601712876,-4.344830588938056,1779854608.3467252
0.9786112145281318,-4.344940495351073,1779854608.3867116
0.9784523911623818,-4.345040786596974,1779854608.4466443
0.9783066377495673,-4.3451320725088065,1779854608.4867089
0.9780172309654896,-4.345318315674476,1779854608.5469632
0.9775190890522085,-4.345632746005098,1779854608.5866733
0.9785636292368342,-4.346087015224094,1779854608.6066985
0.9781651265369359,-4.346289106268141,1779854608.6471114
0.9776711312251883,-4.346517003527944,1779854608.6868858
0.977357156937154,-4.346652798726097,1779854608.747031
0.9771436438944966,-4.3467483339048085,1779854608.7867463
0.9769928401659915,-4.346816052137799,1779854608.8466995
0.976864516814633,-4.34687539189645,1779854608.8865614
0.976706760450826,-4.3469506305825405,1779854608.946664
0.976497677480133,-4.347048606561003,1779854608.9866216
0.9763516162592952,-4.347109678915283,1779854609.0466743
0.9763177012420932,-4.347119005831064,1779854609.0869145
0.9763287112826691,-4.34711354100984,1779854609.1470003
0.9764005777829428,-4.347080984672313,1779854609.1866732
0.976543667698771,-4.347018782609765,1779854609.2467136
0.9768085763035766,-4.346904692080571,1779854609.2866323
0.9772164844804906,-4.346733568740511,1779854609.3466523
0.9776807081142154,-4.3465471951557815,1779854609.3866162
0.9781044521414738,-4.346383699593654,1779854609.4469037
0.9784531891676558,-4.346252789810902,1779854609.486557
0.9787534520474127,-4.346140674660012,1779854609.5466485
0.9790187236004038,-4.346042815618865,1779854609.5868993
0.9795611860442476,-4.345963808174681,1779854609.6066625
0.9796725940402461,-4.345936727106699,1779854609.6468635
0.9799785699941546,-4.3458511842565395,1779854609.6869645
0.9803530998920992,-4.345748708490562,1779854609.74689
0.9807733130207026,-4.345639397755575,1779854609.7871969
0.9812307023346938,-4.345524363332072,1779854609.8467321
0.9817034167447853,-4.345410324597554,1779854609.8869247
0.9822392829491571,-4.345280940236459,1779854609.9467127
0.9828628632297147,-4.345134243951539,1779854609.986712
0.9833505291574852,-4.34503639787585,1779854610.0467162
0.9836095010401896,-4.3449944153898885,1779854610.086641
0.9837780699807371,-4.344962985978745,1779854610.1467257
0.9838382011590113,-4.344956201755262,1779854610.1866322
0.9837759775615461,-4.344973870154996,1779854610.246689
0.9836473163315881,-4.34500008427345,1779854610.286595
0.9834753403518957,-4.345032239808961,1779854610.3468964
0.9832875366438635,-4.345064639429366,1779854610.3867888
0.9832279424819715,-4.345067038347837,1779854610.4468553
0.9833526502236156,-4.34503752266304,1779854610.4865828
0.9836187567005789,-4.344989856780504,1779854610.5467744
0.9837997840810004,-4.345008060824987,1779854610.5668917
0.9840206536767324,-4.344981046419466,1779854610.5866213
0.9844592255357675,-4.344950132867428,1779854610.6466901
0.9848585009769053,-4.344931115957658,1779854610.68691
0.9851921189268765,-4.344919692133567,1779854610.7466862
0.9854986051601132,-4.34490816908381,1779854610.7866127
0.9857967800706012,-4.344898083349117,1779854610.8470833
0.9860925726430343,-4.344889930273947,1779854610.8866112
0.9864292812192162,-4.344880278240855,1779854610.946962
0.9868232429316867,-4.344871734872572,1779854610.986681
0.9870115623761649,-4.344884252263494,1779854611.0469286
0.9868877557751597,-4.344901640164013,1779854611.0866604
0.9866457977200512,-4.344903439194795,1779854611.147152
0.9863776220561228,-4.344898335828995,1779854611.1873806
0.9861122122942073,-4.3448900229648935,1779854611.2468593
0.9858279731494073,-4.344880648024155,1779854611.286675
0.9855149976362124,-4.344868475058427,1779854611.3466852
0.9851925972675535,-4.344852501578442,1779854611.386978
0.9849185588977525,-4.344833683888296,1779854611.4470818
0.9847158291080896,-4.3448165607829194,1779854611.487043
0.9846241399791978,-4.344804038280312,1779854611.5470538
0.9844678290005708,-4.344719920110226,1779854611.586707
0.9845455681320642,-4.344728724340519,1779854611.6470892
0.9846364663758326,-4.344742754924807,1779854611.6871257
0.9847315372004345,-4.3447589228311285,1779854611.746694
0.9848277246298015,-4.344776271148188,1779854611.7867727
0.9849447220570968,-4.344796808895099,1779854611.8470173
0.9850903015472391,-4.344823558189921,1779854611.887082
0.9852258004280012,-4.344852436727569,1779854611.9466689
0.9853356846098483,-4.344877821541136,1779854611.987027
0.985435819946172,-4.344900710679361,1779854612.047194
0.9855843895159418,-4.344931738533401,1779854612.0869982
0.9858020838659537,-4.3449796561746235,1779854612.1466558
0.9860449388265645,-4.345039056209942,1779854612.1865885
0.9862340884156852,-4.345091819651574,1779854612.2468777
0.9863405484671685,-4.3451255117145955,1779854612.2868729
0.9863558655214144,-4.345135171532705,1779854612.3470767
0.98627790417432,-4.345118206828325,1779854612.3867786
0.9861671473462628,-4.345086739525516,1779854612.447142
0.986107113767533,-4.345064551491512,1779854612.4869597
0.9861277869166646,-4.345065736746658,1779854612.546784
0.9859936473780132,-4.345044815825747,1779854612.5867798
0.9861700163415701,-4.345106354344484,1779854612.6468043
0.9863709647016548,-4.345184955331874,1779854612.686618
0.9865596874173868,-4.345263913025796,1779854612.7470238
0.9867230267148672,-4.345335029888625,1779854612.787085
0.9869655481252501,-4.345433038690374,1779854612.8471274
0.9873249064845685,-4.345583101091896,1779854612.8870344
0.9877238999161179,-4.3457621188154505,1779854612.9466856
0.9880360184017868,-4.345915270835754,1779854612.9871364
0.9882195739460059,-4.346013250346011,1779854613.0471737
0.9883285601738792,-4.346071734594299,1779854613.087106
0.9883840547804466,-4.346103016777451,1779854613.1471047
0.9884214555266728,-4.346122729143358,1779854613.1871128
0.9883384328028836,-4.346088251824751,1779854613.247083
0.9880993121605274,-4.345971444325052,1779854613.287223
0.9878556629398468,-4.345836618122674,1779854613.3466861
0.9876599117917948,-4.345721983419841,1779854613.386762
0.9874813906485845,-4.345617734100069,1779854613.4473464
0.9872442872502244,-4.345483363660169,1779854613.486612
0.9869213122846257,-4.345296611488082,1779854613.5467863
0.9865006002759154,-4.345077892081843,1779854613.5874352
0.9863129683026646,-4.344944758890873,1779854613.647015
0.9861388183839653,-4.344824541774574,1779854613.686963
0.9859822643442556,-4.3447149470587805,1779854613.7468588
0.9858412084493055,-4.3446143726611846,1779854613.7870374
0.9861239065311715,-4.344774202724095,1779854613.8470888
0.9869627635170479,-4.345333930599007,1779854613.8870862
0.9879809408110181,-4.346080029671204,1779854613.9466712
0.9879929617734899,-4.346195132113528,1779854613.9866595
0.9866201529416601,-4.3452673166105455,1779854614.0473862
0.9857841546435961,-4.344541370333188,1779854614.0872524
0.9861130185357609,-4.344685015201306,1779854614.1467803
0.986821495263037,-4.345233789275186,1779854614.1873825
0.9872909821310722,-4.345657380088129,1779854614.247243
0.9873232067681814,-4.345732262224157,1779854614.2872133
0.9870241334588595,-4.3455053563812776,1779854614.3472311
0.9864313929763426,-4.34500677407516,1779854614.3873103
0.9857483367378944,-4.344393012527005,1779854614.4471896
0.9852535495031556,-4.343911286828933,1779854614.4870334
0.9851581282719577,-4.343834640920561,1779854614.5468898
0.9850111231831286,-4.34370751495729,1779854614.5867066
0.9848021481266053,-4.343527941083301,1779854614.6468303
0.9845851216363577,-4.343337023483061,1779854614.6869957
0.9844393424810644,-4.343201524681698,1779854614.746685
0.9843911135434432,-4.34315119850125,1779854614.7867563
0.9843760266003534,-4.343135638573784,1779854614.8467586
0.9843713071741954,-4.343131164943713,1779854614.8868625
0.9843697814207338,-4.3431301616941544,1779854614.9466836
0.9843692401838644,-4.343130225630181,1779854614.9866533
0.9843690005985543,-4.343130598789476,1779854615.047031
0.984368854601253,-4.343131045596322,1779854615.087064
0.9843687376188599,-4.343131492091851,1779854615.1472988
0.9843686243028803,-4.343131909301286,1779854615.1869726
0.9843685177483688,-4.34313230158178,1779854615.2474527
0.9843684093464127,-4.343132659892199,1779854615.2866504
0.9843683045922275,-4.343132991993347,1779854615.3471472
0.9843682048851083,-4.343133301164175,1779854615.3869884
0.9843681057324906,-4.343133583113802,1779854615.4470358
0.9843680103459133,-4.343133843199005,1779854615.4870915
0.9845427002484143,-4.343523382082252,1779854615.547092
0.984541909773849,-4.343522432619509,1779854615.587109
0.9845419147276702,-4.3435223854804415,1779854615.6467636
0.984541977895962,-4.343522448389585,1779854615.6870644
0.984542041667895,-4.343522536063204,1779854615.7467694
0.9845420964025594,-4.343522628497401,1779854615.7869644
0.9845421416675045,-4.343522720550842,1779854615.846688
0.9845421752090756,-4.343522806932503,1779854615.8866658
0.9845421995286814,-4.34352288809788,1779854615.9467971
0.984542219740637,-4.343522968016262,1779854615.9869297
0.9845422325605305,-4.343523041705885,1779854616.0469503
0.9845422384724317,-4.343523108455727,1779854616.086672
0.9845422440223695,-4.343523174976629,1779854616.1466808
0.9845422434621355,-4.343523233798217,1779854616.1869705
0.984542242647315,-4.343523291310237,1779854616.247014
0.9845422384295412,-4.34352334325536,1779854616.2867093
0.98454223328888,-4.343523392314836,1779854616.346796
0.9845422264385164,-4.343523437237439,1779854616.3870084
0.9845422186752071,-4.343523478827237,1779854616.446879
0.9845422111921017,-4.343523518549391,1779854616.4870713
0.9845422028309749,-4.343523554794301,1779854616.5472066
0.9846932286063568,-4.343836364289463,1779854616.5670826
0.9846930178277444,-4.343836082893574,1779854616.586907
0.9846930289153674,-4.343836057990556,1779854616.6467237
0.984693051557185,-4.3438360596946115,1779854616.6874588
0.9845998488727578,-4.343738292419696,1779854616.7467945
0.9843758326217211,-4.343505359571033,1779854616.7868216
0.9837739495142291,-4.342874751924203,1779854616.8467636
0.9826983088009521,-4.341742395757927,1779854616.8866737
0.9814530074156178,-4.340422160118531,1779854616.946686
0.9784838684708462,-4.337245866688743,1779854616.9867225
0.973199525548446,-4.3315433621395885,1779854617.046904
0.9655371005481145,-4.3231917894472796,1779854617.0867028
0.9555373690815432,-4.3121803101650436,1779854617.1469853
0.9447470991078153,-4.300148060813932,1779854617.1866484
0.9330502872142608,-4.286977109989478,1779854617.2466466
0.9203298634328567,-4.27250863487621,1779854617.2867131
0.906642447255529,-4.256780535516401,1779854617.3467333
0.891901241501567,-4.239667220568698,1779854617.387001
0.8768931207756576,-4.222037622591827,1779854617.4467196
0.8617126976868976,-4.204019454701223,1779854617.4866326
0.8375392233805281,-4.208509116341351,1779854617.5266378
0.8294100922700063,-4.200957699334908,1779854617.5467167
0.8117951383344811,-4.184440144451887,1779854617.5866096
0.7941475993900745,-4.167772041732632,1779854617.646655
0.7765345125365295,-4.151024542727203,1779854617.686617
0.7590540740695432,-4.134297153300771,1779854617.7466352
0.7417936521536974,-4.117670975799368,1779854617.786648
0.7246967842058917,-4.1010910730427135,1779854617.8467
0.7077810107331969,-4.0845783975827885,1779854617.8870568
0.6908817700630101,-4.0679729685011,1779854617.946725
0.6741175623325852,-4.05139283164231,1779854617.9869652
0.6573732317851768,-4.034725800917745,1779854618.0466998
0.6405352821777043,-4.017856997721752,1779854618.0866687
0.6236530366731285,-4.0008356310293385,1779854618.1466892
0.6067240609669429,-3.983659107830718,1779854618.1866426
0.589835277169398,-3.966414079211912,1779854618.2468536
0.5730126997872274,-3.949127220427586,1779854618.2871726
0.556236188728537,-3.931777838352238,1779854618.3467429
0.5396140408479502,-3.914478403632466,1779854618.3866565
0.5230560567165535,-3.897136704216249,1779854618.447085
0.5065549004630657,-3.8797451359769735,1779854618.4868429
0.4584617463633824,-3.903659416237584,1779854618.526766
0.4527667951689602,-3.8986890171003914,1779854618.5468056
0.43474777594049213,-3.8829043169435837,1779854618.5867512
0.4168745090786501,-3.8671906346766995,1779854618.6469793
0.3989894621487921,-3.8514080879691814,1779854618.6869833
0.38115946911294996,-3.8356186862888952,1779854618.7466924
0.3633845949214492,-3.8198236589364565,1779854618.7869153
0.34552968604419243,-3.8039000367735887,1779854618.8470697
0.32761594963923824,-3.787869003157144,1779854618.8871386
0.30964681960366625,-3.7717363615304174,1779854618.9471219
0.29169430533315494,-3.7555630840044634,1779854618.986722
0.2736492821529259,-3.739251366152643,1779854619.0468776
0.2556523837257842,-3.722930579434532,1779854619.0866287
0.23784471965223122,-3.706726846988261,1779854619.1466546
0.22006572411834618,-3.6904931289404423,1779854619.1866302
0.20233366163263597,-3.6742469634454897,1779854619.2465935
0.18463183040423614,-3.657973526867208,1779854619.2866242
0.16699206526263707,-3.6417024693754922,1779854619.346628
0.14937602676423697,-3.625398474792859,1779854619.3866825
0.13176575133294313,-3.6090447233846654,1779854619.4466379
0.11425361858881355,-3.59272715059002,1779854619.4866788
0.06526618899010926,-3.6157531593002696,1779854619.5267117
0.061825228934982976,-3.612945959257724,1779854619.546664
0.043387721529012074,-3.597858841920631,1779854619.5868545
0.02488294446000645,-3.582695040809425,1779854619.6466997
0.006432160973562227,-3.5675554332363504,1779854619.6867118
-0.012080999488334201,-3.5523426599159307,1779854619.7470007
-0.030587119568155692,-3.537114873934457,1779854619.7867973
-0.04924120219211373,-3.521744010494958,1779854619.8466268
-0.06794666116875903,-3.506310023012027,1779854619.8873198
-0.0866826724592635,-3.4908317481065936,1779854619.9469984
-0.10532339189080868,-3.4754128732133274,1779854619.9870546
-0.12396963794095671,-3.4599688121216285,1779854620.046659
-0.14249631858746184,-3.444602574577956,1779854620.0869615
-0.16098126173285016,-3.4292500191969277,1779854620.146705
-0.17941430157636815,-3.413919275398936,1779854620.1867325
-0.19790728846205338,-3.3985174598739922,1779854620.2469492
-0.21636750960724324,-3.383122077556633,1779854620.286738
-0.23487085970835153,-3.367670041576813,1779854620.346633
-0.2533943175305087,-3.352180404896086,1779854620.3867419
-0.27187161790564957,-3.33670867816031,1779854620.4470906
-0.29037680978718333,-3.3211927903461502,1779854620.4871228
-0.3318552178821859,-3.331291584354612,1779854620.5467055
-0.35098120339770056,-3.3164660750456356,1779854620.5867348
-0.37028028237813504,-3.301504400955247,1779854620.6471603
-0.38953959335302873,-3.2865740305274924,1779854620.6871412
-0.40884099310804645,-3.271610255199048,1779854620.746785
-0.4281300400809112,-3.256654236689257,1779854620.786909
-0.44731082829231833,-3.2417802547800725,1779854620.8466632
-0.46647235749639904,-3.2269190999719557,1779854620.8868732
-0.48566183017896797,-3.212033518321759,1779854620.9467037
-0.5047726784121651,-3.1972064234982893,1779854620.9866958
-0.5239695212883471,-3.182310499822663,1779854621.0470645
-0.5431890957380822,-3.167394577865314,1779854621.0868607
-0.5624796858514488,-3.1524215092470285,1779854621.1468
-0.5817416286643217,-3.1374692170492122,1779854621.187017
-0.601173251192944,-3.1223819708078726,1779854621.2467394
-0.6207942984280114,-3.107145457771374,1779854621.2867227
-0.640426735207245,-3.0918994602989023,1779854621.3470082
-0.6601006226029804,-3.07661956762631,1779854621.3868475
-0.6797130992712505,-3.0613852384619396,1779854621.4471486
-0.7125379485801598,-3.0591530746967788,1779854621.4866345
-0.7314329184626439,-3.04506785509875,1779854621.5467196
-0.7515248997764098,-3.030101516848164,1779854621.5873687
-0.7715559694199771,-3.015188558090726,1779854621.6469967
-0.7915520033319121,-3.0003075504446213,1779854621.6869955
-0.8113995571751683,-2.985546513774928,1779854621.7470548
-0.8309822396645575,-2.9709899666525867,1779854621.7871015
-0.850611529418128,-2.9564021141694345,1779854621.847341
-0.8702983590887425,-2.941777845170297,1779854621.8870783
-0.8900859362936399,-2.9270871189196774,1779854621.9471464
-0.9098825860467102,-2.912396998031659,1779854621.9869153
-0.9297475704900581,-2.8976635257532317,1779854622.047065
-0.9496120952683867,-2.882937995678406,1779854622.0870976
-0.9694645841279672,-2.8682287671050575,1779854622.1469204
-0.9893630731898198,-2.8534927816500457,1779854622.1872177
-1.0091669439591302,-2.83883455683012,1779854622.247141
-1.0289675340594453,-2.824186087738622,1779854622.2870831
-1.0486742646070988,-2.8096140364796667,1779854622.3469036
-1.0684076659453372,-2.795029408287516,1779854622.3871293
-1.088106705131264,-2.7804772743572888,1779854622.4470677
-1.1078307046850093,-2.7659135437241607,1779854622.48708
-1.11650938796224,-2.768130204563398,1779854622.507113
-1.1320582767920522,-2.7568337890596712,1779854622.5471544
-1.1520365891540454,-2.7423288475673404,1779854622.5870955
-1.1720415566461768,-2.727815456756025,1779854622.6470246
-1.1920267415631804,-2.713327156553699,1779854622.6870573
-1.2119270335030885,-2.698912076251133,1779854622.7470543
-1.2316322677209266,-2.68464900301603,1779854622.7872288
-1.2512672949608996,-2.6704464817636517,1779854622.8469913
-1.2708836840579634,-2.6562676648082433,1779854622.8867176
-1.290439868993092,-2.6421424771072815,1779854622.9473343
-1.310017149243323,-2.6280122215414443,1779854622.9870605
-1.3296447042931934,-2.6138560846355876,1779854623.047255
-1.3492369926464365,-2.599736044664611,1779854623.0870156
-1.3689144642921218,-2.585565132372159,1779854623.147315
-1.3885271784815927,-2.571451283243556,1779854623.187082
-1.4082890346151293,-2.557239929333423,1779854623.2473843
-1.428182292153119,-2.5429445328684386,1779854623.287093
-1.4483887299787925,-2.5284344498374725,1779854623.3473153
-1.4688766883845936,-2.5137330825400954,1779854623.3870425
-1.4894810947235588,-2.4989601470262564,1779854623.447077
-1.5091293144014943,-2.4848881326346355,1779854623.4870727
-1.5157228903832094,-2.479815241191781,1779854623.5069506
-1.5270904066200686,-2.471679290138233,1779854623.5466416
-1.5427120599420494,-2.4605068434153896,1779854623.5867305
-1.5552662308016398,-2.4515375995352233,1779854623.6470618
-1.5666456747134632,-2.4434051052753687,1779854623.6866875
-1.5757101777923859,-2.436937409093107,1779854623.7468646
-1.5819073071430276,-2.4325221085464173,1779854623.7868314
-1.5858752391395678,-2.4296965458714626,1779854623.8466449
-1.58788201771258,-2.4282695601842152,1779854623.8866658
-1.5891819125979618,-2.427342095835368,1779854623.946842
-1.5900016804164774,-2.426756692944309,1779854623.9869955
-1.5903883331540718,-2.426479761217516,1779854624.0467267
-1.5905603621483886,-2.4263549489412797,1779854624.0871751
-1.5906020159641594,-2.426322788769921,1779854624.1467712
-1.5906010098653065,-2.4263208671139336,1779854624.1869504
-1.5905873826884551,-2.4263280348283405,1779854624.2469156
-1.5905707686667458,-2.4263374987233592,1779854624.2869675
-1.5905539265989803,-2.4263473026971245,1779854624.3470943
-1.5905389434877677,-2.4263559638277705,1779854624.3867736
-1.5905258031457283,-2.426363481320302,1779854624.4470246
-1.5891405452006888,-2.424768743576308,1779854624.4668455
-1.5893690422520472,-2.4246064659534032,1779854624.4866726
-1.589375672462488,-2.424601568674431,1779854624.5468898
-1.5893662240994895,-2.424607917223905,1779854624.586708
-1.5893523836644177,-2.424617325178465,1779854624.6467788
-1.5893394630451751,-2.4246260594041447,1779854624.6870012
-1.5893273536147845,-2.4246342119802304,1779854624.7468972
-1.589316710863363,-2.4246413261949047,1779854624.7866833
-1.589307336160743,-2.424647548157903,1779854624.8467524
-1.589298555285774,-2.424653358219344,1779854624.8869748
-1.589290994273835,-2.4246583166600515,1779854624.9469185
-1.589283978831051,-2.4246629020079253,1779854624.9866495
-1.5892780090227268,-2.4246667629981653,1779854625.047009
-1.589272329023833,-2.424670433842428,1779854625.0866995
-1.5892673536225723,-2.424673622791431,1779854625.1467803
-1.58926308936616,-2.424676326102856,1779854625.186718
-1.5892590639292346,-2.424678876359271,1779854625.2469912
-1.589255370253105,-2.4246812079489346,1779854625.2869632
-1.5892521656814622,-2.4246832102998166,1779854625.3466518
-1.5892490803222572,-2.4246851429003002,1779854625.3867598
-1.5892464647327014,-2.4246867593860806,1779854625.4467175
-1.5886365631160464,-2.4238562795594767,1779854625.4666474
-1.5882613441970341,-2.42412177790793,1779854625.4870467
-1.5873674703172662,-2.4247556472543748,1779854625.5469563
-1.5869082936339427,-2.425081809830565,1779854625.5881205
-1.587225265572549,-2.4248573701876666,1779854625.6474328
-1.5878368776853036,-2.424423942752741,1779854625.6870062
-1.588609547543581,-2.4238765806542273,1779854625.7466915
-1.5895062216669524,-2.4232416539456025,1779854625.7870326
-1.5904465387277327,-2.42257614718758,1779854625.8474963
-1.5909624856175237,-2.4222113622341164,1779854625.8871918
-1.5908640840761856,-2.4222812574218326,1779854625.9472065
-1.5908103892742007,-2.4223190998916326,1779854625.9866576
-1.5910651632193045,-2.422138845223509,1779854626.0472624
-1.5914387403279893,-2.421874959403873,1779854626.0866277
-1.5917804492370373,-2.4216338144871083,1779854626.1467223
-1.5920397763267289,-2.421450940260496,1779854626.186628
-1.592266883201388,-2.421290808100452,1779854626.2467015
-1.592510666338602,-2.4211189466717724,1779854626.2869916
-1.5927868367173734,-2.4209243348927534,1779854626.3467765
-1.5930663133019773,-2.420727526860879,1779854626.3866682
-1.5933381569450193,-2.420536196043162,1779854626.4466987
-1.593463710853072,-2.420005748777578,1779854626.4670656
-1.5935581520767708,-2.419937233608371,1779854626.4870152
-1.5938233577060246,-2.419744337037874,1779854626.5471385
-1.5940877955860544,-2.419551947757034,1779854626.586635
-1.5943947096543472,-2.419328955595683,1779854626.6471481
-1.5947592878919297,-2.4190639900730244,1779854626.6869924
-1.595146071909829,-2.4187825001202947,1779854626.7473125
-1.5955397605594894,-2.4184958663642644,1779854626.7866848
-1.5959355908822066,-2.4182076258583236,1779854626.8471925
-1.5962902378934594,-2.4179491186172184,1779854626.8867135
-1.596585462479825,-2.4177338369545973,1779854626.9473486
-1.59686056092247,-2.417533417573972,1779854626.986697
-1.5971276095742961,-2.417338907411643,1779854627.0472004
-1.5973923060366595,-2.417146111284186,1779854627.0869713
-1.5976320038341654,-2.416971420101015,1779854627.1467097
-1.5978358352742317,-2.4168228316819538,1779854627.1870139
-1.5980265578182673,-2.4166838709911387,1779854627.2472312
-1.5981452064244321,-2.416597237253475,1779854627.286966
-1.5981687765399581,-2.41657985472594,1779854627.3473933
-1.5982341094175248,-2.416532422145328,1779854627.3866408
-1.5983943060041135,-2.4164159282484965,1779854627.4473212
-1.599448054283728,-2.41717289762214,1779854627.48708
-1.5996352723366598,-2.4170323489372967,1779854627.5471852
-1.5998029418658561,-2.416906282033535,1779854627.5866516
-1.5998287942342102,-2.416885431822471,1779854627.647267
-1.5996670048173107,-2.417005447522963,1779854627.686724
-1.599435489840112,-2.4171793008395,1779854627.7467427
-1.5991165420844282,-2.4174188124798426,1779854627.7867048
-1.5986982205862064,-2.417733238774285,1779854627.8466527
-1.5982431166149584,-2.4180760812579236,1779854627.8870776
-1.5977768648242001,-2.418427634524269,1779854627.9466846
-1.597306505393666,-2.4187824796865653,1779854627.9870932
-1.5968109023699666,-2.4191563670188376,1779854628.047527
-1.5962808293156543,-2.419556407049589,1779854628.087056
-1.5957364852268812,-2.4199675602517052,1779854628.1475055
-1.5951892001801817,-2.4203811682371916,1779854628.1869829
-1.5946410891542964,-2.4207956037244753,1779854628.2473202
-1.594126905359763,-2.4211847493054743,1779854628.2869031
-1.5936583724517914,-2.4215395690436012,1779854628.3467329
-1.5932817742973129,-2.42182514915991,1779854628.386659
-1.5940772790142737,-2.423288380274383,1779854628.447374
-1.593852718143337,-2.423463068607791,1779854628.4866722
-1.5937158154620477,-2.423570408401492,1779854628.546717
-1.5936855268189052,-2.4235950133774553,1779854628.5866532
-1.5937189908951024,-2.423569426154233,1779854628.6466458
-1.593799026709582,-2.4235073656724726,1779854628.6870887
-1.5938950694154816,-2.423432466676148,1779854628.7467108
-1.5939716086967353,-2.423372402938933,1779854628.7869554
-1.5940150062999388,-2.423338102815669,1779854628.847462
-1.594088158887931,-2.4232811178388123,1779854628.8871188
-1.5942146117229155,-2.4231825592770813,1779854628.9471767
-1.5943608647457155,-2.4230681134114738,1779854628.9870644
-1.5945628161338392,-2.42291024384817,1779854629.0473654
-1.5948355599222659,-2.422696809253186,1779854629.086983
-1.595166436536947,-2.422437460997589,1779854629.1470068
-1.5955510091487055,-2.4221356807431853,1779854629.1871054
-1.5959546438492738,-2.421818417855939,1779854629.2471263
-1.5963803781209531,-2.4214835463675204,1779854629.2869244
-1.5968303419555616,-2.4211293294112046,1779854629.3468306
-1.5973983110884522,-2.42068239448901,1779854629.3868368
-1.5990450569196821,-2.421146004980599,1779854629.447327
-1.599749684577793,-2.420579149751619,1779854629.487002
-1.6005563594540295,-2.4199294179125275,1779854629.5470164
-1.6014041637978769,-2.419245759257808,1779854629.5870082
-1.6023529705602575,-2.4184805293887783,1779854629.647539
-1.603432147470673,-2.4176091993113484,1779854629.6870384
-1.6045593238618097,-2.416697057394391,1779854629.7468324
-1.6056971231983252,-2.4157750116626198,1779854629.7868788
-1.6068399483311293,-2.414847794629663,1779854629.8473554
-1.6079258606066154,-2.413965202937866,1779854629.8868735
-1.6089324671198235,-2.4131459906194457,1779854629.9472275
-1.6099092878971082,-2.4123506397712853,1779854629.9869843
-1.6106732023468977,-2.4117262583684145,1779854630.047458
-1.6111527626304338,-2.4113328027733916,1779854630.086913
-1.611601656257201,-2.410966291530333,1779854630.1472611
-1.6121205089107546,-2.4105428146909045,1779854630.1866693
-1.6126656048231527,-2.41009693171032,1779854630.2467058
-1.6131051666855216,-2.4097359982638595,1779854630.286936
-1.6133877289875842,-2.409503211158359,1779854630.3467078
-1.613762465285533,-2.4091963779871794,1779854630.3869858
-1.6157822985482548,-2.4103360127076705,1779854630.4472976
-1.6162785434131208,-2.4099130180280754,1779854630.4869614
-1.6168161451889727,-2.40945036662914,1779854630.5473726
-1.6172283929877755,-2.409093989789686,1779854630.5870018
-1.6176530370844227,-2.4087294318187102,1779854630.647457
-1.6181389019227217,-2.408312252734059,1779854630.6870372
-1.6186492115711364,-2.407872346555073,1779854630.746678
-1.6190860089672547,-2.4074935675936624,1779854630.7866673
-1.61941478481212,-2.4072073208445954,1779854630.8474126
-1.6197043256030763,-2.406955916844052,1779854630.8870234
-1.6199808350247769,-2.406715774372935,1779854630.9472468
-1.6202542284284556,-2.40647802477399,1779854630.9868934
-1.620462393115615,-2.406295820115885,1779854631.0473928
-1.6205821176688646,-2.4061903435016974,1779854631.0867047
-1.6207495275130344,-2.4060449425170796,1779854631.1471474
-1.621016428154878,-2.4058125685146075,1779854631.1869066
-1.6213193202798646,-2.40554718454055,1779854631.2472901
-1.621546028418987,-2.405346910838879,1779854631.2868528
-1.621655943528752,-2.4052488413702813,1779854631.3471038
-1.6217873518900767,-2.4051334687311403,1779854631.3865755
-1.6219927283660596,-2.4049529866871744,1779854631.4473233
-1.6243923618251597,-2.4079546221148336,1779854631.4666083
-1.6245502516631176,-2.4078037412283537,1779854631.4867651
-1.6247014724743303,-2.407653026081383,1779854631.5474064
-1.624753007785076,-2.407598402142108,1779854631.5867758
-1.6248606764261107,-2.4074966519646304,1779854631.6474128
-1.625081250657433,-2.407285442232533,1779854631.6871977
-1.6253426048066109,-2.4070296343988704,1779854631.7473197
-1.625548115862006,-2.4068243591544047,1779854631.7867382
-1.6256643549886198,-2.4067060703953747,1779854631.8468323
-1.625801040997016,-2.4065715489648136,1779854631.8868155
-1.6259997840069333,-2.4063758304909593,1779854631.9468622
-1.6262208075064837,-2.406155534733811,1779854631.9869857
-1.6264261189051923,-2.4059490653084166,1779854632.046814
-1.626798885007209,-2.4055731626632837,1779854632.1474473
-1.6269625555887144,-2.4054073954131767,1779854632.1869361
-1.6271242951242355,-2.40524320257663,1779854632.2473783
-1.627245516564803,-2.4051187089081485,1779854632.2872634
-1.6273151494594795,-2.405046324575278,1779854632.3469617
-1.6274546190228312,-2.4049055073771934,1779854632.386816
-1.6300885588231737,-2.408343725414847,1779854632.406955
-1.630276968575036,-2.4081366423236954,1779854632.4472606
-1.630537606456765,-2.407828281943788,1779854632.486977
-1.6307387295813325,-2.407579723077269,1779854632.5472412
-1.6308585432098794,-2.4074264488349746,1779854632.5866795
-1.6310676103901414,-2.4071812111415447,1779854632.6468067
-1.6314164804935098,-2.406767490650449,1779854632.6869733
-1.6318082589767104,-2.406288740879729,1779854632.7468483
-1.6322063758308274,-2.405796064364077,1779854632.7871487
-1.6325978446253826,-2.405308089814774,1779854632.847206
-1.632946182176542,-2.404868472420504,1779854632.887136
-1.6332368501133643,-2.4044984828347222,1779854632.9471917
-1.6335095600216574,-2.4041524999467954,1779854632.9869013
-1.63367279651384,-2.4039372344778123,1779854633.0472884
-1.633699000237139,-2.403894649059257,1779854633.086841
-1.6336529672698636,-2.403950103097005,1779854633.1472945
-1.633557052174011,-2.404072041111249,1779854633.1867054
-1.6334451271358206,-2.404217824825464,1779854633.2473626
-1.633215711595967,-2.404511100119328,1779854633.2867844
-1.6328339407985903,-2.4050045937085534,1779854633.3468616
-1.6324298609951833,-2.405539054183728,1779854633.3868117
-1.6341101597959327,-2.4087470445149344,1779854633.4267938
-1.6340320745330512,-2.4088923835049685,1779854633.446916
-1.633709167315055,-2.4094289890707605,1779854633.4869485
-1.6333760800199282,-2.409982028284661,1779854633.5474455
-1.6330301375460143,-2.410560050827903,1779854633.5869713
-1.632530057458232,-2.4113746317149616,1779854633.647456
-1.6318396957777845,-2.412514598310353,1779854633.6869779
-1.63109264459104,-2.4137909222655742,1779854633.7473438
-1.6302833342336422,-2.4151857258009475,1779854633.7869065
-1.6294059125143667,-2.416712668646244,1779854633.8475225
-1.6285601232087268,-2.418214996876329,1779854633.8869655
-1.627767427162285,-2.4196408293747886,1779854633.9474654
-1.626998013950355,-2.4210311628842396,1779854633.9870446
-1.6262816922649332,-2.422343039333116,1779854634.0467427
-1.6256281029819712,-2.423553065315889,1779854634.0870771
-1.625068215703563,-2.4246049522297812,1779854634.147477
-1.624607167916222,-2.4254823192521195,1779854634.1869743
-1.624178590563806,-2.4262954270143298,1779854634.2469404
-1.6236856950463443,-2.4272237280462376,1779854634.287065
-1.6230986188166538,-2.4283389991051165,1779854634.3475032
-1.62253561723593,-2.42943789320792,1779854634.386781
-1.6251221154177662,-2.4331377856655747,1779854634.4271028
-1.6251010540979107,-2.4332404416451605,1779854634.4472508
-1.624721310602063,-2.434237869794952,1779854634.487004
-1.6244114996037333,-2.4350914315021783,1779854634.5469604
-1.6241795820308196,-2.4357526835750454,1779854634.5870032
-1.6239886952968208,-2.4362922639805493,1779854634.6475177
-1.623831869891663,-2.43673956679886,1779854634.6870005
-1.6236845948329153,-2.437155347858483,1779854634.7474606
-1.6235387284185783,-2.43756946966122,1779854634.7868469
-1.6233911062759894,-2.4379954624139626,1779854634.8471117
-1.6232373796282997,-2.438446198504889,1779854634.8867414
-1.6230770450974041,-2.438925944606403,1779854634.9467914
-1.6229168063116368,-2.4394189419926366,1779854634.9867496
-1.622755192694852,-2.4399257814416018,1779854635.0470352
-1.6225921369756544,-2.440447714295565,1779854635.0868297
-1.6224026500415087,-2.441055686623661,1779854635.1467705
-1.6221821351560135,-2.4417785044420444,1779854635.1869407
-1.6219574060435056,-2.442545459779773,1779854635.2471585
-1.6217384169905813,-2.4433148183762055,1779854635.2868152
-1.6215263429299875,-2.444077761487292,1779854635.3467035
-1.6239675859134968,-2.44645752666318,1779854635.387006
-1.623917515060731,-2.446865566957773,1779854635.4470367
-1.6238676037270405,-2.447192408580143,1779854635.4868302
-1.6238200292544627,-2.4474934018760535,1779854635.5467517
-1.6237746202124541,-2.447787629757051,1779854635.5868623
-1.6237094624796493,-2.448181325730977,1779854635.6467679
-1.6236264873135802,-2.448717887456885,1779854635.6867096
-1.623547859611415,-2.4493091272175844,1779854635.7467365
-1.6234751878250058,-2.4499104108947347,1779854635.7869847
-1.623408851232006,-2.4505009373956543,1779854635.8470752
-1.62335706893544,-2.4510261974172867,1779854635.887155
-1.6233182912472492,-2.451464537939866,1779854635.9471085
-1.6232818078199507,-2.451869999587252,1779854635.9868531
-1.6232449242464915,-2.4522865571248187,1779854636.047019
-1.6232085047278901,-2.4527279774309387,1779854636.0868976
-1.6231900147367582,-2.4530658983153537,1779854636.147073
-1.6231855907271997,-2.453247936704568,1779854636.1867957
-1.6231796717098228,-2.4533715437555865,1779854636.2470038
-1.6231737418934884,-2.4534771105676847,1779854636.2868967
-1.6231683346510382,-2.4535771360900815,1779854636.3467577
-1.6248173288121122,-2.4543478192324812,1779854636.3866541
-1.6248201601505214,-2.4542675566892567,1779854636.4471104
-1.6248134100293563,-2.4541529897424246,1779854636.4866939
-1.624803152249809,-2.454037203340371,1779854636.547014
-1.6247923266735078,-2.4539326550397598,1779854636.586949
-1.6247818945468904,-2.4538422649265903,1779854636.6467457
-1.6247724351427153,-2.4537682544127173,1779854636.6868048
-1.6247639402906549,-2.4537000343770035,1779854636.7467425
-1.6247531923767526,-2.4535708742370295,1779854636.7866852
-1.624732744320475,-2.4533562117223298,1779854636.8470967
-1.6246990037070281,-2.453047077020671,1779854636.887086
-1.6246499284966083,-2.4526422736587574,1779854636.9470444
-1.6245884313743228,-2.4522035390648074,1779854636.9869316
-1.6245171317519282,-2.451713340613872,1779854637.047164
-1.6244325447739631,-2.451161970885829,1779854637.087099
-1.6243373003303687,-2.450589374659518,1779854637.146751
-1.6242356621828633,-2.45001140822852,1779854637.1866455
-1.624129098828246,-2.4494335584060294,1779854637.247071
-1.6240227296342946,-2.4488950031064984,1779854637.2870812
-1.6239229868652523,-2.4484151459575827,1779854637.3471003
-1.6238063424651525,-2.4478229316904274,1779854637.3871355
-1.6240681335668483,-2.447941912015611,1779854637.4068754
-1.6238954825356153,-2.4472852867214523,1779854637.4470377
-1.6236553828540936,-2.4464647718450396,1779854637.487063
-1.6234232152138777,-2.445740898634248,1779854637.546996
-1.6232274521680927,-2.4451644024450814,1779854637.5870888
-1.6230991439756515,-2.4448336478588626,1779854637.6470788
-1.6230608776963724,-2.4447830718556465,1779854637.6870542
-1.6230727432818337,-2.444831092121269,1779854637.7470157
-1.6231064441530998,-2.44492968674736,1779854637.7868574
-1.6231557926572557,-2.4450654423167903,1779854637.847026
-1.6232157892751309,-2.4452228609329314,1779854637.8869298
-1.6232842604724516,-2.445397248557927,1779854637.947026
-1.6233576310980655,-2.4455773939500145,1779854637.9867063
-1.6233905967772375,-2.445629913960988,1779854638.0470903
-1.6233531396267875,-2.4455079681108334,1779854638.0869
-1.6232436434188722,-2.445227050977513,1779854638.1469789
-1.6230632675251075,-2.4447953041813975,1779854638.1870077
-1.6228465390913185,-2.444311594705574,1779854638.2470384
-1.6226043527462355,-2.4437851425604875,1779854638.287116
-1.6223360385754846,-2.4432163733818726,1779854638.3466845
-1.6220283189269986,-2.442575546668795,1779854638.3870842
-1.6216576253776689,-2.4424121915202504,1779854638.406647
-1.621380748636405,-2.4419081265066716,1779854638.4467216
-1.620966626425261,-2.441183461660304,1779854638.4866533
-1.620542392097382,-2.440462284952029,1779854638.5472825
-1.6201161899532333,-2.4397547599966605,1779854638.5867093
-1.6197423870390486,-2.439165132529013,1779854638.6466777
-1.6194537742333657,-2.4387280877274256,1779854638.6867783
-1.6192055072534313,-2.4383463102704845,1779854638.7467022
-1.6189468393941968,-2.4379460819112815,1779854638.7866416
-1.6186571911821868,-2.4375051293020777,1779854638.8467402
-1.6184441593586367,-2.4372138739883042,1779854638.8866127
-1.6183700037736144,-2.4371350608309976,1779854638.9466746
-1.6183615745383573,-2.4371288358572616,1779854638.9866643
-1.6177501988659664,-2.436150723363401,1779854639.0467722
-1.6161721553750135,-2.4338547242011543,1779854639.0866277
-1.6149237997829329,-2.432325345288787,1779854639.146709
-1.6147249321092123,-2.4322609454702335,1779854639.1867085
-1.6150150292147853,-2.432680432951203,1779854639.2467144
-1.6149669764785644,-2.432540212778897,1779854639.2866166
-1.6142110809431578,-2.431506797286723,1779854639.346667
-1.6140756118797475,-2.430958903585427,1779854639.3667343
-1.6137470300259955,-2.43057913270608,1779854639.3866181
-1.6133905942975733,-2.4302026942598927,1779854639.4466681
-1.6131864495361807,-2.42997575644499,1779854639.4866421
-1.6133431708067114,-2.4302046147251093,1779854639.5469303
-1.613981806176176,-2.4309858032035816,1779854639.5868888
-1.6145390343456372,-2.4315773082556422,1779854639.647111
-1.6147219715444883,-2.431724030303805,1779854639.686696
-1.6147348868866616,-2.431720297618802,1779854639.747153
-1.6147132226594068,-2.4316937597636867,1779854639.7867064
-1.6147039710111206,-2.4316847011414158,1779854639.8467572
-1.6147018530640176,-2.431681729421056,1779854639.8866556
-1.6147019176546251,-2.431680640583958,1779854639.9466884
-1.6147026176232828,-2.4316801433343533,1779854639.986607
-1.6147034655098986,-2.431679835420349,1779854640.0466828
-1.6147042903865323,-2.431679575337983,1779854640.0866408
-1.6147050696988055,-2.431679342455591,1779854640.1468558
-1.6147057806863898,-2.4316791147456756,1779854640.1867409
-1.6147064343303452,-2.431678897444092,1779854640.2468858
-1.6147070307863451,-2.4316786870302423,1779854640.2869186
-1.6147075701725855,-2.4316784805152905,1779854640.3467925
-1.6159662724690425,-2.4315831426777272,1779854640.3667362
-1.6159627467443138,-2.43157981986365,1779854640.386764
-1.6159626962847935,-2.4315797384710436,1779854640.4467664
-1.6159629029175482,-2.4315798128502326,1779854640.4867167
-1.6159631552859128,-2.431579897145327,1779854640.5468419
-1.615963413846106,-2.4315799729358334,1779854640.5867417
-1.6159636622938007,-2.431580032507379,1779854640.6467159
-1.615963894774467,-2.4315800746148644,1779854640.686742
-1.615964106589728,-2.4315800980262527,1779854640.7467988
-1.6159643045647643,-2.431580110727421,1779854640.7867248
-1.615964487712325,-2.4315801133926316,1779854640.8467069
-1.615964659163537,-2.4315801097738667,1779854640.8866491
-1.6159648144811256,-2.431580097260327,1779854640.9467404
-1.6159649607802429,-2.431580082204284,1779854640.9867475
-1.6159650932606273,-2.431580061372399,1779854641.046712
-1.6159652183655109,-2.4315800400296537,1779854641.08667
-1.6159653318996559,-2.431580015248282,1779854641.146763
-1.6159654351822397,-2.431579988231493,1779854641.1868427
-1.6159655318135562,-2.4315799615956406,1779854641.2467537
-1.6159656208083297,-2.431579934594016,1779854641.2866473
-1.615965702710448,-2.4315799075614173,1779854641.346719
-1.6171326989803065,-2.431714332536191,1779854641.3668237
-1.6171317910824046,-2.431713626000679,1779854641.3867178
-1.6171317520339281,-2.431713653358379,1779854641.4471602
-1.6171317638393397,-2.4317136946978124,1779854641.4868586
-1.6171317882286558,-2.431713732623816,1779854641.5469534
-1.6171318163292194,-2.431713765311105,1779854641.5870292
-1.617131844931552,-2.431713792510456,1779854641.6470063
-1.617131871832488,-2.431713813765444,1779854641.6868513
-1.617131897414666,-2.431713830493292,1779854641.7469664
-1.6171319228786076,-2.4317138445257256,1779854641.786872
-1.6171319464246394,-2.43171385496833,1779854641.846942
-1.617131968601796,-2.431713862827793,1779854641.8866725
-1.617569061643096,-2.432085933922188,1779854641.9466689
-1.6186254782791665,-2.4329639292456924,1779854641.986881
-1.619922192152492,-2.4340139834265266,1779854642.0471106
-1.6197680181208558,-2.433842782938389,1779854642.0868297
-1.6174725956003857,-2.4319706818863023,1779854642.147116
-1.6125684768632704,-2.4280812215982275,1779854642.1866848
-1.6048724892109807,-2.422095240969105,1779854642.2469366
-1.5960750777571875,-2.415419597925129,1779854642.286884
-1.5857444810182175,-2.4076580089674917,1779854642.3469157
-1.5778132836528884,-2.3941356500093143,1779854642.3868804
-1.5650284712574307,-2.381859331267569,1779854642.4469798
-1.5502538381186837,-2.367731118394192,1779854642.4867835
-1.5348072685859984,-2.3529865837604165,1779854642.5469625
-1.5189710043347306,-2.337981822670081,1779854642.587032
-1.5029222823763693,-2.3229010059234962,1779854642.647097
-1.4865305345373552,-2.3076287892818876,1779854642.6869357
-1.4698855794056442,-2.2922507401211965,1779854642.7469807
-1.4530783304548514,-2.2768487836319196,1779854642.7868624
-1.4360834406484417,-2.26140535515879,1779854642.846772
-1.4188478873650154,-2.2458726476618014,1779854642.8867736
-1.4014959700779501,-2.230363292145178,1779854642.9467418
-1.383971596219692,-2.2148283949626717,1779854642.9867234
-1.3664009322012214,-2.1993807045978557,1779854643.0467813
-1.3487511350755246,-2.1839908063241795,1779854643.0867317
-1.3310578495857985,-2.168689539737648,1779854643.1466248
-1.3132367015626776,-2.1534033995723094,1779854643.1866927
-1.2953276674925023,-2.138167530712081,1779854643.2468135
-1.2773033529174562,-2.122959573113688,1779854643.286664
-1.288416700206798,-2.0755651975307314,1779854643.3468978
-1.2721207394425311,-2.058688526908135,1779854643.3866808
-1.2558653073847699,-2.0419418414362087,1779854643.4467998
-1.2396617912551036,-2.025333551898062,1779854643.4867446
-1.22341275722585,-2.0087655899272674,1779854643.5467675
-1.2071300095068462,-1.9922487785477172,1779854643.586761
-1.1906707624630712,-1.9756346842179286,1779854643.6466885
-1.1740902344590562,-1.9589810839096542,1779854643.686622
-1.1572466989493784,-1.9421446590666438,1779854643.7466595
-1.1403617044207066,-1.925344834543232,1779854643.78669
-1.1233776988046937,-1.9085268207432808,1779854643.8466449
-1.1063708071840523,-1.8917671626912855,1779854643.8866487
-1.0893533214800597,-1.8750780907734028,1779854643.946702
-1.072216103646354,-1.8583522166418294,1779854643.9866638
-1.0550725375316088,-1.8417004383897355,1779854644.0466611
-1.0378089750377266,-1.8250126742593278,1779854644.0866003
-1.0204251792136452,-1.808289173559523,1779854644.1466708
-1.0030617315418189,-1.7916652569548217,1779854644.1867392
-0.9856322167945151,-1.7750579854615955,1779854644.2466626
-0.9682585179904117,-1.7585832852234593,1779854644.2867699
-0.9860538824935521,-1.7017983501748477,1779854644.3467338
-0.971445085835591,-1.6856692262813238,1779854644.386655
-0.9552445483920687,-1.6678339840112042,1779854644.4467673
-0.9388046187512106,-1.6497789993772782,1779854644.4866905
-0.9223128465803511,-1.6317027297031856,1779854644.5466912
-0.905794123769318,-1.6136384312198813,1779854644.5867248
-0.8892164052883118,-1.5955522397906075,1779854644.6466932
-0.872673404158594,-1.5775434187411912,1779854644.6866515
-0.8562602987706813,-1.5597180295595452,1779854644.7466838
-0.8398117018016321,-1.5418990555044323,1779854644.7866764
-0.8234011096547793,-1.524163156447988,1779854644.846693
-0.8070522698468823,-1.5065358728711573,1779854644.886613
-0.7905793678193588,-1.4888194249287512,1779854644.9467278
-0.773991341996613,-1.471021581348112,1779854644.9866266
-0.7573438688524243,-1.4532004023465197,1779854645.04695
-0.740598344694633,-1.4353165364701421,1779854645.0869088
-0.7237683497412418,-1.417384682758175,1779854645.1468294
-0.7068589364360998,-1.3994102575271299,1779854645.1867483
-0.6899056174876442,-1.3814315041902963,1779854645.246686
-0.6729737063987358,-1.3635176197372232,1779854645.2868578
-0.6836609805251217,-1.3102130960015388,1779854645.3466969
-0.6713812735734028,-1.2958071666319195,1779854645.386979
-0.6554733120094448,-1.2771555879763263,1779854645.4468155
-0.6396697731641275,-1.2586407503632528,1779854645.4868677
-0.623860602783775,-1.240136601308525,1779854645.5467556
-0.6080963095917189,-1.2216978692765073,1779854645.586688
-0.592384911070352,-1.2033346354694905,1779854645.6467578
-0.5766410610389847,-1.1849494436595451,1779854645.686639
-0.5609026135828785,-1.1665846750837543,1779854645.74714
-0.5451601697742353,-1.1482282235672439,1779854645.7870266
-0.5293627069260962,-1.1298208277219428,1779854645.8467724
-0.5136111363144669,-1.1114803806518259,1779854645.8868175
-0.4978741093121356,-1.0931696289477326,1779854645.9468012
-0.4822224295182445,-1.0749715340677533,1779854645.9868035
-0.466553321729724,-1.05676738052916,1779854646.0469453
-0.4508375929094464,-1.0385236765406718,1779854646.0867803
-0.435019328287721,-1.0201745907348148,1779854646.1466978
-0.4192210964652062,-1.0018612729419376,1779854646.1868615
-0.40335720321262025,-0.9834850867042789,1779854646.2467685
-0.38748253894090096,-0.9651099844034671,1779854646.2868154
-0.40108016029199395,-0.9404099582124926,1779854646.306609
-0.391478925174395,-0.9286181831282296,1779854646.3466892
-0.3763641225216231,-0.9100566081964905,1779854646.386724
-0.36122206211128915,-0.8914644143710488,1779854646.446744
-0.34602703512810556,-0.8728052455021489,1779854646.4868383
-0.33083265934890055,-0.8541421480646123,1779854646.5467885
-0.3154397456764343,-0.8352360269135447,1779854646.5868087
-0.29985158289579017,-0.8160873631438385,1779854646.6466432
-0.2841887458686075,-0.796840074402269,1779854646.6866913
-0.26845019425179767,-0.7774954861159334,1779854646.7469823
-0.25270644783553037,-0.7581406027843962,1779854646.7869642
-0.23698084128370442,-0.7388041776469328,1779854646.8469243
-0.22127336109638265,-0.7194867994501569,1779854646.8868637
-0.2056097287278274,-0.7002204943596605,1779854646.9466896
-0.18997318639635136,-0.6809845025470316,1779854646.9867606
-0.17436019288778515,-0.6617746135285625,1779854647.0470617
-0.15875661558778897,-0.6425729924257159,1779854647.0867143
-0.14315854982649148,-0.6233750026999133,1779854647.1467507
-0.12762719399330738,-0.6042558615438299,1779854647.186905
-0.11214820125719327,-0.5851980735001056,1779854647.2467527
-0.09669642438019953,-0.5661710587926163,1779854647.2868423
-0.09871247679212884,-0.5483130951194639,1779854647.3068824
-0.09111271880368511,-0.5386825079714272,1779854647.3467994
-0.07594448075532252,-0.5194560057158621,1779854647.3868256
-0.060834722115836785,-0.5002918096100671,1779854647.4469025
-0.045768340194383764,-0.4811712300324976,1779854647.4866679
-0.030742334245611867,-0.4620912496023774,1779854647.5468266
-0.015779698583887246,-0.44307985944628786,1779854647.5867174
-0.0008276481093713032,-0.42407051742454555,1779854647.6470184
0.014103216084147416,-0.4050782281490989,1779854647.6868353
0.02909011084502079,-0.38600360428987607,1779854647.7468674
0.044093670626693365,-0.3668956746848266,1779854647.7868392
0.05919477900580993,-0.34765292170493195,1779854647.8468099
0.07436340850752444,-0.32831268958407667,1779854647.886917
0.0895821599661231,-0.3088958946708004,1779854647.9467182
0.10482790840226695,-0.28943273453857926,1779854647.986771
0.12002942861828375,-0.2700143557295115,1779854648.0471742
0.13520982970504114,-0.25061066728999665,1779854648.086756
0.15028064314960843,-0.23133540256333376,1779854648.147042
0.1653484142357534,-0.21205365832113646,1779854648.1866796
0.18047192088712832,-0.1926893162389591,1779854648.246914
0.19558049254296617,-0.17333215066799415,1779854648.2869196
0.20285646358375103,-0.15961263662098096,1779854648.327186
0.20860718430257288,-0.15219245052174535,1779854648.3469918
0.22362809273500361,-0.13280620914547245,1779854648.3868
0.23854902720732551,-0.11353519196805005,1779854648.4469392
0.25341924572327507,-0.0943163762152358,1779854648.4867952
0.268215265880338,-0.0751809630711653,1779854648.5466692
0.28299306608041086,-0.05605580442698109,1779854648.5867908
0.29769220633601107,-0.03701927404769467,1779854648.6468358
0.3123480054017214,-0.018025901017032143,1779854648.6867676
0.32698074323723947,0.0009506388078971203,1779854648.7466834
0.341586801880059,0.019905493090772733,1779854648.7868268
0.3546701764651479,0.03690872409039715,1779854648.8470514
0.36570561475995456,0.05126486551436811,1779854648.886682
0.37631743532974543,0.0650648816112508,1779854648.9469395
0.38664054895578265,0.07849874040391118,1779854648.9871023
0.3966528136025803,0.09153710697987757,1779854649.046659
0.4063509615592883,0.10417516187770695,1779854649.0868635
0.41577338496793326,0.11646239917872929,1779854649.1466684
0.42487396591783927,0.12833816907445847,1779854649.1869755
0.4039369027856019,0.10109443575537423,1779854649.247128
0.40462947471896443,0.10199697944793004,1779854649.28685
0.405949615465739,0.10056941707639468,1779854649.326682
0.4065093572788144,0.10129761176680113,1779854649.34681
0.4065634399926466,0.10136632330836684,1779854649.3867779
0.40650546498559265,0.10128859285855214,1779854649.4468777
0.406416335999313,0.10117021212305073,1779854649.4869418
0.40632588675915865,0.10105015372630978,1779854649.5469325
0.40624582026212713,0.10094373908455656,1779854649.5869944
0.40617485830246347,0.10084930215364034,1779854649.6468508
0.4061141436779887,0.10076834370123741,1779854649.6870563
0.4060623250790856,0.10069909935269264,1779854649.746915
0.40601744413710394,0.10063900500446991,1779854649.7867587
0.4059787554060578,0.10058708532187427,1779854649.8466663
0.4059462324996412,0.10054331003599623,1779854649.8869114
0.40591737697656266,0.10050439867161019,1779854649.9471128
0.4058930239895146,0.10047145067497684,1779854649.9866157
0.40587217362829314,0.1004431535209458,1779854650.0468612
0.40585395299432686,0.10041835883580061,1779854650.0869024
0.405837987892981,0.10039657372775512,1779854650.1466827
0.4058244323658655,0.10037800210414201,1779854650.1866794
0.40581285055869354,0.10036207008686711,1779854650.2470279
0.4066533108037534,0.09973092940147556,1779854650.2873225
0.406646526843247,0.09972202875157384,1779854650.346963
0.40663846993917674,0.09971132974888097,1779854650.3870196
0.4066311547331466,0.09970155659242244,1779854650.4467206
0.40662432415032057,0.09969239862950711,1779854650.4866786
0.4066186050682144,0.0996846903685351,1779854650.5468552
0.4066133853666372,0.09967763291528388,1779854650.5868006
0.4066088514869927,0.09967147513258527,1779854650.647026
0.4066050425860795,0.09966627183568587,1779854650.6869323
0.40660161982347026,0.09966157895449068,1779854650.7471635
0.40659864231666454,0.09965747609159198,1779854650.7869868
0.4062150326598191,0.0991530435319805,1779854650.8469837
0.40529765396306067,0.09794516205110343,1779854650.887093
0.4044709630151181,0.09685426794032663,1779854650.9466586
0.4039962331176739,0.09622657796971523,1779854650.9869473
0.4036563165778248,0.09577731668646769,1779854651.0470386
0.4036169417231699,0.09572419920680712,1779854651.0872774
0.40394999112016566,0.09616307905423739,1779854651.1467094
0.4041565523745959,0.09643672583211492,1779854651.1869032
0.4040377046775677,0.09628054727240058,1779854651.2468545
0.4052288588444836,0.09504201839968389,1779854651.2870407
0.4049978295743823,0.0947463959352225,1779854651.3469944
0.4048084138325252,0.09450439122184899,1779854651.3867493
0.4046183089009678,0.09426051743580456,1779854651.446735
0.4044082977772499,0.09399081172692147,1779854651.4869049
0.40418999342369555,0.09371057001130702,1779854651.546695
0.4040012329998698,0.09346857929963119,1779854651.5867443
0.40385605052027507,0.09328258216921216,1779854651.6469004
0.4037211680900045,0.09310944880400845,1779854651.686819
0.40358262054859856,0.09293148908155599,1779854651.7468736
0.4034423124491039,0.09275126578438155,1779854651.7867012
0.40326298799548904,0.09252065119672327,1779854651.8469586
0.4030299433626631,0.09222094278886692,1779854651.8866837
0.40277125159636246,0.09188843002810093,1779854651.9467041
0.40249685107884414,0.09153575245717163,1779854651.987024
0.40221730198013406,0.09117647203916546,1779854652.0467868
0.40196891104808224,0.09085735057645251,1779854652.0870261
0.40176432305050086,0.09059453144078435,1779854652.1468103
0.4016465897616411,0.09044346533043379,1779854652.1868823
0.40163258614054015,0.09042574798572807,1779854652.2470682
0.4016558452733307,0.09045571776377112,1779854652.287035
0.40121159506938053,0.09100821724326015,1779854652.307045
0.40130612626996365,0.09112809331011183,1779854652.3467066
0.4014872172553482,0.09135609119866937,1779854652.3869271
0.40169818713905886,0.0916202812243279,1779854652.4468036
0.4019186072227476,0.0918959407665,1779854652.486984
0.40214255121564196,0.09217586540349362,1779854652.5471168
0.40236761547671646,0.09245710339723436,1779854652.5869782
0.4025928792837591,0.09273851626577347,1779854652.646899
0.4028317264621805,0.09303697241914972,1779854652.6870198
0.4030882020613344,0.09335739199951074,1779854652.7471898
0.40335144436568376,0.0936860348570854,1779854652.787145
0.40361649763644164,0.09401680436734908,1779854652.8470345
0.4038828693755781,0.09434911063963937,1779854652.886698
0.40417513760591706,0.09471383202589999,1779854652.9471016
0.4045054130095175,0.09512587399236676,1779854652.9866853
0.40484682402539324,0.09555146495566097,1779854653.047154
0.4051930195076428,0.0959828259373051,1779854653.087131
0.40554096139387596,0.09641620944941423,1779854653.147109
0.405883809343291,0.09684306550992204,1779854653.186608
0.40621584672100375,0.09725631770501929,1779854653.2468975
0.40538857032080416,0.09825633171989918,1779854653.2666645
0.4056135265622596,0.09853013404119422,1779854653.2866557
0.4059190319225804,0.09890155143703068,1779854653.3470445
0.406188169728468,0.09922846545821955,1779854653.3867285
0.4064107686261176,0.09949852370871727,1779854653.4467752
0.40658381390091336,0.09970822395200084,1779854653.4868457
0.4067375213570419,0.09989479968066882,1779854653.5468166
0.40687908406757906,0.1000665697742573,1779854653.5868073
0.407009630456696,0.10022488427708368,1779854653.646895
0.4071361702469541,0.10037832148572659,1779854653.6867344
0.4072154082251057,0.10047387217457134,1779854653.746923
0.4072293315601639,0.10049019357405867,1779854653.7868059
0.4072124492894926,0.10046964357759755,1779854653.8471704
0.4071787155060083,0.10042885175006742,1779854653.887181
0.4071392555642939,0.10038126041625606,1779854653.9471548
0.40716445814468305,0.1004123773526969,1779854653.9870234
0.40728186612582384,0.10055484571470671,1779854654.0470912
0.40743364640038554,0.10073809851326805,1779854654.0870357
0.40758908930576576,0.10092542012133132,1779854654.147023
0.4077391882444286,0.10110612156272693,1779854654.186737
0.4078596918231216,0.10125092580277362,1779854654.2467625
0.40684278162993726,0.10225193272710792,1779854654.2666533
0.40686697246242987,0.10227956413357178,1779854654.2866235
0.4069365537850987,0.10236141489855956,1779854654.3467803
0.406968310316023,0.10239825046441973,1779854654.3867495
0.4069520355677498,0.10237851189110199,1779854654.4469328
0.4069842732402189,0.10241731439174054,1779854654.4870844
0.40710483778554873,0.10256009140124996,1779854654.5470822
0.4072593419347383,0.10274161938418307,1779854654.587089
0.40735740558778893,0.10285570963472201,1779854654.6471007
0.40736479919821944,0.10286331558248324,1779854654.6871343
0.4072972572224373,0.10278361933376123,1779854654.7471514
0.4071622636343351,0.10262533924073698,1779854654.7871575
0.4070024909797396,0.102438818978994,1779854654.847106
0.4068281876787688,0.1022356079325189,1779854654.886956
0.40664203980166413,0.10201881013271896,1779854654.94705
0.4064990835421154,0.1018530355095225,1779854654.9869082
0.40642088818140776,0.10176282642249414,1779854655.0470765
0.40636711122074826,0.10170059482810863,1779854655.086995
0.40621851424269545,0.10152728810651822,1779854655.147247
0.40593004362539664,0.10119173412981608,1779854655.1872313
0.40567190727558156,0.1008932758289748,1779854655.247217
0.40373580816171395,0.1022083469545883,1779854655.2670074
0.4037563790228959,0.10223584904348902,1779854655.2867582
0.40363101199460616,0.10209667960241478,1779854655.3467393
0.4034193189728575,0.10185818590656764,1779854655.3867908
0.4030763467135742,0.1014730992392105,1779854655.4467995
0.4028546129451652,0.10122940677573668,1779854655.4868042
0.40285871235537535,0.10123846220743715,1779854655.5467248
0.4029506959119486,0.10134172171888248,1779854655.5866637
0.40299462925194907,0.10138915210898457,1779854655.6467423
0.4029399914043103,0.10132682916971303,1779854655.6866362
0.4028127030350899,0.10118497692745178,1779854655.7468226
0.4026248479997856,0.10097673870723496,1779854655.786968
0.40241487495688494,0.10074510971688051,1779854655.8470106
0.4022814483194844,0.10059956777720083,1779854655.887018
0.4022626944542488,0.10058059915607115,1779854655.9468822
0.4023433525075948,0.10067033902092977,1779854655.9868217
0.4025156898190413,0.10086022952168239,1779854656.0467775
0.40272180487241577,0.10108592209587962,1779854656.0870197
0.40271400681887803,0.10107425796391967,1779854656.1468754
0.40239500883567764,0.10072231568656287,1779854656.1868896
0.3988690763388738,0.10314828187593454,1779854656.2269611
0.39889199795216845,0.10317993879325661,1779854656.2470758
0.39884300807955125,0.10314189934118709,1779854656.2869008
0.3988734430259325,0.10317543516812411,1779854656.347023
0.398880379634024,0.10318091291745835,1779854656.3869426
0.3988245239737657,0.10312222161933943,1779854656.447002
0.3986785332613181,0.10297258090668408,1779854656.4868853
0.3984325223145804,0.10272319106223635,1779854656.5469487
0.39814813569077995,0.10243842080453847,1779854656.586984
0.39788835177767773,0.1021806750826331,1779854656.6469538
0.3976757184369656,0.10197084463356945,1779854656.687028
0.3975685698016286,0.10186760099957659,1779854656.7469306
0.39759123849622796,0.10189322643076837,1779854656.787022
0.39766262014276865,0.10196438427813166,1779854656.8469112
0.3976021719272634,0.10190115313111961,1779854656.886845
0.3973391092630455,0.10163815291808678,1779854656.9469843
0.39710294156185555,0.10140811364876436,1779854656.9869263
0.3969881826123208,0.1012988265334321,1779854657.0470505
0.3969199454357205,0.10123310371537049,1779854657.0868585
0.3969705740515915,0.10128472222162624,1779854657.1469653
0.3971717363775293,0.10148249026777599,1779854657.186927
0.39272065076519125,0.10553282949388974,1779854657.22694
0.3927415795106664,0.10554950118420652,1779854657.2470047
0.3929587213327844,0.1057293814302692,1779854657.2869053
0.393164512021294,0.10590112953479382,1779854657.347015
0.39318961759690074,0.10590961851998432,1779854657.3869104
0.39295773755824703,0.10570164760684085,1779854657.446846
0.392719098638259,0.10550503234444149,1779854657.4868765
0.3925816060200793,0.10539716057047083,1779854657.5468085
0.39248673692887664,0.10532077045148963,1779854657.587184
0.3924205291538076,0.10526776548574403,1779854657.6469579
0.3923807527049818,0.10523636754199062,1779854657.686979
0.39235097314737694,0.10521240289981659,1779854657.7471085
0.39232418763663035,0.10519072611432645,1779854657.7869842
0.39229833845556744,0.10516983580142285,1779854657.84705
0.39221659849723056,0.10510200959545435,1779854657.887091
0.3920554550679002,0.10497063395591275,1779854657.9471278
0.39186266322317587,0.10482247011768286,1779854658.0470712
0.39187640313391314,0.10483410320139168,1779854658.0870337
0.3918979245759784,0.10485107943920305,1779854658.1471214
0.3919223154245681,0.1048700272441667,1779854658.187062
0.3878297025215319,0.10835433164281932,1779854658.247062
0.388002272320888,0.10847371337837011,1779854658.2867768
0.38820841057283484,0.10860700868134937,1779854658.3470905
0.3884072168321176,0.10873161557679382,1779854658.3867338
0.38858502063341405,0.10884141072561332,1779854658.4469683
0.38872859277435984,0.10892830669135986,1779854658.486726
0.3888330743937645,0.1089902886801445,1779854658.5468721
0.3889232380632065,0.10904492839853445,1779854658.5868714
0.3889196021935541,0.10903677473004951,1779854658.6468532
0.38879046218415364,0.10895152144611778,1779854658.6870844
0.3885881864983863,0.10882663545507394,1779854658.7469301
0.3883333031500081,0.10867250354736929,1779854658.7870805
0.3880597291498799,0.10851036623019632,1779854658.8471036
0.38777955559914123,0.10834613026043362,1779854658.887022
0.38749765401365016,0.10818228812210068,1779854658.9472058
0.38714178623545287,0.10797350909107313,1779854658.9870467
0.3866844577073573,0.10770736520365547,1779854659.0472088
0.386188240805768,0.10742441565988729,1779854659.0870018
0.38565236665924274,0.10712109831799374,1779854659.1471505
0.3850746152954449,0.10679674770994044,1779854659.1871219
0.3815089228001717,0.10878647656929329,1779854659.247138
0.38093762526800584,0.10853352334574301,1779854659.2868016
0.3802258455755525,0.10822481281632383,1779854659.347265
0.37948548357004613,0.10790683197655439,1779854659.387088
0.3787172666112621,0.10758097950786775,1779854659.4471178
0.37814294452663005,0.1073568162795783,1779854659.4870443
0.3778576243620155,0.10725822268195546,1779854659.5467908
0.37768592214908403,0.10719314959005825,1779854659.5868638
0.3775586888330289,0.1071432829017688,1779854659.6468604
0.3774559905356768,0.10710278260500697,1779854659.6867638
0.377399632327742,0.10708230485958802,1779854659.7469296
0.37740009827869264,0.10708426099461381,1779854659.7868493
0.3774219332543703,0.10709218772699032,1779854659.8471227
0.37732494048050663,0.10704852164463091,1779854659.8870244
0.37705281168892363,0.10693954316336408,1779854659.9472404
0.37673329372611464,0.10682223019342309,1779854659.9870336
0.3764191228466312,0.10671070593034225,1779854660.047174
0.3761092040238558,0.10660204134422477,1779854660.0870626
0.37583843535335487,0.10651025509944954,1779854660.147112
0.37562209870941377,0.1064388104895441,1779854660.1870284
0.3738806007977227,0.10811400974073188,1779854660.2071395
0.3738687876970551,0.1081235419169727,1779854660.2470274
0.37391997899041296,0.1081464272050025,1779854660.286873
0.37402301845284225,0.10817163082314381,1779854660.3471198
0.37413413959439196,0.1081948280942137,1779854660.386973
0.37423682776798617,0.10821478927553474,1779854660.4470327
0.3742758028439842,0.10821731157506938,1779854660.4869251
0.37422840160693716,0.10820152962154167,1779854660.5468845
0.3741475668350257,0.1081836018557119,1779854660.5875645
0.3740761564705541,0.10817048333313013,1779854660.6468763
0.37403004208223706,0.10816312499541339,1779854660.6869915
0.37398350321950596,0.10815434707399706,1779854660.7468977
0.37392562123915146,0.10814350824770001,1779854660.7870712
0.37386331054385724,0.10813280762692083,1779854660.8469448
0.3738504882251719,0.10813319533126975,1779854660.8870714
0.3739089534903938,0.10814514245716515,1779854660.9470954
0.37403533704392306,0.10816608540984496,1779854660.9869437
0.3742275142867695,0.10819509958846006,1779854661.047137
0.37444425852413155,0.10822397526291158,1779854661.087354
0.3746481206691343,0.10824826478016034,1779854661.1471941
0.3748256323320784,0.10826774936515551,1779854661.1870143
0.37433366617418073,0.10886418965534328,1779854661.2071414
0.37456589296579323,0.10888462902680178,1779854661.2472277
0.3750609925693549,0.1089133388464638,1779854661.2869925
0.3756201829228449,0.10892872389101595,1779854661.3471143
0.3762006319539288,0.10893744403709937,1779854661.3870754
0.3767870571795552,0.10894129764288975,1779854661.4471185
0.37726407797260525,0.10893286096209302,1779854661.4868507
0.3775808876383935,0.10892027518276394,1779854661.5469077
0.3778379262258588,0.10891371897171687,1779854661.5867941
0.37802423840465227,0.1089057801492907,1779854661.6469338
0.3781313890295594,0.10889864753271744,1779854661.6867545
0.37819955713463155,0.1088948103771636,1779854661.7469695
0.37824389027443306,0.10889232611117071,1779854661.7868707
0.3782800039551595,0.10889078966117757,1779854661.847043
0.37834463314957933,0.10888934791405362,1779854661.8870559
0.37845218714327855,0.1088851178074552,1779854661.9470763
0.37875254226783694,0.10887421410211282,1779854661.987045
0.3793041735768193,0.10884296226877731,1779854662.0473466
0.3799475066935273,0.10879020025973846,1779854662.0869668
0.38076562154357824,0.10872109627832552,1779854662.1471622
0.38179452747317855,0.1086256403666828,1779854662.1870105
0.38242289679420777,0.10821336926487614,1779854662.2270455
0.3827358380188718,0.10814888690457562,1779854662.246987
0.38362525708579326,0.10797655173298285,1779854662.2869265
0.38448164679019103,0.10781033657724054,1779854662.347107
0.38513838204288964,0.1076643434832866,1779854662.3869445
0.3855337692024793,0.10756436253391954,1779854662.4471822
0.3858133199044111,0.10749816517310733,1779854662.4869978
0.3860335754450037,0.10744660419625772,1779854662.5472453
0.38623340995868627,0.10740048832323684,1779854662.586935
0.38640609033818096,0.10735849585936702,1779854662.6468315
0.38654883007895957,0.10732229158545047,1779854662.686867
0.3866902928820677,0.10728715172988337,1779854662.7472475
0.3868421629904679,0.10724846739111189,1779854662.7869961
0.3869979240412889,0.10720674090526053,1779854662.8473125
0.38715403934796255,0.1071632708539283,1779854662.8870902
0.38731074685880523,0.10711810665950137,1779854662.9469435
0.3874774219123373,0.10706905860218245,1779854662.9868553
0.3876575363155015,0.10701438864251332,1779854663.047179
0.3878419074625891,0.10695603490627459,1779854663.0870707
0.38797717629629797,0.10690888542823115,1779854663.146795
0.38813221822103866,0.10627970474687824,1779854663.1870377
0.38822432343985125,0.1062464790080342,1779854663.2468133
0.38837462717467236,0.10619007968044825,1779854663.2866976
0.3885456311890193,0.10611920848904952,1779854663.34687
0.3887711588641755,0.10602548977407651,1779854663.3867443
0.3890643374225757,0.10589951202727735,1779854663.4467947
0.38946734266348715,0.10572289381799539,1779854663.4867184
0.3899948129265818,0.10548370562706517,1779854663.546826
0.3905646958662693,0.10521098353617002,1779854663.586782
0.39135671541775924,0.10483705748156891,1779854663.646886
0.39243808683576203,0.10431174325380525,1779854663.6873922
0.393671238622366,0.10368389473329503,1779854663.746762
0.39500694828997146,0.10298406333961849,1779854663.7867343
0.39637448466811226,0.10224595368774841,1779854663.8471715
0.3975831733612224,0.10156527320210383,1779854663.8868678
0.39857753209021807,0.10098755376994593,1779854663.9472
0.39943349860406685,0.10048541819599141,1779854663.9872751
0.40018950464886166,0.10003443005893338,1779854664.047137
0.40090566262982824,0.09960362903580976,1779854664.087113
0.4014889452975793,0.09923750876593063,1779854664.1471725
0.40180202067012666,0.098128901874789,1779854664.1870718
0.4022326836496274,0.0978377026068755,1779854664.2470932
0.40274968112924714,0.09748513928892684,1779854664.2869964
0.40329495746567334,0.0970972052463101,1779854664.346998
0.40382632888416664,0.09670726802541318,1779854664.386923
0.4043354214452141,0.09632493919839397,1779854664.4470642
0.40391241644980347,0.0965521620704978,1779854664.4868727
0.40226471842943157,0.09771749115321184,1779854664.546871
0.4002269372886515,0.0993128762378492,1779854664.5869727
0.3993660476217443,0.10015087279387379,1779854664.647151
0.4001948980379938,0.09964674456943354,1779854664.6867387
0.4007292102650852,0.09915642765963915,1779854664.7470367
0.40031607788963464,0.09940903076574548,1779854664.7871614
0.39959740690933493,0.1000116959301143,1779854664.8470163
0.3989696002841364,0.10058837452911454,1779854664.887006
0.39855481275915433,0.10099374583838874,1779854664.9470558
0.3983903485758482,0.10117615366218813,1779854664.987012
0.3984829970420885,0.10111736468392116,1779854665.0470603
0.39865656474673095,0.10095746185172466,1779854665.0869834
0.39872842779494705,0.1008733517813346,1779854665.147094
0.3984971846078636,0.1015644481625165,1779854665.1867368
0.39841750748696075,0.10163917911901547,1779854665.2471092
0.3983891420284151,0.101670201899282,1779854665.28693
0.3983801915985737,0.10168012138895198,1779854665.3471315
0.3983773676051288,0.10168319223879879,1779854665.3871253
0.39837647239362345,0.10168406431958554,1779854665.4471102
0.398376174447726,0.10168424669686153,1779854665.4870934
0.3983760596264245,0.10168421953936012,1779854665.547108
0.3983760054389315,0.10168412788610862,1779854665.5870185
0.398375967174678,0.10168402537039908,1779854665.6471055
0.3983759333376561,0.10168392613386128,1779854665.6870162
0.3983759028065013,0.10168383138544326,1779854665.7467484
0.39837587301859495,0.10168374395219085,1779854665.786786
0.39837584505423335,0.101683662117139,1779854665.8470795
0.39837581712434345,0.10168358781616273,1779854665.8870568
0.3983757896168609,0.10168352025290107,1779854665.9470935
0.39837576489293386,0.10168345582052085,1779854665.9870455
0.3983757404270433,0.10168339753772213,1779854666.0470736
0.39837571641665465,0.10168334487228073,1779854666.0870423
0.3983756942401507,0.10168329549652205,1779854666.147046
0.3983756733236945,0.10168324983247468,1779854666.1868474
0.3979868329040836,0.10256475703671364,1779854666.2071588
0.39798672627720066,0.1025648990508642,1779854666.2469773
0.3979867270989351,0.10256490244209014,1779854666.287041
0.39798673482346936,0.1025648892530857,1779854666.347073
0.3979867437911643,0.10256487063875272,1779854666.387392
0.39798675090419305,0.10256485184600656,1779854666.44716
0.39798675588359517,0.1025648340627538,1779854666.48701
0.397986759326895,0.1025648171162067,1779854666.5470338
0.3979867620295866,0.10256480040525677,1779854666.5872056
0.39798676319114,0.10256478521045595,1779854666.646992
0.3979867634277323,0.10256477102569152,1779854666.6870735
0.3979867628603499,0.10256475789652661,1779854666.7469454
0.39798676215676176,0.10256474509637484,1779854666.787011
0.3979867605848009,0.10256473372306527,1779854666.8468785
0.39798675890204827,0.10256472286168306,1779854666.8869379
0.39798675715055815,0.10256471250894661,1779854666.947065
0.3979867549663078,0.10256470323799431,1779854666.9869506
0.3979867526231931,0.10256469471310391,1779854667.0470958
0.3979867504694992,0.10256468644089077,1779854667.087132
0.3979867479924666,0.10256467919930193,1779854667.1470952
0.3975829786902369,0.10311615877728791,1779854667.1669464
0.3975829434076402,0.10311621164345144,1779854667.186896
0.3975829454337488,0.10311621591401965,1779854667.247019
