x,y,t
0.000577818065163411,-0.00031746741115505584,1779850952.528258
0.0005778180651634171,-0.0003174674111550592,1779850952.54829
0.0005778180651634558,-0.00031746741115508084,1779850952.588158
0.0005778180651634944,-0.00031746741115510247,1779850952.6485748
0.0005778180651635331,-0.00031746741115512415,1779850952.688457
0.0005778180651635718,-0.0003174674111551458,1779850952.7480738
0.0005778180651636104,-0.0003174674111551674,1779850952.7883046
0.000577818065163649,-0.000317467411155189,1779850952.8485615
0.0005778180651636877,-0.0003174674111552106,1779850952.8885014
0.0005778180651637264,-0.00031746741115523224,1779850952.9485874
0.000577818065163765,-0.0003174674111552539,1779850952.988538
0.0005778180651638037,-0.0003174674111552755,1779850953.0486093
0.0005778180651638423,-0.00031746741115529713,1779850953.0884824
0.0005778180651638809,-0.00031746741115531876,1779850953.1485186
0.0005778180651639196,-0.0003174674111553404,1779850953.1884818
0.0005778180651639583,-0.000317467411155362,1779850953.2485778
0.0005778180651639969,-0.00031746741115538365,1779850953.2885582
0.0005778180651640355,-0.00031746741115540523,1779850953.348466
0.0005778180651640742,-0.00031746741115542686,1779850953.388581
0.000577818065164113,-0.0003174674111554485,1779850953.4486148
0.0005778180656058683,-0.00031746741036595404,1779850953.488699
0.000577818065605907,-0.00031746741036597567,1779850953.5485456
0.0005778180656059456,-0.0003174674103659973,1779850953.58835
0.0005778180656059842,-0.0003174674103660189,1779850953.6484847
0.0005778180656060229,-0.0003174674103660405,1779850953.6883798
0.0005778180656060616,-0.00031746741036606214,1779850953.748624
0.0005778180656061003,-0.0003174674103660838,1779850953.7885165
0.0005778180656061389,-0.00031746741036610545,1779850953.8485632
0.0005778180656061775,-0.0003174674103661271,1779850953.8885334
0.0005778180656062161,-0.0003174674103661487,1779850953.9487553
0.0005778180656062548,-0.00031746741036617034,1779850953.9884937
0.0005778180656062934,-0.00031746741036619197,1779850954.048677
0.0005778180656063321,-0.0003174674103662136,1779850954.088453
0.0005778180656063707,-0.0003174674103662352,1779850954.1485898
0.0005778180656064094,-0.0003174674103662568,1779850954.1885126
0.000577818065606448,-0.00031746741036627844,1779850954.2486167
0.0005778180656064867,-0.00031746741036630007,1779850954.2885804
0.0005778180656065254,-0.0003174674103663217,1779850954.3483586
0.0005778180656065641,-0.0003174674103663433,1779850954.3880997
0.0005778180656066027,-0.00031746741036636495,1779850954.44862
0.0005778180656066414,-0.0003174674103663866,1779850954.4885943
0.0005778180660119422,-0.0003174674096419734,1779850954.5082684
0.0005778180660119751,-0.00031746740964199176,1779850954.5480769
0.0005778180660120137,-0.00031746740964201333,1779850954.5883029
0.0005778180660120523,-0.0003174674096420349,1779850954.6484747
0.000577818066012091,-0.00031746740964205654,1779850954.6884575
0.0005778180660121297,-0.00031746740964207817,1779850954.748641
0.0005778180660121683,-0.0003174674096420998,1779850954.7885356
0.000577818066012207,-0.0003174674096421214,1779850954.848644
0.0005778180660122457,-0.00031746740964214306,1779850954.8886292
0.0005778180660122844,-0.0003174674096421647,1779850954.948594
0.000577818066012323,-0.00031746740964218626,1779850954.9887552
0.0005778180660123617,-0.0003174674096422079,1779850955.0486186
0.0005778180660124004,-0.0003174674096422295,1779850955.0885167
0.000577818066012439,-0.0003174674096422511,1779850955.1484997
0.0005778180660124777,-0.0003174674096422728,1779850955.1880937
0.0005778180660125163,-0.00031746740964229436,1779850955.2486157
0.0005778180660125549,-0.000317467409642316,1779850955.2884917
0.0005778180660125936,-0.0003174674096423376,1779850955.3486094
0.0005778180660126323,-0.00031746740964235925,1779850955.3884373
0.000577818066012671,-0.0003174674096423809,1779850955.4484236
0.0005778180660127097,-0.0003174674096424025,1779850955.4886649
0.0005778180661742406,-0.00031746740935371357,1779850955.50863
0.0005778180661742674,-0.0003174674093537286,1779850955.5483253
0.0005778180661743061,-0.0003174674093537502,1779850955.5886612
0.0005778180661743447,-0.00031746740935377184,1779850955.6481373
0.0005778180661743834,-0.00031746740935379347,1779850955.6883469
0.0005778180661744221,-0.0003174674093538151,1779850955.7484157
0.0005778180661744608,-0.00031746740935383673,1779850955.7883823
0.00039594818683768326,-0.00021575527093679233,1779850955.8487995
-3.934980000836166e-05,2.7688103422696144e-05,1779850955.8884172
-0.0019260590858110086,0.001082843886921135,1779850955.948573
-0.0057306312585414946,0.0032105768180149957,1779850955.9881048
-0.010245908380729885,0.0057357747148742136,1779850956.048427
-0.01702688773250801,0.00952808360990539,1779850956.088556
-0.026709413656874372,0.014943102815561727,1779850956.148687
-0.03901892839585551,0.02182728416320721,1779850956.1886177
-0.053765855224833875,0.0300746066392301,1779850956.248571
-0.0693875690671146,0.03881116115735449,1779850956.2884781
-0.0862696971297005,0.04825261393782703,1779850956.3484564
-0.10445990932032272,0.058425624927276015,1779850956.3885293
-0.1235859526653972,0.06912200907493232,1779850956.4486105
-0.13251862376602766,0.07411476641307914,1779850956.4680247
-0.14336442531323734,0.08018008138254001,1779850956.488458
-0.16338811136579173,0.09137795775230931,1779850956.5485632
-0.18367957802104926,0.1027255832462113,1779850956.5884693
-0.2042276051913447,0.11421668177947554,1779850956.6485417
-0.22501516010206452,0.12584172743368835,1779850956.6885543
-0.24602488435779754,0.137591012611354,1779850956.7485194
-0.26715814238923297,0.1494093758308012,1779850956.7883244
-0.2883182909239245,0.1612427724558195,1779850956.848635
-0.30957752287296925,0.17313157485779285,1779850956.8885942
-0.33091125656754633,0.18506203580087843,1779850956.9484658
-0.35215277458620625,0.19694092209333466,1779850956.988562
-0.3734818722565074,0.20886878064842315,1779850957.0485966
-0.3947487796171181,0.22076185568450996,1779850957.0884864
-0.41609533710932584,0.23269946844765124,1779850957.1486666
-0.43739399238517046,0.2446102878510653,1779850957.188601
-0.45871618183001467,0.2565342631909064,1779850957.2487018
-0.48003352611045036,0.26845552390403427,1779850957.288469
-0.5011887302707219,0.2802861057021636,1779850957.3483915
-0.5222362817200177,0.29205647994981365,1779850957.3885038
-0.5430614003720534,0.3037024586690235,1779850957.4485652
-0.55569103275231,0.3108199407590207,1779850957.4684634
-0.5636272920113125,0.3152591381858067,1779850957.488391
-0.5842288669720755,0.3267826967384131,1779850957.5487158
-0.6047586499413842,0.3382661270175339,1779850957.5883937
-0.6253375438534488,0.34977705945834286,1779850957.6483097
-0.6458952480020284,0.3612761707757775,1779850957.6883638
-0.6664574765814621,0.3727778456312239,1779850957.7482398
-0.6870819667388393,0.38431438102174426,1779850957.7882524
-0.7077175853448067,0.39585717327078307,1779850957.8484097
-0.7283918277816809,0.40742160354472656,1779850957.8882704
-0.7491003359772541,0.4190052377069291,1779850957.9483593
-0.7697095126431813,0.43053334352113315,1779850957.9882338
-0.7902452333840456,0.4420203924097403,1779850958.0483022
-0.8108162659489704,0.4535272271624263,1779850958.088274
-0.8313130691537579,0.4649925736377274,1779850958.148214
-0.8518942981695081,0.47650517712403373,1779850958.1883168
-0.8725898360655571,0.48808175546398996,1779850958.2483842
-0.8932706693078482,0.49965014372064476,1779850958.2883043
-0.9139931157670348,0.511241843208797,1779850958.347997
-0.9347798803378691,0.5228695549314034,1779850958.3883026
-0.9556237234073507,0.5345292289517266,1779850958.4483922
-0.9759494258158888,0.5473184974039533,1779850958.488417
-0.9968674827937539,0.5590665195134722,1779850958.5482984
-1.0178494528475668,0.5708511537538311,1779850958.5882692
-1.038845844956931,0.5826446217953223,1779850958.6483994
-1.0597537890113433,0.5943892578702877,1779850958.6883142
-1.0805365294025093,0.6060643121208831,1779850958.7481332
-1.1012476295835048,0.6176997619936303,1779850958.7882826
-1.1218649449200218,0.6292832540211377,1779850958.848097
-1.1424544705505444,0.6408518530710213,1779850958.888242
-1.1630335552733515,0.6524152485104506,1779850958.9483619
-1.1836869823788674,0.6640211284208744,1779850958.988389
-1.204393067244581,0.6756573517337013,1779850959.0487103
-1.2251030563923553,0.6872964769280403,1779850959.0883944
-1.2459402723710378,0.6990078334849467,1779850959.1482456
-1.266767467191214,0.7107143111597662,1779850959.1883252
-1.2876686800131645,0.7224631336043957,1779850959.248336
-1.3085656551951759,0.7342103201904758,1779850959.2883558
-1.3294504740440105,0.7459514338224301,1779850959.3484395
-1.3502095674600958,0.7576226033337666,1779850959.3882177
-1.3684219182021058,0.7690494201311333,1779850959.4281666
-1.3705733262918844,0.7702624715974083,1779850959.448332
-1.3915155544144422,0.7820717059333359,1779850959.488489
-1.4124803688848793,0.7938950434885166,1779850959.5483205
-1.4336119603460358,0.8058136298211541,1779850959.588341
-1.4548370906364716,0.8177862330039759,1779850959.6483052
-1.4760934293016559,0.8297777621655905,1779850959.6883633
-1.497510433828371,0.841861220809073,1779850959.7481706
-1.518885440465325,0.8539222971180155,1779850959.7883525
-1.5403739804420027,0.8660486595946711,1779850959.848404
-1.5619518782652047,0.8782267235788607,1779850959.8880987
-1.5835836594901074,0.8904365728215899,1779850959.9484036
-1.6051434330108714,0.9026070855007757,1779850959.9882007
-1.626674912599415,0.9147628866784816,1779850960.0484133
-1.6481552422574661,0.9268911225951249,1779850960.0881329
-1.6695457442100872,0.9389699196685316,1779850960.1482513
-1.6907599309190795,0.9509504601448844,1779850960.188344
-1.7118252039348922,0.9628481623873419,1779850960.2481906
-1.732725821149176,0.9746540328753841,1779850960.288491
-1.7536488667098329,0.9864737925336291,1779850960.3481576
-1.774582215458247,0.9983006144891015,1779850960.3881104
-1.7962801899714482,1.0116723093246327,1779850960.4486852
-1.8161692031110435,1.0229393595022265,1779850960.4884012
-1.8372925618602411,1.034907393894161,1779850960.5483289
-1.8583774127903494,1.0468553467821615,1779850960.588334
-1.8795313640595204,1.0588441761701133,1779850960.6483645
-1.9007860484327153,1.0708916940488096,1779850960.6883163
-1.9221887998748266,1.0830248501719604,1779850960.748172
-1.9437131034761344,1.0952287788646677,1779850960.788114
-1.9653219729711966,1.1074823627381332,1779850960.848239
-1.9870240979012186,1.1197905801437131,1779850960.8882823
-2.0087699428152948,1.1321254810989634,1779850960.9482503
-2.0303849133943204,1.144387931030216,1779850960.9880848
-2.0520679207286827,1.156690687594408,1779850961.0482104
-2.0735193761646165,1.1688638796742192,1779850961.0881896
-2.0948092416219235,1.1809471084507024,1779850961.1483407
-2.116131320712066,1.1930502130978875,1779850961.188112
-2.1375292705821174,1.2051980829894315,1779850961.2483256
-2.158939386431673,1.217354631493539,1779850961.2880595
-2.180360097696246,1.229518942697275,1779850961.3483398
-2.2017901807940525,1.2416903159907318,1779850961.3883667
-2.227277739268934,1.256478219227557,1779850961.448313
-2.244505676219455,1.2662726365335568,1779850961.4885228
-2.265973730183864,1.2784791416262922,1779850961.548453
-2.2873058872015566,1.2906102832380792,1779850961.5884578
-2.3085866106137667,1.3027140324125515,1779850961.6484518
-2.3296699771868696,1.3147074233694676,1779850961.6884499
-2.3505523562865442,1.3265883051116945,1779850961.7483854
-2.371320141428268,1.3384056895834564,1779850961.7881496
-2.392175246955149,1.3502744858711064,1779850961.8481536
-2.413158238399408,1.3622178681826254,1779850961.8881705
-2.4342338107446797,1.37421578201687,1779850961.9482377
-2.4554440325385887,1.3862921993309718,1779850961.9880886
-2.4767131984820216,1.3984040863393987,1779850962.0480888
-2.498037557848923,1.4105492097694143,1779850962.0882885
-2.51960540523137,1.4228348727503306,1779850962.1481574
-2.541240222019151,1.4351605880456744,1779850962.1884444
-2.563030212722211,1.4475766108745105,1779850962.248545
-2.5848735514940495,1.4600249862364139,1779850962.288303
-2.6067726181651856,1.4725070415295745,1779850962.348437
-2.6285964130561124,1.4849480993430486,1779850962.388262
-2.6503992824814704,1.497379153720381,1779850962.4485335
-2.65801475253343,1.5016110817058308,1779850962.468141
-2.672181070219877,1.509687813160672,1779850962.4880693
-2.6938955793835104,1.5220691943582805,1779850962.5481226
-2.714599167401319,1.533876394369157,1779850962.588129
-2.7340099902268107,1.5449481236836444,1779850962.6484008
-2.750772800386403,1.5545115832908423,1779850962.6883078
-2.7643488298400904,1.5622584325433813,1779850962.7484796
-2.7767460178235157,1.5693326270566264,1779850962.7883391
-2.786491184084111,1.5748951940684044,1779850962.8481293
-2.7929231481099324,1.5785676532121176,1779850962.888141
-2.7968964114230888,1.5808365198104832,1779850962.9481385
-2.798761327722834,1.581901763572098,1779850962.9883988
-2.799871593610294,1.5825355196696502,1779850963.0483587
-2.80052777438983,1.5829099497520727,1779850963.0880845
-2.8008094461758573,1.5830705063767978,1779850963.1482022
-2.800922341795774,1.5831345899624856,1779850963.1883786
-2.8009457262591044,1.5831475391414207,1779850963.248643
-2.8009390811781443,1.583143332868914,1779850963.2883582
-2.800924469347778,1.5831345954973652,1779850963.3483167
-2.8009080247490465,1.5831248361128851,1779850963.3883133
-2.800789022944063,1.582793963029372,1779850963.408364
-2.8011158908222886,1.5829805900897198,1779850963.4484928
-2.8011262136730823,1.582986337183014,1779850963.488522
-2.8011126171034695,1.5829784034000043,1779850963.5486124
-2.8010950149041625,1.5829681818193762,1779850963.5885992
-2.801077594058989,1.5829580690621219,1779850963.648607
-2.801062028275109,1.5829490232111367,1779850963.6884954
-2.8010477585252307,1.5829407249152296,1779850963.7486722
-2.801034716946533,1.5829331354666765,1779850963.7885242
-2.801023580499106,1.5829266423864017,1779850963.8485987
-2.8010131991963743,1.582920587637164,1779850963.888284
-2.8010041454935846,1.582915298794167,1779850963.948536
-2.8009964001527994,1.5829107648823229,1779850963.9887104
-2.8009889270334334,1.582906392513278,1779850964.0484667
-2.800982705597235,1.5829027423700501,1779850964.0882754
-2.8009769045048603,1.5828993382331074,1779850964.1482663
-2.8009715644711344,1.582896203157397,1779850964.188226
-2.8009668436774064,1.5828934275684026,1779850964.2484164
-2.8009626410457833,1.582890953380588,1779850964.2884238
-2.8009588205907456,1.5828887024601268,1779850964.3484402
-2.800955529016426,1.5828867586942896,1779850964.3882933
-2.8009139047566105,1.5828154403566208,1779850964.4285462
-2.8009935286496273,1.5828609984618296,1779850964.448583
-2.8009950205742835,1.582861815643938,1779850964.4885519
-2.800992507274138,1.582860339303872,1779850964.5485554
-2.8006462549440636,1.5826620858752476,1779850964.588485
-2.7998233274349262,1.582190755853089,1779850964.6485736
-2.799323867234589,1.5819043926138239,1779850964.6885064
-2.7994753688398517,1.5819909379443082,1779850964.7485955
-2.79987297718268,1.5822187225120652,1779850964.7883835
-2.8003487198488846,1.5824913806130496,1779850964.8486643
-2.8008472454311493,1.5827771538487645,1779850964.8885934
-2.800919670421532,1.5828188397684546,1779850964.9486165
-2.8003895743353477,1.5825150797100502,1779850964.9884253
-2.799636519032835,1.5820832433014194,1779850965.0483618
-2.7988150467115633,1.5816120566478011,1779850965.0886464
-2.798297645687391,1.5813150889858136,1779850965.1484146
-2.7982275338364464,1.5812746644945712,1779850965.1884453
-2.79832215345264,1.5813288908929446,1779850965.2486598
-2.798468523015917,1.5814128647535253,1779850965.2884426
-2.798631436470525,1.5815063584664386,1779850965.3485277
-2.7987444431332764,1.5815712445177015,1779850965.3884726
-2.7986102191881677,1.5819638201657389,1779850965.4282386
-2.798567467203423,1.5819394585053357,1779850965.448558
-2.798635350950243,1.5819790069191464,1779850965.4884026
-2.7987685823143775,1.5820569347927542,1779850965.5485754
-2.7989261942772394,1.5821496345789483,1779850965.588209
-2.7991635041732015,1.5822890463893753,1779850965.6483512
-2.799503574223312,1.5824890953763062,1779850965.6885097
-2.7998001177554155,1.5826643834539003,1779850965.7483468
-2.7999961931855837,1.5827806345980742,1779850965.78845
-2.800154169345725,1.5828740722073604,1779850965.8485599
-2.8003003133274835,1.5829604569377926,1779850965.8885274
-2.800442926740636,1.583044767536285,1779850965.9485514
-2.8006652450340557,1.5831759377047467,1779850965.9884255
-2.800999464630746,1.58337334151272,1779850966.0486434
-2.801375669224741,1.5835960190935894,1779850966.0885775
-2.8016560225594973,1.583762494614088,1779850966.1485243
-2.801790179592242,1.583842494323979,1779850966.1884332
-2.8018707191197216,1.5838903733577154,1779850966.248569
-2.801934301037714,1.583928108056429,1779850966.288198
-2.8019927421010005,1.5839627802794691,1779850966.3485534
-2.802505671248252,1.5834089631922237,1779850966.3885064
-2.8027779066396987,1.58357286594796,1779850966.4485657
-2.8030665893950526,1.58374808975297,1779850966.488397
-2.803331962783762,1.5839095626507165,1779850966.5485253
-2.8035873239337543,1.5840649265522995,1779850966.5884256
-2.8038403370980394,1.5842189408077978,1779850966.648512
-2.8040924116335604,1.5843724926122942,1779850966.6884365
-2.80439819159503,1.584558557828168,1779850966.748545
-2.8047782206942724,1.58479000308336,1779850966.7886693
-2.805185169750319,1.5850383984604641,1779850966.8486042
-2.8056174964668013,1.5853024933088897,1779850966.8885522
-2.806078730236911,1.5855844822565772,1779850966.9485838
-2.806620925015233,1.5859159754581416,1779850966.9884975
-2.807264744640076,1.5863099354732642,1779850967.0486019
-2.8079464664282408,1.5867278138348035,1779850967.0885174
-2.808639114712537,1.5871528351554864,1779850967.1486204
-2.8093346402719925,1.5875799887557172,1779850967.1884427
-2.8099861217519213,1.587980621284698,1779850967.2484214
-2.8105773931713793,1.5883445821830984,1779850967.288339
-2.8111449171591953,1.5886940169782142,1779850967.3483074
-2.8121584531729833,1.587990318088948,1779850967.3882794
-2.8124163007543115,1.5881541633251572,1779850967.4483266
-2.8125552861172025,1.5882427446893375,1779850967.4883122
-2.812565687437345,1.588250183573853,1779850967.5483103
-2.812530662775061,1.5882281691296543,1779850967.5883796
-2.8125081598391763,1.588213598446276,1779850967.6483512
-2.812517982515411,1.588219351799904,1779850967.6883457
-2.8124416786062927,1.5881715758844626,1779850967.7483847
-2.812233904885307,1.5880407055895942,1779850967.788356
-2.811978571330627,1.5878788582737902,1779850967.8483734
-2.811584027239569,1.5876291389620747,1779850967.8884025
-2.8110124319466676,1.5872667824798539,1779850967.9483547
-2.8103780684555573,1.5868632845464912,1779850967.988321
-2.8097226007877247,1.5864456837335728,1779850968.0483837
-2.8090633208164286,1.586025152369775,1779850968.088296
-2.8084268814003677,1.5856185874251014,1779850968.1483946
-2.807828060984579,1.5852355998282948,1779850968.1882133
-2.807349235769685,1.5849285102149966,1779850968.248379
-2.807021978954161,1.584718065414278,1779850968.2881901
-2.8067487742999235,1.5845426609354492,1779850968.3483372
-2.806431392380737,1.5843392478299139,1779850968.3882897
-2.806960217004842,1.5832728689437876,1779850968.4084232
-2.806611569425945,1.5830458792082187,1779850968.4484658
-2.8062224397438436,1.5827909958523638,1779850968.4886634
-2.8058725258184336,1.5825612334006336,1779850968.5484734
-2.8055372609817115,1.5823410880241344,1779850968.5884635
-2.805250651456165,1.5821523116281428,1779850968.6485143
-2.805026206559872,1.5820041325066845,1779850968.6886737
-2.8048510945072263,1.5818884277933083,1779850968.7484875
-2.804719203010013,1.581801150410056,1779850968.7883728
-2.804603228879359,1.5817245205934123,1779850968.8484354
-2.8043777580912166,1.5815763333154689,1779850968.8885837
-2.803996415738613,1.5813249242540315,1779850968.9484637
-2.8035765618406643,1.5810466439616806,1779850968.9886103
-2.8031621340602837,1.580771311042952,1779850969.048344
-2.802751658592393,1.5804982949616362,1779850969.088535
-2.8022283612831136,1.5801506194460961,1779850969.1484833
-2.8015489039269954,1.579698558108338,1779850969.1882377
-2.80103153444608,1.5793518477582027,1779850969.24857
-2.8007988871735243,1.5791944478142075,1779850969.2883387
-2.8006698540584916,1.5791075858618044,1779850969.3486185
-2.80058263447439,1.5790490002183486,1779850969.3884933
-2.8017201687079187,1.5770033601302975,1779850969.408417
-2.801677963939637,1.5769739363057715,1779850969.448138
-2.801764656368678,1.577031901781294,1779850969.4885883
-2.8020403638508307,1.5772216133495096,1779850969.5483565
-2.802384685892114,1.5774619704023283,1779850969.588383
-2.802819579158788,1.5777657836726473,1779850969.6484363
-2.803356549489805,1.5781417107311122,1779850969.6881506
-2.8039222832824167,1.5785396610499944,1779850969.7484515
-2.804485722588821,1.5789369992112412,1779850969.7883432
-2.805049127054173,1.5793349564986765,1779850969.8484416
-2.8053966143958817,1.5795836895077096,1779850969.888577
-2.805447247964145,1.5796231983922664,1779850969.948418
-2.8055354438015083,1.5796850214877958,1779850969.9882677
-2.8057913401125503,1.5798649655024253,1779850970.0486298
-2.8061100614648904,1.580091416489248,1779850970.088422
-2.8063186946413547,1.5802416137850206,1779850970.1485543
-2.8063562838668465,1.5802702928098906,1779850970.188309
-2.806442824284221,1.5803315299649918,1779850970.2484977
-2.8066636301983108,1.5804885019661967,1779850970.2884774
-2.80693385145017,1.5806822961187157,1779850970.348402
-2.8092900473892213,1.5767991462153375,1779850970.3683116
-2.8094432123567654,1.576919916063073,1779850970.3884373
-2.809703040246022,1.5771252600345944,1779850970.4484808
-2.809927463483733,1.5773042396558794,1779850970.488337
-2.81010579810319,1.5774473165641023,1779850970.548345
-2.8102673011075927,1.5775761799798211,1779850970.5883594
-2.8102997129009353,1.5776062170265723,1779850970.6482303
-2.8101598728761634,1.577499226920687,1779850970.688364
-2.8101228557827107,1.5774654757671163,1779850970.7484355
-2.8102929587306402,1.5775962180813057,1779850970.7884123
-2.810538692449317,1.57779292988249,1779850970.848403
-2.8108489375452645,1.5780427108895518,1779850970.8883715
-2.8112220445864256,1.5783444799101223,1779850970.9484253
-2.8115282925098968,1.5785961549411436,1779850970.9883182
-2.8117166115039383,1.5787530139955444,1779850971.048528
-2.8118624515654655,1.5788733932865993,1779850971.0884972
-2.8118477381254774,1.5788648960638534,1779850971.1483793
-2.811626564193504,1.5786866092611005,1779850971.1882703
-2.8114790732184174,1.5785621220373924,1779850971.2482865
-2.811510317021239,1.578583906705354,1779850971.2882576
-2.811606336411586,1.5786625789220174,1779850971.348321
-2.814220685217969,1.5741262088488788,1779850971.3684552
-2.8143351941975325,1.5742280374393156,1779850971.3883822
-2.8145635261556703,1.5744423156302,1779850971.4484346
-2.814717274271911,1.5745977510940876,1779850971.4882238
-2.814753727471264,1.5746419379968835,1779850971.5484111
-2.8147492663731533,1.5746396732724552,1779850971.5883744
-2.81467076206936,1.5745667341773808,1779850971.6484013
-2.814505418053178,1.574407773587326,1779850971.688457
-2.8144091465791585,1.5743065252916404,1779850971.7482796
-2.8144375012083374,1.5743269991162436,1779850971.7883468
-2.81450972326994,1.574397277135181,1779850971.8484588
-2.81461060453175,1.5744976974161013,1779850971.8882399
-2.814736223077648,1.5746240675951535,1779850971.94846
-2.814907398627319,1.574796542396178,1779850971.9884095
-2.8151313113351444,1.5750238396428575,1779850972.0480595
-2.8153735568649014,1.5752731611619908,1779850972.0883145
-2.815479991161357,1.5753905023924752,1779850972.1484408
-2.8153954816786184,1.5753112087023755,1779850972.1883957
-2.815252319922882,1.5751631179408039,1779850972.2481062
-2.8150991045000784,1.5750016367885384,1779850972.2884362
-2.8149426406956173,1.5748356730154511,1779850972.348501
-2.816822437109839,1.5710879931060888,1779850972.3682423
-2.8167440176384972,1.570995336803127,1779850972.3885543
-2.8165041478501602,1.5706970636903932,1779850972.4483953
-2.8162795242823226,1.5704051162755797,1779850972.488352
-2.816085528189932,1.5701483301075942,1779850972.5482433
-2.8159016205516805,1.5699061242400363,1779850972.588244
-2.8156949686861052,1.5696366174159486,1779850972.648417
-2.8154556439434026,1.5693227797571938,1779850972.6885114
-2.815132985350541,1.5689007738184964,1779850972.7481816
-2.814712790536285,1.5683450525813962,1779850972.7883532
-2.8142615628991754,1.5677343075576629,1779850972.848352
-2.813763989271394,1.567057139983874,1779850972.8883862
-2.8132137531688666,1.566302220297625,1779850972.9485395
-2.8127583210023044,1.565657328736616,1779850972.9884133
-2.8124443474241927,1.5652018994964996,1779850973.0483973
-2.812177364685957,1.5648200915770445,1779850973.0883586
-2.8118947014548774,1.5644193199024194,1779850973.1483886
-2.811576236276811,1.5639655427071895,1779850973.1881473
-2.811227803490223,1.5634636816002607,1779850973.24812
-2.810853446625003,1.5629193822674827,1779850973.288284
-2.812472974398857,1.5596718228773325,1779850973.3283029
-2.8124241331395057,1.559582316723653,1779850973.3481972
-2.8121196701812954,1.5590171462741576,1779850973.3883264
-2.8118448161851544,1.5584990919111834,1779850973.4484174
-2.811557429019494,1.557963592302868,1779850973.488171
-2.8112471218131416,1.5573807545485896,1779850973.5482438
-2.810933644471595,1.5567791600696452,1779850973.5884562
-2.8106262476943544,1.5561788270082066,1779850973.6484177
-2.8103280070524455,1.5555880965023123,1779850973.6884792
-2.8101479443008177,1.555199305972141,1779850973.7484052
-2.8101144537264826,1.5550970901134586,1779850973.788426
-2.810122620762458,1.5551066591625964,1779850973.8483958
-2.810163709933191,1.5551882617694235,1779850973.8882012
-2.810233804193125,1.5553333487416676,1779850973.948384
-2.81033111340232,1.5555391178386326,1779850973.988418
-2.810455149845292,1.555805959431857,1779850974.0482156
-2.81058548415391,1.556095047393644,1779850974.0883803
-2.810726818635232,1.5564116572751858,1779850974.1481526
-2.8108788887890293,1.556756639401698,1779850974.1882699
-2.811033179146144,1.5571136514257606,1779850974.2481132
-2.8111866303707065,1.5574742524272693,1779850974.2882447
-2.8124186673699,1.5564792621209511,1779850974.3485045
-2.8125354395954307,1.5568547464007418,1779850974.3884587
-2.81265040301091,1.557231191265956,1779850974.4485064
-2.8127707435517273,1.5576277271829275,1779850974.4882038
-2.8128974014831294,1.558053256893349,1779850974.5483563
-2.8130229117664727,1.5584899383554354,1779850974.5884252
-2.8131251395282795,1.558871396051569,1779850974.648197
-2.8132011044552674,1.5591704250978784,1779850974.688478
-2.8133174533284664,1.5595770152949868,1779850974.7484086
-2.813483107513748,1.5601706136456233,1779850974.7883294
-2.8136542881373714,1.5608361542350286,1779850974.8483417
-2.8138305530946344,1.5615461123886534,1779850974.8884614
-2.814010363134524,1.5622929490981494,1779850974.9483602
-2.8141459541469023,1.5629131668733585,1779850974.988273
-2.814231198091554,1.5633391475562182,1779850975.0482874
-2.8143053008596426,1.563691537732355,1779850975.0881262
-2.8143693537838836,1.5640017909359727,1779850975.148371
-2.814424607001695,1.5642772462494285,1779850975.1881027
-2.8144460235849027,1.564417555695211,1779850975.2484121
-2.814431804682588,1.564382781077515,1779850975.288091
-2.8142507102532814,1.5640128829589253,1779850975.3484578
-2.814205498129146,1.5637184177178018,1779850975.3883154
-2.8141384541190106,1.5631660735281077,1779850975.448217
-2.8140750134630284,1.5624704285945843,1779850975.4883096
-2.8140126550912528,1.5616729765547395,1779850975.5484247
-2.8139589134347402,1.560838780513573,1779850975.5882947
-2.8139080058977934,1.5599608496675854,1779850975.6483824
-2.8138611048516697,1.559035477544844,1779850975.6883154
-2.813824904866563,1.5581136742060646,1779850975.748331
-2.813797365944396,1.5572153251772567,1779850975.7884278
-2.813775629674184,1.5563273109351685,1779850975.848346
-2.813765409842851,1.555503806386089,1779850975.8883898
-2.813763194488127,1.5547673548988203,1779850975.9483106
-2.8137587189907087,1.5540016401508265,1779850975.9882913
-2.813758276762972,1.553160257571738,1779850976.0483189
-2.8137679134819362,1.5522895777126857,1779850976.088295
-2.813782187698972,1.5513246485880265,1779850976.1482959
-2.8138062120500233,1.5502422420424877,1779850976.1883228
-2.813846222670289,1.5491779912485473,1779850976.2483833
-2.8138934032770693,1.548190794341764,1779850976.2884712
-2.8146118471661157,1.5471512313312674,1779850976.3484066
-2.8147012767658692,1.5465020999173418,1779850976.3883042
-2.81481294931353,1.5457112193443123,1779850976.448388
-2.814913407158012,1.5450877933297618,1779850976.4883451
-2.814990961096676,1.5446587539910976,1779850976.548314
-2.815049757864371,1.5443034130440618,1779850976.588317
-2.8151028251822514,1.5439915257305343,1779850976.6482873
-2.8151518118920076,1.5437158397663084,1779850976.6882775
-2.815202672825467,1.5434226801616806,1779850976.7483542
-2.8152629345140667,1.5430901816577065,1779850976.7882817
-2.815331059080433,1.5427444222527116,1779850976.8482828
-2.815412841287409,1.5423328386567292,1779850976.8885446
-2.815516803802315,1.5418351174466576,1779850976.9483173
-2.8156346819521483,1.5413182922112267,1779850976.9882553
-2.8157578351120294,1.540805492930553,1779850977.0482168
-2.815884377909727,1.5402971853104535,1779850977.0884006
-2.816013448703551,1.5397996880016935,1779850977.148298
-2.8161429079952445,1.5393186521571784,1779850977.1883416
-2.8162681358567023,1.5388738663594814,1779850977.2482533
-2.8163850930491954,1.5384735566598164,1779850977.288555
-2.81709380500909,1.538683983527475,1779850977.3083396
-2.8171804575124995,1.538443296672676,1779850977.348334
-2.817272354141135,1.5382288881622528,1779850977.3881807
-2.8172930245027232,1.5382161452585739,1779850977.4483452
-2.8172432756962897,1.5383735810224044,1779850977.488633
-2.8171269490796544,1.538688994127834,1779850977.5482721
-2.816975972158679,1.539057636496202,1779850977.5881703
-2.816841100804431,1.5393544851155283,1779850977.6482363
-2.8167505905895047,1.5395356333393058,1779850977.688135
-2.8166524896869563,1.5397617471236762,1779850977.74828
-2.8165076841446255,1.5400936924945179,1779850977.788177
-2.81633555934304,1.5404627155890243,1779850977.8483222
-2.816202735395863,1.5407157981779802,1779850977.8882217
-2.816146229382624,1.540801351088242,1779850977.9482772
-2.8161241019445895,1.5408375965851948,1779850977.9881945
-2.816107628777464,1.540868381468086,1779850978.0483217
-2.8160916503570514,1.5408979524309365,1779850978.0882
-2.816036626054994,1.5410121448807659,1779850978.1482325
-2.815918934330137,1.5412406063440758,1779850978.188709
-2.8158333645717324,1.541376526652472,1779850978.2486827
-2.8158372741600983,1.5413462088110026,1779850978.2886019
-2.816001446730242,1.541549422771271,1779850978.3086095
-2.816043625766686,1.5414752088789214,1779850978.3485868
-2.8160938852020925,1.5414018048072875,1779850978.3885458
-2.8161262666606786,1.5413593595280473,1779850978.4487567
-2.816092637972041,1.5414256102521962,1779850978.4884577
-2.815965443003437,1.5416262112056738,1779850978.5487792
-2.8157929500706405,1.5418711743807294,1779850978.5885792
-2.815587861922901,1.542155003348893,1779850978.648731
-2.8153503935301205,1.5424759052800145,1779850978.6885347
-2.8151073757456904,1.5427911845584823,1779850978.748612
-2.814875452072495,1.5430840920247302,1779850978.7885528
-2.814647014932524,1.54336864466495,1779850978.848532
-2.814411964667199,1.5436573233756576,1779850978.8888066
-2.814165620973652,1.5439542691564843,1779850978.948488
-2.8139984806202376,1.5441357444845158,1779850978.988468
-2.8139599732202973,1.5441609308767414,1779850979.04891
-2.813978446854023,1.5441352682097083,1779850979.088486
-2.8140152340930573,1.5440940940303591,1779850979.148695
-2.8140710872150145,1.5440322639179471,1779850979.1886287
-2.814208642351601,1.543875593042207,1779850979.2489014
-2.814446085796989,1.543617531673368,1779850979.2885144
-2.814591390312262,1.5435266978851239,1779850979.3285558
-2.8147041796142043,1.543416454387632,1779850979.3483686
-2.81500687675482,1.543127631546755,1779850979.3883681
-2.815323670807616,1.5428311907773171,1779850979.4483917
-2.8156844890089423,1.5424961408798,1779850979.4883664
-2.8160958036657466,1.542122443004829,1779850979.548196
-2.816531166070595,1.5417392494182405,1779850979.588556
-2.8169759284600775,1.541357003924709,1779850979.648625
-2.8173761254320024,1.5410271826194102,1779850979.6885893
-2.817701045644649,1.5407681873336687,1779850979.7485702
-2.817898036418939,1.5406237756162304,1779850979.7885132
-2.81793935698902,1.5406068493617693,1779850979.8487895
-2.8179159359121657,1.5406287691097067,1779850979.8884742
-2.8179500515310334,1.540594284337297,1779850979.9486792
-2.818093606296936,1.5404759967235704,1779850979.9884696
-2.818228811458815,1.5403802205004697,1779850980.0486372
-2.818297461771205,1.5403378339767675,1779850980.0885677
-2.818336986829529,1.540311756322829,1779850980.1485908
-2.818400505561236,1.5402651899678224,1779850980.1885142
-2.8185096106208465,1.5401881030525035,1779850980.2486203
-2.818613232532268,1.54012174009425,1779850980.28858
-2.818692716800222,1.5401272412802114,1779850980.3286371
-2.8186865105178853,1.5401341232084256,1779850980.3486364
-2.818747863062487,1.5400971877239582,1779850980.3884413
-2.818788403630586,1.540074510765211,1779850980.4487214
-2.818803147266755,1.540067590404807,1779850980.4884303
-2.818876381366988,1.540019754396797,1779850980.5484118
-2.819047846796631,1.5399167173227069,1779850980.588378
-2.8192604082810933,1.539800022680954,1779850980.6482358
-2.819486614660269,1.5396809133429414,1779850980.6891067
-2.8197185222368644,1.5395624690143035,1779850980.7483885
-2.819809519279645,1.5395296146674295,1779850980.7885325
-2.819693173975705,1.5396014324944145,1779850980.8485184
-2.8194930967940923,1.539699350368238,1779850980.8886247
-2.819237846570773,1.5398186512778294,1779850980.9484425
-2.8189336988625966,1.5399560256531077,1779850980.9886117
-2.8185825623875735,1.5401097238409531,1779850981.0484447
-2.818184549281123,1.5402786544833809,1779850981.0888503
-2.817766100888783,1.5404487425317637,1779850981.1484098
-2.817369602010907,1.5406022211327342,1779850981.1885655
-2.817010055960748,1.540736070588803,1779850981.2486465
-2.8168077949833967,1.5408198364531651,1779850981.2886055
-2.816817427132986,1.540800855510625,1779850981.3484924
-2.8169049093310483,1.5407672814448168,1779850981.388397
-2.8170475154082775,1.5407180469609867,1779850981.448581
-2.8172398423659923,1.5406553591380145,1779850981.4884825
-2.8174807543607616,1.5405804592590215,1779850981.548609
-2.8177701248955427,1.540494418359817,1779850981.5882206
-2.8180781269049433,1.5404087993253677,1779850981.6485803
-2.8183234560421617,1.5403491325658065,1779850981.6884358
-2.818473711078783,1.5403179744087878,1779850981.748222
-2.818586243417661,1.5402928317738376,1779850981.7883224
-2.8186875949453603,1.540270020218964,1779850981.8484514
-2.818785239604061,1.540248679103069,1779850981.888302
-2.8188920026415105,1.5402256451253353,1779850981.9484143
-2.819012781920131,1.5402007726176061,1779850981.9883394
-2.8190583070116793,1.5401976557505774,1779850982.0485735
-2.818991312158929,1.5402165715944731,1779850982.0886655
-2.818881161848243,1.540236536084277,1779850982.148449
-2.8189105934680847,1.5402216069066406,1779850982.1886473
-2.819151233296486,1.5401734693316818,1779850982.248621
-2.8194426557911765,1.5401077495981637,1779850982.2888162
-2.81968982542528,1.5400785719482306,1779850982.3486164
-2.8199241675250315,1.5400519308161416,1779850982.3885546
-2.820226550456907,1.5400153152641922,1779850982.448501
-2.820628233772337,1.5399709028579904,1779850982.4886372
-2.821141588473325,1.539920900444119,1779850982.5485313
-2.8217669742001736,1.5398680359799795,1779850982.588501
-2.8224345387476313,1.539823929478575,1779850982.6485264
-2.823033644142526,1.539797365690986,1779850982.6885815
-2.8235199656077543,1.5397838193527695,1779850982.748296
-2.824068888187783,1.5397616002896595,1779850982.788298
-2.824748787745087,1.5397389300256963,1779850982.8486195
-2.8254809606531173,1.5397287647716558,1779850982.8884964
-2.826123162658971,1.5397349224297963,1779850982.9484859
-2.826623389655756,1.539748728927243,1779850982.9883842
-2.826958264158202,1.539765439275789,1779850983.0486279
-2.8271160202530288,1.5397801173724608,1779850983.088725
-2.8272099415652776,1.5397860325049832,1779850983.1484885
-2.827084753589122,1.5397918910501838,1779850983.1882994
-2.826677518125613,1.5397813046159168,1779850983.2485428
-2.826043079875776,1.5396970246461534,1779850983.288501
-2.8254176178726436,1.5396503964750183,1779850983.3486402
-2.8246872973373445,1.5395838127667407,1779850983.388499
-2.823911052289865,1.5395055192994946,1779850983.448527
-2.823088996466298,1.539414146448023,1779850983.4884992
-2.8221140816060064,1.5393021077057334,1779850983.5485086
-2.82094881574291,1.5391562173269462,1779850983.5884795
-2.819714953805039,1.5389797129284455,1779850983.6487403
-2.8185662646699003,1.5387940425668993,1779850983.6885161
-2.8175571183456176,1.5386167226243432,1779850983.7484775
-2.8165676601481535,1.538440415726883,1779850983.7884977
-2.8155509849510474,1.5382509440289283,1779850983.848605
-2.8145272069932252,1.5380477800961216,1779850983.8885217
-2.813556374262939,1.537840810929639,1779850983.9486032
-2.8126545721252696,1.5376374713896344,1779850983.9884617
-2.8119066362896574,1.537454891316994,1779850984.048521
-2.8113365779259807,1.5373060272651125,1779850984.088473
-2.810831083824693,1.5371754647708558,1779850984.1485279
-2.8102248539004058,1.537023395412668,1779850984.1885622
-2.809280697132203,1.5367358042679236,1779850984.2485185
-2.8087953566707644,1.5365861375961836,1779850984.2884889
-2.8083018067303565,1.536425143422364,1779850984.3486848
-2.807866299486782,1.5362856720924292,1779850984.3884761
-2.807523723994068,1.5361691871364644,1779850984.4484842
-2.8072844397175363,1.5360831063113007,1779850984.4885504
-2.807142808732051,1.5360291092871012,1779850984.5484445
-2.807095190689918,1.5360078064288638,1779850984.5884447
-2.8070806399674035,1.5360028345667038,1779850984.6484132
-2.8070664389191107,1.5359998414841662,1779850984.688517
-2.807041873244228,1.535993025365835,1779850984.7486012
-2.8070924604020524,1.5360102345931725,1779850984.788453
-2.807249311108491,1.536071181950215,1779850984.848532
-2.8074423250273868,1.536155313527827,1779850984.888237
-2.807763922310108,1.5362922963974985,1779850984.9483845
-2.8082457966672303,1.5365053562157245,1779850984.9883378
-2.8087725626765194,1.5367552360381298,1779850985.0484958
-2.8098764000848133,1.5372979102063906,1779850985.1484458
-2.810374128235277,1.537558167418639,1779850985.1885104
-2.810844306282247,1.5378105241173792,1779850985.2485008
-2.811041627522188,1.5379389484346326,1779850985.2683957
-2.811232488734639,1.5380499228991547,1779850985.288443
-2.811549827258504,1.5382318119779423,1779850985.3484137
-2.8118460749259713,1.5384014001748572,1779850985.3884797
-2.8120938864718994,1.5385487789264167,1779850985.448558
-2.812287349849138,1.538667839863687,1779850985.4889436
-2.8123012959856295,1.538691411406762,1779850985.5484238
-2.812097685142438,1.538582957806483,1779850985.58838
-2.8118260421201744,1.5384146440070436,1779850985.6486697
-2.8104367866640887,1.537609701290226,1779850985.688369
-2.807603423038919,1.535849195960389,1779850985.7484915
-2.805783883237811,1.5345068625235867,1779850985.7883577
-2.8057324525739173,1.5343012828840161,1779850985.8484857
-2.8062455534615953,1.5346172432855356,1779850985.8885791
-2.8061850369457386,1.5346332981696678,1779850985.948392
-2.805201684386011,1.5339930432867956,1779850985.988295
-2.8042049652401038,1.5332334257762825,1779850986.0485792
-2.8034860614985737,1.5326451937912746,1779850986.0885003
-2.8028564800721636,1.532135782808988,1779850986.148497
-2.8026214683920996,1.5319045754643417,1779850986.1885788
-2.802872929563385,1.5320644850719114,1779850986.2485363
-2.8026992531578547,1.5329249239211051,1779850986.2682958
-2.802753562110372,1.532967142949309,1779850986.288394
-2.802769526330808,1.5329892795674036,1779850986.3484862
-2.8027236718456363,1.5329587680692398,1779850986.3884568
-2.802681949630867,1.532926868316661,1779850986.4484904
-2.802667786977835,1.5329149194054026,1779850986.4885015
-2.8026633906144984,1.5329119017550321,1779850986.54849
-2.8026619994492825,1.532911669541218,1779850986.5884697
-2.8026615099151173,1.5329122602018652,1779850986.6484592
-2.802661315142093,1.5329130922512326,1779850986.6886137
-2.802661176939338,1.5329139332191069,1779850986.7483208
-2.802661055159399,1.5329147412377202,1779850986.788551
-2.80266092917541,1.532915495627953,1779850986.8483458
-2.802660788114796,1.5329161853929736,1779850986.8884952
-2.8026606535868517,1.5329168339058599,1779850986.9485064
-2.802660523108036,1.5329174406611616,1779850986.988506
-2.8026603792520586,1.5329179880118857,1779850987.0487137
-2.802660240669577,1.5329184976831647,1779850987.0884562
-2.8026600978983556,1.53291896090525,1779850987.1483223
-2.802659966756631,1.532919397749852,1779850987.1885123
-2.802659835593314,1.5329197967753123,1779850987.248343
-2.802312655399041,1.5337422389891529,1779850987.2684555
-2.8023093696604633,1.5337389986361825,1779850987.28826
-2.802309400934229,1.5337388782551467,1779850987.3484516
-2.802309523389246,1.5337389548414238,1779850987.3884714
-2.802309642281808,1.5337390782053064,1779850987.448589
-2.8023097484357944,1.5337392169982622,1779850987.488669
-2.802309834953625,1.5337393554037166,1779850987.548551
-2.8023099033292334,1.5337394893596097,1779850987.5884025
-2.802309958313383,1.5337396196269188,1779850987.6486957
-2.8023099955056785,1.5337397389489547,1779850987.6884332
-2.802310026790273,1.5337398566505147,1779850987.7486298
-2.8023100455936336,1.5337399642527505,1779850987.7883792
-2.802310059374914,1.5337400677665105,1779850987.8484035
-2.8023100658368176,1.5337401635553303,1779850987.8884223
-2.802310068018899,1.5337402537955587,1779850987.9482768
-2.8023100655841313,1.5337403373035832,1779850987.9883692
-2.8023100610805094,1.5337404162711856,1779850988.048354
-2.8023100540648334,1.5337404897432285,1779850988.0882359
-2.8023100442763753,1.5337405570061675,1779850988.1481867
-2.8023100341117493,1.5337406206068647,1779850988.1882236
-2.802106751219445,1.5342301845724418,1779850988.22832
-2.8021059508468977,1.5342293326271574,1779850988.2483156
-2.802105990902259,1.5342292950587808,1779850988.2882657
-2.8021060337505683,1.5342292927414685,1779850988.348366
-2.8021060707684984,1.5342293004431562,1779850988.3885086
-2.802106103287291,1.5342293130800049,1779850988.4482553
-2.8021061305128487,1.5342293273224799,1779850988.4882488
-2.8021061530496683,1.534229342199998,1779850988.548219
-2.802106172329042,1.5342293579617152,1779850988.5884938
-2.802106186730587,1.5342293722609097,1779850988.6482198
-2.8001733521283163,1.532392738891133,1779850988.6884158
-2.7955790075944775,1.5279751430717612,1779850988.7482963
-2.788896829024718,1.5214646995320547,1779850988.7884216
-2.7803621882560354,1.5130499652737674,1779850988.848289
-2.771196113141286,1.5038843745855182,1779850988.888331
-2.761337706557329,1.4939213155715523,1779850988.9482274
-2.7506519119422563,1.4830030502372948,1779850988.9882681
-2.738324237615828,1.4702934754056376,1779850989.0483453
-2.724078462786142,1.4554456485840728,1779850989.0883906
-2.7092321467093803,1.4397443364878977,1779850989.1481957
-2.6940740080545664,1.4235229534154703,1779850989.1882682
-2.663478799721574,1.4218390433682047,1779850989.2483556
-2.645761949808217,1.4072195855472809,1779850989.2883055
-2.6277070209879576,1.3921979602006442,1779850989.3483977
-2.6096372040346845,1.3770629208518796,1779850989.3883915
-2.591518749174758,1.3617743694284041,1779850989.4485214
-2.5733750831394766,1.346351601321853,1779850989.4884474
-2.5552120526372897,1.3307985851927544,1779850989.5481539
-2.537006422473574,1.3150960654702617,1779850989.588335
-2.518843735125785,1.2993196133568317,1779850989.6482527
-2.5006497180642495,1.2834019690236227,1779850989.6882071
-2.4824190440857192,1.2673387147676178,1779850989.7483437
-2.4642443887470082,1.25121304551044,1779850989.7881823
-2.446233771008308,1.235119953506294,1779850989.8483255
-2.428317484925752,1.2189979379953269,1779850989.8882966
-2.410549135017753,1.202896876062003,1779850989.9483998
-2.392840400254207,1.1867375722215507,1779850989.9882982
-2.3753806699642923,1.1706936269692247,1779850990.048216
-2.3580480838517492,1.1546554124844968,1779850990.0882611
-2.3408659963549794,1.1386463366438204,1779850990.1484325
-2.3238279228385728,1.1226605138282366,1779850990.188469
-2.2684459708912983,1.1454703476019998,1779850990.2482045
-2.251936088111072,1.132843745484019,1779850990.288357
-2.233745013615114,1.1188732763333713,1779850990.348286
-2.2156143277504303,1.1048896084652742,1779850990.3886623
-2.197456864141337,1.0908271389546509,1779850990.4483967
-2.179228678496154,1.0766550950486187,1779850990.4883153
-2.1608864281222715,1.0623372233552426,1779850990.5483441
-2.1424314774359083,1.0478766307467178,1779850990.5882866
-2.123863008496846,1.0332765548397638,1779850990.648273
-2.105309323757384,1.0186329597481762,1779850990.6883008
-2.0867182323567404,1.0039044544824813,1779850990.7483404
-2.0680688301211503,0.9890738375912697,1779850990.7883432
-2.0493952103126314,0.9741678991225445,1779850990.8482358
-2.0307505149667286,0.9592295596373496,1779850990.8883233
-2.012011757474768,0.9441584664379113,1779850990.9482396
-1.9931730304985624,0.9289499554012671,1779850990.9883444
-1.9743470913786247,0.913695548650753,1779850991.0482335
-1.9555474047938024,0.8984053853111712,1779850991.088286
-1.936790265303822,0.8830925229563701,1779850991.1484327
-1.9180845146261662,0.8677643914343808,1779850991.18843
-1.8796269252368083,0.9033881407400138,1779850991.2083712
-1.8649576287509055,0.8929934942292961,1779850991.248552
-1.8451908331412146,0.8789671377102662,1779850991.2884855
-1.8254444514064354,0.864932490621487,1779850991.3484564
-1.8057112947360903,0.8508847761227281,1779850991.388178
-1.7859677528183666,0.8368055365521174,1779850991.448524
-1.7661137502123025,0.8226249053155638,1779850991.488426
-1.7462281793462655,0.8083989437912444,1779850991.5482283
-1.7262049410163594,0.7940521320089668,1779850991.5884674
-1.706187354938392,0.7796885998723235,1779850991.6484451
-1.6862055249414662,0.7653302120409885,1779850991.6884422
-1.6663858233185334,0.7510661799751865,1779850991.7481954
-1.6465321131900323,0.7367528281470438,1779850991.7886274
-1.6265772422020945,0.7223434818078611,1779850991.8484476
-1.6066746120069548,0.7079500791082999,1779850991.8884974
-1.5866708164518757,0.6934603276313257,1779850991.9485312
-1.5665896669668897,0.678891771524433,1779850991.9885023
-1.5466458490474386,0.6644021162628715,1779850992.0484946
-1.5268654163974358,0.650009006936903,1779850992.0884979
-1.5071265193930452,0.6356226918364285,1779850992.148444
-1.4874569509991102,0.6212642564411832,1779850992.1884117
-1.4555464093037882,0.6454959866848216,1779850992.208448
-1.4437436563182544,0.6376497035877882,1779850992.248511
-1.423494642380974,0.6241875769169225,1779850992.2887614
-1.4032737701329736,0.6107422266822574,1779850992.3484428
-1.3831120148357632,0.5973334766464425,1779850992.3883452
-1.362978670936012,0.5839430520637062,1779850992.448271
-1.342894860050068,0.5705838745033077,1779850992.4883494
-1.322956513581482,0.5573189480809239,1779850992.5484605
-1.303000140928577,0.5440399288760013,1779850992.588548
-1.2831281670031174,0.5308144968861271,1779850992.6486702
-1.2631591704081102,0.5175215098797213,1779850992.6885195
-1.243135665243809,0.5041902530898454,1779850992.7483509
-1.2230236810152628,0.49079860076791165,1779850992.7884526
-1.202883419451111,0.4773864721977848,1779850992.8485403
-1.1826459238640945,0.4639083785669876,1779850992.8885229
-1.1625736835607943,0.4505396762111851,1779850992.9485579
-1.1425587378263735,0.43720748538642595,1779850992.9885025
-1.1226312107304688,0.42393054243169453,1779850993.0484495
-1.1026400567366794,0.4106090942402752,1779850993.0884743
-1.082651736631856,0.3972878570467413,1779850993.1485498
-1.0626792884706895,0.3839754186361238,1779850993.188516
-1.0388995743877831,0.3932091883281846,1779850993.228579
-1.0302555005598397,0.3877270874748637,1779850993.2484593
-1.0097704776000949,0.3747383339904377,1779850993.2885227
-0.9890894746763869,0.36163433269755785,1779850993.3484027
-0.9683876886119576,0.3485278455792712,1779850993.3884447
-0.9475931171909536,0.3353714744421469,1779850993.4484682
-0.9267475120631927,0.32218991465427704,1779850993.4886432
-0.9057062807467124,0.3088916889950792,1779850993.5484774
-0.8844801712595749,0.29548605127090477,1779850993.5884292
-0.8631957781273988,0.28205335325803416,1779850993.6486454
-0.8418558313909418,0.2685943525054019,1779850993.6884167
-0.8206150128287897,0.25520677874729486,1779850993.748461
-0.7994790909511286,0.24189447923095445,1779850993.788352
-0.7784454668540269,0.2286545528491457,1779850993.848187
-0.7575082867335838,0.21548268494100722,1779850993.888566
-0.7365464865915963,0.202303299523753,1779850993.9482968
-0.7157232504878684,0.18922011660641608,1779850993.9884043
-0.6950645770884597,0.17624859826669007,1779850994.0483284
-0.6746542531829673,0.16344136345673224,1779850994.0883737
-0.6544946809839768,0.15079936711463743,1779850994.148433
-0.6354488820404317,0.1481566785629265,1779850994.1684117
-0.629992064226955,0.1448028593781261,1779850994.1883135
-0.6097672163195866,0.1323723488661151,1779850994.2484026
-0.5894458689510946,0.11989383890651167,1779850994.2884274
-0.569046727011226,0.10737973809197734,1779850994.3483849
-0.5485835652961534,0.09483817590321023,1779850994.3883784
-0.5281170470775784,0.08230648312056028,1779850994.448673
-0.5076126635141325,0.06976314902277701,1779850994.4884467
-0.48704637582902877,0.0571935773946619,1779850994.5484705
-0.46652116043394476,0.04466100967392673,1779850994.5884423
-0.4459936131322421,0.03213866960829334,1779850994.6483827
-0.4255028566321977,0.019650218910469284,1779850994.6883557
-0.4048830943241952,0.007094181017852183,1779850994.748427
-0.3841671453783193,-0.005508850273711709,1779850994.788342
-0.3632876104064024,-0.018200061450235602,1779850994.8483665
-0.3421207886350783,-0.03105401504998886,1779850994.888431
-0.3209258413525669,-0.04391215586595538,1779850994.9483905
-0.30065331563275416,-0.05619336915735949,1779850994.9883733
-0.28181707442650006,-0.06759227749665285,1779850995.048368
-0.26351582004919905,-0.07866254037215174,1779850995.0884197
-0.2453321432994974,-0.08965310947026783,1779850995.1484501
-0.22875979474146102,-0.1031802094229599,1779850995.188517
-0.20977181417303217,-0.11472457943550048,1779850995.2487156
-0.18950412114519224,-0.12703787837398414,1779850995.2885916
-0.17052283784590133,-0.1385535988992225,1779850995.3485537
-0.15364697879266193,-0.14878132441802502,1779850995.3885982
-0.1376414613343326,-0.15847780766948288,1779850995.448566
-0.12428430897078968,-0.16655754870928943,1779850995.4884474
-0.1144073314391608,-0.1725242444684825,1779850995.5484807
-0.10734530584231725,-0.1767872358708243,1779850995.588448
-0.10286431515157145,-0.17948902360625446,1779850995.6485255
-0.09930595125960288,-0.181636842709801,1779850995.6885095
-0.09684629529090409,-0.18311954417468893,1779850995.748686
-0.09560996293234433,-0.18386379358304553,1779850995.7883563
-0.09501359590323996,-0.1842239349053133,1779850995.8484764
-0.09482819646871574,-0.18433704634835338,1779850995.888624
-0.09478407420471963,-0.18436577152973174,1779850995.9484973
-0.0947841319167488,-0.18436801103658004,1779850995.9884079
-0.09479710507027253,-0.18436240210599114,1779850996.048413
-0.09481207092850608,-0.1843554580801285,1779850996.0884213
-0.09482660347052682,-0.18434863013957364,1779850996.1483948
-0.09568536637632911,-0.1857223657838375,1779850996.1885943
-0.09568598758546866,-0.18572232414243045,1779850996.2485585
-0.09569559435212281,-0.1857171177771159,1779850996.288488
-0.09570667860546078,-0.18571109326042015,1779850996.3487442
-0.09571645932272746,-0.18570586360588343,1779850996.388486
-0.0957257202937869,-0.18570093931356754,1779850996.448405
-0.09573373978649855,-0.18569674353988364,1779850996.4884624
-0.09574179547613697,-0.18569250809811533,1779850996.548424
-0.09574873699725296,-0.18568891741838478,1779850996.588368
-0.09575502274661211,-0.18568569540190158,1779850996.6485486
-0.09576105149704557,-0.18568260332648073,1779850996.688617
-0.09576659682805438,-0.18567977561653623,1779850996.7485008
-0.09577155815503116,-0.18567727162733136,1779850996.7885003
-0.09577603429753002,-0.1856750323878618,1779850996.8484974
-0.09578001506357967,-0.18567306407498374,1779850996.8885489
-0.09578385420792854,-0.1856711572218982,1779850996.9485586
-0.09578750208714108,-0.18566934219538406,1779850996.9885342
-0.09579057617081396,-0.18566784624064117,1779850997.0484693
-0.09579353299984358,-0.1856663995715662,1779850997.0883608
-0.09579636826725431,-0.1856650058701478,1779850997.1482477
-0.09579880996779051,-0.18566382676096554,1779850997.1885264
-0.09641362434710365,-0.18674182663775396,1779850997.2086663
-0.09639300869302388,-0.18675394967724693,1779850997.2485645
-0.0963926429855624,-0.18675406453958976,1779850997.2884464
-0.09586965186799302,-0.18706713480797146,1779850997.3484104
-0.09462711044450987,-0.18781112198242003,1779850997.3883867
-0.09312136198554655,-0.18871242127252796,1779850997.448285
-0.09209359464136158,-0.1893272209841387,1779850997.4887693
-0.09182773527000161,-0.18948599477528438,1779850997.5485053
-0.09206643564523248,-0.18934319490438212,1779850997.5883522
-0.09270544560139331,-0.18896139530271389,1779850997.6485524
-0.09348627509934379,-0.18849529075691757,1779850997.6884444
-0.09379904501318034,-0.18830912979526535,1779850997.7485516
-0.09341354659858941,-0.18853961058542684,1779850997.7884698
-0.09305156554629981,-0.18875528292328558,1779850997.8486233
-0.09299581324294659,-0.1887882058997318,1779850997.8882146
-0.09305628416903318,-0.18875214919673258,1779850997.9482186
-0.09314410129841343,-0.188699928443865,1779850997.9884083
-0.09323075930779737,-0.18864845317891452,1779850998.0482051
-0.09322617012492429,-0.18865134703394865,1779850998.0882363
-0.09319522918971893,-0.18937845883298104,1779850998.1483245
-0.09305457499059076,-0.18946415961312124,1779850998.188192
-0.09288360770083205,-0.18956921477945377,1779850998.2483056
-0.09273385198969943,-0.189661350931059,1779850998.2884712
-0.09259130450557777,-0.1897489512364651,1779850998.3485632
-0.09245096339051179,-0.189835176034988,1779850998.3884535
-0.0923116735337086,-0.1899207570539656,1779850998.44864
-0.0921103617645486,-0.19004415523829854,1779850998.4884636
-0.09182255944565547,-0.19022069572452527,1779850998.5484872
-0.09152888191202063,-0.19040127760290101,1779850998.5884714
-0.09126314572069989,-0.19056478338178667,1779850998.648558
-0.09100707521318498,-0.190722258697612,1779850998.688525
-0.0907547794657065,-0.19087738804451668,1779850998.7486794
-0.0905033930503856,-0.19103195128105857,1779850998.788403
-0.09024371479000447,-0.19119158476060621,1779850998.8484476
-0.08997140810688252,-0.19135897867706173,1779850998.8884754
-0.08969489325978316,-0.19152898428308313,1779850998.948555
-0.08941636821600565,-0.1917002323038755,1779850998.9885015
-0.08913766982743376,-0.1918715882132874,1779850999.0485876
-0.0888409991656503,-0.1920539593807871,1779850999.0884557
-0.08852014484619948,-0.19225119419243117,1779850999.1484702
-0.08767792355772902,-0.19154608581478938,1779850999.1684575
-0.08750788929141225,-0.19165356410177617,1779850999.1882875
-0.08717729898155441,-0.19186270703030106,1779850999.2484791
-0.08684540514466653,-0.19207277503082426,1779850999.2883384
-0.08649601139933344,-0.1922938657956187,1779850999.3483834
-0.08612183715522287,-0.19253072362294496,1779850999.3883564
-0.08573950846347217,-0.19277298390167336,1779850999.4485116
-0.08544156877874691,-0.19296247562914778,1779850999.4883475
-0.08526522512538853,-0.19307503313711386,1779850999.5487652
-0.08516970301062288,-0.19313600461736774,1779850999.5884159
-0.08513733892607221,-0.19315678781451723,1779850999.6484342
-0.08512760355971515,-0.19316297001406393,1779850999.6884253
-0.08514254798289715,-0.19315350170893014,1779850999.7484212
-0.08518420399557959,-0.19312705675567776,1779850999.78833
-0.08527970102199116,-0.1930664833568724,1779850999.8485053
-0.08543938985746041,-0.19296506873209113,1779850999.8883731
-0.08562294051879317,-0.19284823711008808,1779850999.948479
-0.08583958517296167,-0.19271034086564934,1779850999.9882927
-0.08609599115767039,-0.1925470723658512,1779851000.0486977
-0.08625061082049647,-0.19244809404483762,1779851000.0881777
-0.08625080772310098,-0.1924474179772385,1779851000.1482956
-0.08533735626612042,-0.1912005241939407,1779851000.1681964
-0.08527811929660555,-0.19123842057331336,1779851000.1884964
-0.08516689285702767,-0.19131058801748094,1779851000.248437
-0.08500326164201047,-0.19141723809466826,1779851000.2882721
-0.08485523069159989,-0.19151448021909537,1779851000.3483703
-0.0847496142547204,-0.19158414539059274,1779851000.3883538
-0.08466010265536306,-0.1916430121969707,1779851000.4483902
-0.08460186487190549,-0.1916815076674884,1779851000.488488
-0.08458164227126004,-0.19169505801607203,1779851000.5484276
-0.08447939133618348,-0.1917616847833464,1779851000.5884151
-0.08424825598319473,-0.19191302960181356,1779851000.6484077
-0.08396885373404392,-0.1920969419923339,1779851000.688417
-0.08361342424776952,-0.19233093455980604,1779851000.7483497
-0.08316888960401851,-0.1926238914622469,1779851000.788363
-0.08279610586868925,-0.19287068360920206,1779851000.8484528
-0.08255964428877728,-0.19302778907294116,1779851000.888382
-0.08237272326930392,-0.193151680064135,1779851000.9483776
-0.0821759703582521,-0.1932818687631954,1779851000.988408
-0.08194720447199252,-0.19343329135733073,1779851001.048314
-0.08165432134947341,-0.19362720864818012,1779851001.0884492
-0.08049798920096086,-0.19245794652218998,1779851001.1283948
-0.08035908547599356,-0.192551186917778,1779851001.1481347
-0.0799645298609388,-0.1928195637960825,1779851001.1882036
-0.07974586030981283,-0.1929708422788385,1779851001.248171
-0.07977525720461953,-0.19295342420010483,1779851001.2881432
-0.07981826680613534,-0.1929238190533269,1779851001.3486333
-0.07978220973912206,-0.19294750782363276,1779851001.3886173
-0.07971541885159372,-0.1929928938111244,1779851001.4484518
-0.07975136714030978,-0.19296915893331715,1779851001.4884694
-0.07994000471652335,-0.19284090103336773,1779851001.5484593
-0.08005546126163161,-0.19276067072981465,1779851001.5884135
-0.08000824634597936,-0.19279171769561684,1779851001.6485178
-0.07990090562173224,-0.19286520179533712,1779851001.6884425
-0.07986131618411875,-0.19289304630998738,1779851001.748505
-0.07993549465596778,-0.19284264261411788,1779851001.7883976
-0.0799474982222359,-0.1928337529938708,1779851001.8484342
-0.07982904302116764,-0.19291474657703778,1779851001.8883438
-0.07966247981167433,-0.1930298352231399,1779851001.9483597
-0.07943730949860524,-0.19318560052241285,1779851001.9883869
-0.07914836964029547,-0.19338580298746574,1779851002.0483425
-0.07879326908944541,-0.19363222811605543,1779851002.0883222
-0.07656651814512087,-0.19108924835297264,1779851002.1282828
-0.07649313698404538,-0.1911412393030286,1779851002.1482427
-0.07605551889801859,-0.1914634654919847,1779851002.1882179
-0.07579949104507024,-0.191657434548816,1779851002.2483175
-0.07579819421526378,-0.19166409499651552,1779851002.288234
-0.07567531986522516,-0.1917518829190265,1779851002.3481352
-0.07528886300639796,-0.192033404113216,1779851002.388201
-0.07480765450714932,-0.19238995648820179,1779851002.448311
-0.07437176644645242,-0.19271603244841054,1779851002.4881425
-0.07403264690325694,-0.19297109603494986,1779851002.5485775
-0.0737708716911029,-0.19316823324959784,1779851002.5882702
-0.07357862440885982,-0.19331339290954616,1779851002.6485116
-0.07341035334937294,-0.19344000543468934,1779851002.6882071
-0.07330088661648879,-0.1935231640592425,1779851002.7482896
-0.07326357386080297,-0.19355218192605989,1779851002.788266
-0.07312528307953788,-0.19365491679592686,1779851002.848383
-0.07282091857497354,-0.19388294252148058,1779851002.8882315
-0.07245694588617145,-0.19415834334658044,1779851002.9482865
-0.07204075761899224,-0.1944740192430063,1779851002.9883032
-0.07157196018788763,-0.1948304124198425,1779851003.0485868
-0.07106909534330148,-0.19521374527070645,1779851003.0883365
-0.06766072988502277,-0.19128985798820447,1779851003.1486626
-0.06717677796429398,-0.19170446628475796,1779851003.188289
-0.0668383608231851,-0.19200599937397156,1779851003.2484145
-0.06674182774787353,-0.1921012832438191,1779851003.288112
-0.06667123457392486,-0.19216233172885813,1779851003.3485239
-0.06654983315620557,-0.19226456311746076,1779851003.3883038
-0.06641038440121509,-0.19238478036775583,1779851003.448514
-0.06631347449252419,-0.1924708754509511,1779851003.488402
-0.06628087617782202,-0.1925014682586339,1779851003.5484738
-0.06628676730978089,-0.19249706368095743,1779851003.5884302
-0.06632152280930022,-0.19246676323319606,1779851003.6484797
-0.06636607905022342,-0.19242696509106952,1779851003.6882246
-0.06644563394617409,-0.19235683536139886,1779851003.7484589
-0.06656954283125148,-0.1922470764092166,1779851003.7883399
-0.06670884952080125,-0.1921221025660319,1779851003.848607
-0.0668528679385365,-0.19199218422123832,1779851003.8883402
-0.06699792340547868,-0.1918608321097852,1779851003.9484434
-0.0671829856119862,-0.19169399737417928,1779851003.9883745
-0.06742185539819692,-0.19147796588528662,1779851004.048182
-0.06769509411289219,-0.1912291712331668,1779851004.0882227
-0.0651848256133549,-0.18640788561618413,1779851004.1484926
-0.06540823767498465,-0.18616728718188072,1779851004.1883764
-0.06574246883674213,-0.1858113979130589,1779851004.2483547
-0.06613544194356973,-0.1853906232849098,1779851004.2884107
-0.06648113499977959,-0.1850085554600944,1779851004.3483434
-0.06674199815467104,-0.18471492409691165,1779851004.3882878
-0.06697539918229958,-0.18445538547141307,1779851004.448322
-0.06723491040342292,-0.18417009057812594,1779851004.4884849
-0.06754007694221598,-0.18383344440450872,1779851004.548455
-0.0678382368606279,-0.1834984374229111,1779851004.588333
-0.0681112468366671,-0.18318874414388608,1779851004.648549
-0.06837503448328153,-0.18288908646321628,1779851004.688089
-0.06860664337626157,-0.18262283219150519,1779851004.7485254
-0.06879867345873976,-0.18240013390607326,1779851004.7880387
-0.06882020124886945,-0.18236451032895667,1779851004.8486679
-0.06862765695144234,-0.18257538422461148,1779851004.8885064
-0.06836308043368479,-0.1828815235085047,1779851004.9481723
-0.06820251346906173,-0.1830780181591394,1779851004.9881747
-0.06820568121675195,-0.18308482338531462,1779851005.0485678
-0.06821568524430541,-0.18307335094104005,1779851005.0883417
-0.06578604161611579,-0.17936140384198246,1779851005.1081593
-0.06574067904538378,-0.1794162473831988,1779851005.1481822
-0.06569103631485051,-0.17948652358384454,1779851005.1882389
-0.0656118778135587,-0.17959775680164655,1779851005.2486284
-0.06549902983575026,-0.1797591259373031,1779851005.28841
-0.06544515157751325,-0.1798498943896078,1779851005.3483648
-0.06547772961354102,-0.17981549636162528,1779851005.3884044
-0.06553742286981508,-0.17972944449334685,1779851005.448283
-0.06558080749682953,-0.1796607024336096,1779851005.4883873
-0.06559461538681087,-0.1796351335792514,1779851005.548439
-0.06548463226563195,-0.17978843531529817,1779851005.588342
-0.0652220173135348,-0.1801797338475555,1779851005.6486635
-0.06491238415337422,-0.18066498036592393,1779851005.6885436
-0.06469033255597813,-0.18103311857134022,1779851005.7480562
-0.06459581779796778,-0.1812034495205054,1779851005.7883391
-0.06454853125517722,-0.18128649582345885,1779851005.848017
-0.06452200878597265,-0.18133246857096283,1779851005.8883827
-0.06450206537860392,-0.18136603729665962,1779851005.9482512
-0.06448996096279386,-0.18138695461343762,1779851005.9884386
-0.06448605734857864,-0.1813942237032712,1779851006.0483992
-0.06456317011122917,-0.18127242904329416,1779851006.0885878
-0.06324726735419008,-0.1789256513142832,1779851006.1083953
-0.06338806021992988,-0.17866527089726175,1779851006.1482162
-0.0635669096669102,-0.1782789935328235,1779851006.1885276
-0.0637943514090194,-0.17778671011797337,1779851006.2484798
-0.06407512849164344,-0.17716692914789228,1779851006.2885013
-0.06427202634072544,-0.1766804338257614,1779851006.3484464
-0.06435446353455224,-0.17644278593659224,1779851006.3882196
-0.06440658357672154,-0.17630572878770862,1779851006.4485998
-0.06440349835116602,-0.17629378842701102,1779851006.4881985
-0.06434149103706883,-0.176425785877458,1779851006.548345
-0.06428632436452072,-0.17656688912951074,1779851006.5882978
-0.06425397155625864,-0.1766589836871534,1779851006.6482632
-0.06422796960501463,-0.1767300149444365,1779851006.6882205
-0.06420406353216387,-0.17679472806152172,1779851006.748192
-0.06413983213863837,-0.17695287817009556,1779851006.7881505
-0.06404163335728634,-0.1772080937151855,1779851006.848199
-0.06395114492799019,-0.1774620147442793,1779851006.8881981
-0.06386337690277928,-0.17771132254612007,1779851006.94823
-0.06377706772595912,-0.1779603611148576,1779851006.9880846
-0.06363130349497872,-0.17836438692660006,1779851007.0481565
-0.06338590566250907,-0.17905645470781084,1779851007.0882034
-0.06271999353773978,-0.1785418694227001,1779851007.1281118
-0.06260632404333799,-0.17896493974860506,1779851007.1481948
-0.06238278230911352,-0.17992579662842384,1779851007.188263
-0.06216402526302601,-0.1809088419921836,1779851007.248524
-0.06190984344216412,-0.18203873092739217,1779851007.2882266
-0.061619114829133056,-0.18337042977559706,1779851007.3482158
-0.061340133567621885,-0.1847524649390389,1779851007.3880606
-0.06107768601572601,-0.18611722498923455,1779851007.4482896
-0.060825059350923506,-0.1874737425424797,1779851007.488053
-0.06059610823158927,-0.1887713470726358,1779851007.5482614
-0.060391685019150224,-0.18998412020705857,1779851007.5881636
-0.06023729871447141,-0.19098836537009561,1779851007.6481564
-0.06013109600545675,-0.1917422541524876,1779851007.6881251
-0.06003416592000944,-0.19240044959230052,1779851007.7482278
-0.05994303054570917,-0.19302875808182368,1779851007.7881565
-0.05985637993588662,-0.19365001526006545,1779851007.848278
-0.05979172985021311,-0.19417401154229888,1779851007.8881288
-0.059747848686324115,-0.19456980709329802,1779851007.9481788
-0.059707723818279046,-0.1949161053484983,1779851007.988184
-0.05966025637285922,-0.19530936343608213,1779851008.0482924
-0.06040109899287034,-0.1957435564226794,1779851008.088233
-0.06038968550184303,-0.19615781069013324,1779851008.1483166
-0.06038793448951997,-0.19645225101346414,1779851008.1881316
-0.060383054287561466,-0.1967010762524955,1779851008.2482183
-0.060391537578134695,-0.19678135251934814,1779851008.2880373
-0.060404003092044294,-0.19663944323321866,1779851008.3481278
-0.06040490991206819,-0.19641370881474446,1779851008.3880918
-0.060400869470755805,-0.19616136982150123,1779851008.4481072
-0.06039404058445512,-0.19590174132451935,1779851008.488226
-0.06038470550113331,-0.1956497990970622,1779851008.5481482
-0.060373868473723113,-0.19541189072568188,1779851008.5881076
-0.06035969413128448,-0.1953149242558599,1779851008.648212
-0.060352492120506064,-0.19540802485563372,1779851008.688261
-0.060357998252704374,-0.19557184793811275,1779851008.7482166
-0.060368365800332724,-0.19571592331631116,1779851008.7881784
-0.060377517321293935,-0.19580901493579397,1779851008.848257
-0.06038303065482858,-0.19585146744634846,1779851008.888232
-0.06038433445663842,-0.19584446139796804,1779851008.948182
-0.06038203563168633,-0.1958196680330234,1779851008.9881077
-0.060381057010312926,-0.19584156010312698,1779851009.0481758
-0.06071704321322036,-0.19603297293969718,1779851009.0880556
-0.06074801935325638,-0.19634175467976014,1779851009.1480906
-0.06082174023600599,-0.19691376918063636,1779851009.1882257
-0.06092855073469782,-0.1975803091084916,1779851009.2481277
-0.06104401266797226,-0.19822410321025952,1779851009.2881832
-0.06115542441829322,-0.19880605484021757,1779851009.3481352
-0.061257598208700505,-0.19931256543086123,1779851009.3880944
-0.06134774044727065,-0.19973828611392938,1779851009.4482033
-0.06143230018910899,-0.20013623151027812,1779851009.4881284
-0.061487982425888585,-0.20033915735405783,1779851009.5481565
-0.06148911006174386,-0.20028242954711747,1779851009.5882452
-0.061467977809102556,-0.20019491929659786,1779851009.648338
-0.06145552486760511,-0.2001633930688051,1779851009.6883485
-0.06145082707424425,-0.20015332775668332,1779851009.7481563
-0.061419557858681716,-0.20000644178440286,1779851009.78815
-0.06133696197713415,-0.19966534982793147,1779851009.8481407
-0.061257891912505046,-0.19940817249240056,1779851009.8880656
-0.06122649639583326,-0.19934053876810767,1779851009.9482627
-0.061222628298258745,-0.1993407322832587,1779851009.9881108
-0.06119247132987735,-0.19921986037975573,1779851010.0482068
-0.06138916975130139,-0.19902880924203423,1779851010.0881312
-0.061285080849315894,-0.1987441688228182,1779851010.1482484
-0.06120454127796783,-0.1985434571694193,1779851010.188158
-0.06113925330501124,-0.19837568928886648,1779851010.2481813
-0.061105818638678824,-0.19830794397400234,1779851010.288421
-0.0611200701254775,-0.19836598546367437,1779851010.348195
-0.06116858823998705,-0.19849722617710647,1779851010.3882318
-0.06124200731568099,-0.19868219610567425,1779851010.44822
-0.061327494196210704,-0.19888521118923136,1779851010.4881659
-0.06143565976535916,-0.19914184971173748,1779851010.5481925
-0.06157609708849159,-0.1994667875264594,1779851010.588083
-0.06174819486394745,-0.1998526833637816,1779851010.6483092
-0.06195171549463406,-0.2002969426660279,1779851010.6880863
-0.06217236465286279,-0.2007614478982362,1779851010.7481604
-0.06237194210819186,-0.2011611649546387,1779851010.7881026
-0.06253245557175764,-0.20147084177734528,1779851010.848211
-0.06270883262671384,-0.20182456334574075,1779851010.888223
-0.06293457664723486,-0.2022714726247977,1779851010.9481869
-0.06318537482697807,-0.20274753376650623,1779851010.988095
-0.06341178635961696,-0.20315629243855474,1779851011.0482538
-0.06358882382290619,-0.20346409592619555,1779851011.08818
-0.06407013511052052,-0.2036342218309714,1779851011.1082113
-0.0642667309933384,-0.2039642976639703,1779851011.1481705
-0.06456633781907584,-0.20445868910498233,1779851011.1881845
-0.064905325325899,-0.20498977390956108,1779851011.2482598
-0.06519441484517897,-0.20541277122263585,1779851011.2881136
-0.06538744017483782,-0.20567885601213523,1779851011.3483286
-0.06551060768638296,-0.2058471106364263,1779851011.3881
-0.0655798844050193,-0.20593805667337428,1779851011.4484751
-0.0656269901529623,-0.20600329607613846,1779851011.488071
-0.06562842309421037,-0.2059982763219804,1779851011.5484066
-0.06556814703378373,-0.2059084624395113,1779851011.588183
-0.06538245901555466,-0.20564288164936853,1779851011.6483052
-0.0650369996337816,-0.2051720542171875,1779851011.6882083
-0.06462026140762002,-0.2046373454601886,1779851011.7482421
-0.0642249381017429,-0.20415310545662563,1779851011.7881274
-0.06389145639635416,-0.20375733495156004,1779851011.8482814
-0.06357770688714297,-0.2033840923352056,1779851011.8882353
-0.06326065147267992,-0.2030111300866832,1779851011.9481785
-0.06293896230670375,-0.2026397529773999,1779851011.9882357
-0.06290605123935168,-0.20251691789345244,1779851012.048305
-0.06281250559852194,-0.2024441151840193,1779851012.0881472
-0.06264879172124058,-0.20228265449370708,1779851012.1482038
-0.062456563738266066,-0.20209185069605745,1779851012.1881194
-0.06224850672484631,-0.2018931769873202,1779851012.2482467
-0.06204836521702191,-0.20170898793740175,1779851012.288068
-0.06186658030904033,-0.20154599632768105,1779851012.3481507
-0.061748787876130654,-0.20144978315014053,1779851012.3881698
-0.06171978937867195,-0.20143471298711063,1779851012.4481843
-0.061728380598905744,-0.20144429918945148,1779851012.488185
-0.06183082875313335,-0.20154094244141252,1779851012.548198
-0.06206022043294614,-0.20174228199174382,1779851012.5880857
-0.06245060313030026,-0.20207245768300494,1779851012.648229
-0.0630179835308257,-0.20253625022120533,1779851012.6882405
-0.06366250688138594,-0.20303736897526245,1779851012.7483323
-0.06430205796570762,-0.20351710112069518,1779851012.7882001
-0.06490722134591875,-0.20395951185376623,1779851012.8482046
-0.06559457511426775,-0.20446601491335567,1779851012.8880882
-0.06642331833698517,-0.20506642346030587,1779851012.9481544
-0.06731383427201479,-0.20568805412043897,1779851012.9880724
-0.06820458805624709,-0.2062915208739294,1779851013.048249
-0.06884414186796423,-0.20648960185322393,1779851013.0681317
-0.0693488731236945,-0.20678321932149923,1779851013.0880399
-0.07008757873929908,-0.207199159860331,1779851013.1483538
-0.07063391158550461,-0.20749176761917446,1779851013.188169
-0.07109965799591735,-0.2077476184969183,1779851013.248236
-0.07155054064812887,-0.20799463865541806,1779851013.2882316
-0.07200901276804798,-0.20824116082782465,1779851013.3483064
-0.07225332946705487,-0.20834687550592904,1779851013.3882248
-0.07217842426695831,-0.20828191036054416,1779851013.4485397
-0.07197115880255994,-0.20817402638001992,1779851013.488178
-0.0716580393629184,-0.2080183851493849,1779851013.5482304
-0.07123952699277199,-0.20781787706986457,1779851013.5881839
-0.0707051246056967,-0.207569544550663,1779851013.6482165
-0.07005019775453175,-0.20727486839101167,1779851013.6881092
-0.06934632763154214,-0.20697415685211087,1779851013.7482069
-0.06867994575926183,-0.20670446590546915,1779851013.788132
-0.068085778739744,-0.20647371334825107,1779851013.848307
-0.06756892432153375,-0.2062797223936084,1779851013.888091
-0.06712650706492074,-0.20611960323737702,1779851013.9481611
-0.06671222942426927,-0.2059707883073322,1779851013.988068
-0.06633454047613739,-0.20584077653789795,1779851014.0482376
-0.06618500472106913,-0.20581641256030775,1779851014.0681634
-0.06607435310360436,-0.20578803654637517,1779851014.0885105
-0.06587439403356841,-0.20573978554591307,1779851014.1482008
-0.0658407002790046,-0.20574355276629983,1779851014.1882367
-0.06587359436779604,-0.2057559801883057,1779851014.2481449
-0.06586015092749713,-0.2057468715950772,1779851014.288463
-0.06575543661969817,-0.2057124121597148,1779851014.3482883
-0.06563274555319742,-0.20568167061313242,1779851014.3884165
-0.06552659845099061,-0.20565822133300138,1779851014.4484553
-0.06542739602386916,-0.2056365135773918,1779851014.4885807
-0.065340297055242,-0.20561894465522687,1779851014.548525
-0.06526797529240314,-0.2056053978043606,1779851014.5882573
-0.06518119699539979,-0.2055877428040606,1779851014.6486282
-0.06506746429208128,-0.2055658123610818,1779851014.68834
-0.06494327051002483,-0.2055448949770623,1779851014.7483077
-0.06483565835538731,-0.20552980949190067,1779851014.788253
-0.06475544432523792,-0.2055202742993888,1779851014.8482542
-0.0645633522466413,-0.2054871247502836,1779851014.888286
-0.06420143503044927,-0.20543366927445258,1779851014.9485312
-0.0637746925239833,-0.20538583195875507,1779851014.9885535
-0.06347743962075593,-0.20541969751444006,1779851015.0281696
-0.06349913741377064,-0.2054345455635352,1779851015.0483956
-0.063397841373765,-0.20544250836222705,1779851015.0882242
-0.0633849294373007,-0.20544720892171875,1779851015.148323
-0.06342400800274928,-0.2054514689567427,1779851015.1883733
-0.06348167168207365,-0.20545342974800979,1779851015.2481594
-0.06351447261918197,-0.20545120827901858,1779851015.2884433
-0.06350542599280645,-0.20544745624629518,1779851015.348284
-0.06339791760943492,-0.20544009716929015,1779851015.388218
-0.06316938829765835,-0.2054346642904714,1779851015.4485722
-0.06289531851124139,-0.20543895984913782,1779851015.488364
-0.06256503243457344,-0.20544721938481555,1779851015.5481238
-0.06217308394595936,-0.20546189084813543,1779851015.5885544
-0.061655281816298466,-0.2054839287555599,1779851015.6485505
-0.060983877191824784,-0.2055214834943678,1779851015.6884544
-0.06025750771884719,-0.2055785122357698,1779851015.7481701
-0.059692699842392095,-0.20564360168877388,1779851015.7882006
-0.059367289411033794,-0.2056941014931907,1779851015.8483922
-0.05921488776547747,-0.2057222368320672,1779851015.8882747
-0.059206267552836415,-0.20573166647516541,1779851015.9483442
-0.05924843135669083,-0.20572733623961664,1779851015.9882567
-0.05930309183657059,-0.2056718263587017,1779851016.0284882
-0.05926207838828651,-0.20567438518650788,1779851016.0484123
-0.059224197913262146,-0.2056757178120402,1779851016.0882814
-0.05926215890563127,-0.20567373654352084,1779851016.148304
-0.05942238866252721,-0.2056521271921106,1779851016.1881993
-0.0596274811852722,-0.2056143480708062,1779851016.2485845
-0.05988721147421128,-0.20556429144904514,1779851016.2885008
-0.06020765938976267,-0.20549856762138696,1779851016.3484657
-0.060591124728489994,-0.20541496685311367,1779851016.388327
-0.06103613794526478,-0.20531224638373236,1779851016.4482484
-0.06150299854561818,-0.20519590223760556,1779851016.4884038
-0.0619654293391915,-0.20507360495010618,1779851016.5483005
-0.06241426564371588,-0.20494911122773476,1779851016.588329
-0.06281831341774533,-0.20482977127734045,1779851016.6483798
-0.06316168860971316,-0.2047230525775048,1779851016.6883576
-0.06348407262711728,-0.204621612402483,1779851016.748339
-0.06372796420031906,-0.20453724913210017,1779851016.7883496
-0.06387221612241493,-0.20448209731476527,1779851016.848376
-0.06399089503230888,-0.2044398926444834,1779851016.8883636
-0.06411191961824328,-0.2043971517085513,1779851016.9482968
-0.0642340172178229,-0.20435223800445845,1779851016.9883113
-0.06443913774179462,-0.20429254245113962,1779851017.048351
-0.06465670979677397,-0.20421428423564167,1779851017.0883174
-0.06483235609951676,-0.2041432451972245,1779851017.1483388
-0.06493222869534036,-0.20409843465934252,1779851017.188312
-0.06500490067956943,-0.20406724444271418,1779851017.2482688
-0.06500004154979405,-0.20406449541536917,1779851017.2883074
-0.06489911313036235,-0.20410305277081034,1779851017.3483217
-0.06480406320987861,-0.20414792082384026,1779851017.3883357
-0.06475218810220335,-0.2041761681962038,1779851017.4483507
-0.0647157656119806,-0.20419534060337574,1779851017.488344
-0.06454917852579349,-0.20426816421679156,1779851017.5483065
-0.06420244009316917,-0.204431501430374,1779851017.5883105
-0.06386251777000158,-0.20461118597566638,1779851017.6483283
-0.06359531578562591,-0.20476117583907175,1779851017.6883125
-0.06335438550883106,-0.20489627280485578,1779851017.7483363
-0.06319806374517237,-0.20499191114070642,1779851017.7883232
-0.06314631497109158,-0.20503056842559456,1779851017.8485
-0.06309293560321502,-0.20506160785504488,1779851017.8883219
-0.06300084339742941,-0.20511415540781236,1779851017.948418
-0.06289569244294417,-0.20517867006397184,1779851017.9883409
-0.06282467462906229,-0.20521973169243313,1779851018.0485177
-0.06278542791176855,-0.20524728020319133,1779851018.08838
-0.06216428240566223,-0.20560413345758594,1779851018.148409
-0.060774493208450714,-0.20646646865975,1779851018.1883786
-0.05913450596636252,-0.20756607466918423,1779851018.2484255
-0.05876465803069388,-0.20793822276116244,1779851018.288444
-0.06016229258719783,-0.20709546425687184,1779851018.3483987
-0.0610831874050717,-0.20637020599609052,1779851018.388344
-0.06076934013101667,-0.20648724717506214,1779851018.4483218
-0.06004600528976764,-0.20700336536933703,1779851018.4885514
-0.059528006658205575,-0.20742928830639554,1779851018.548487
-0.05941197758965593,-0.20756110759675217,1779851018.5883718
-0.05962392871735268,-0.20741948452241404,1779851018.64848
-0.06013399228646979,-0.20702272023108023,1779851018.6884372
-0.06073726228864971,-0.20651576869516658,1779851018.7484667
-0.061216088668825455,-0.2060832015661894,1779851018.7883475
-0.06150155157990983,-0.20580689322264073,1779851018.8485248
-0.06174731939102294,-0.20557877264564628,1779851018.8884697
-0.062004579715452424,-0.2053407459286528,1779851018.9483137
-0.06226387533877981,-0.20509458543659098,1779851018.9884908
-0.062437968970333074,-0.20499059977838163,1779851019.00855
-0.06256748971550104,-0.2048875078144934,1779851019.0487292
-0.06262900808647658,-0.20483456959843896,1779851019.088379
-0.0626487039978281,-0.20481703375061983,1779851019.148441
-0.06265490674139677,-0.2048115315759362,1779851019.1884427
-0.06265680140806609,-0.20481000167395583,1779851019.2484753
-0.06265737549924613,-0.20480972586836074,1779851019.2885485
-0.06265755518426527,-0.20480983261876287,1779851019.348616
-0.0626576119579124,-0.20481005764923732,1779851019.3882694
-0.06265764504349847,-0.2048103007819809,1779851019.4484835
-0.06265767165583747,-0.20481054251691677,1779851019.4883173
-0.0626577013490531,-0.20481077177271909,1779851019.548291
-0.06265773230591633,-0.20481098952606425,1779851019.5887198
-0.06265777184142166,-0.20481118718598054,1779851019.6483626
-0.06265780958972543,-0.20481137557772625,1779851019.6884701
-0.06265785077650539,-0.20481154881407412,1779851019.7483013
-0.06265789478700716,-0.20481170733465853,1779851019.78832
-0.06265793808822871,-0.2048118552971169,1779851019.8483272
-0.06265798065421464,-0.20481199300582426,1779851019.888316
-0.06265802228585227,-0.2048121209883471,1779851019.9484527
-0.0626580629860596,-0.20481223956165123,1779851019.988872
-0.06284034540995014,-0.20484979367232417,1779851020.0081592
-0.06284077793704804,-0.20484927287816104,1779851020.048431
-0.06284076096682224,-0.20484922990764495,1779851020.0884159
-0.0628407180555785,-0.2048492437546346,1779851020.148318
-0.06284067260658352,-0.20484927612722267,1779851020.1885078
-0.06284063519795702,-0.20484931115854682,1779851020.2486215
-0.06284060318060336,-0.20484934827269147,1779851020.2884626
-0.06284057780703359,-0.20484938447529782,1779851020.3485327
-0.06284055752843139,-0.20484941987876293,1779851020.388517
-0.06284054221123644,-0.20484945351367148,1779851020.4484634
-0.06284053042801505,-0.2048494859019981,1779851020.4886448
-0.06284052121848885,-0.20484951730662285,1779851020.5484438
-0.06284051569013727,-0.20484954594154764,1779851020.5882869
-0.06284051165950466,-0.20484957360555142,1779851020.648548
-0.06284050928957566,-0.20484959973802594,1779851020.6883929
-0.06284050838722023,-0.20484962421670014,1779851020.7485456
-0.06284050863924699,-0.20484964712238987,1779851020.7883813
-0.06284050947406583,-0.20484966890794054,1779851020.8483763
-0.06284051164361425,-0.20484968851992355,1779851020.888552
-0.06284051371690885,-0.20484970752908907,1779851020.9484339
-0.06284051663949922,-0.2048497247108823,1779851020.9884996
-0.062970738479113,-0.2049121421550184,1779851021.0083914
-0.06297085593552126,-0.20491199720117184,1779851021.0482943
-0.06297084900631739,-0.20491198182383963,1779851021.0884328
-0.06297083559442068,-0.2049119804038365,1779851021.1483824
-0.06331040900346213,-0.20459089394636387,1779851021.1883707
-0.06412934980131563,-0.20382894839268556,1779851021.2483876
-0.06513181904806532,-0.20290137335969086,1779851021.2884583
-0.06804999858075667,-0.20014615546366493,1779851021.3483908
-0.07359886238394729,-0.1948913289539446,1779851021.388209
-0.08155080674542235,-0.18731318838996922,1779851021.4486833
-0.09175721027677247,-0.17750262738262032,1779851021.4884713
-0.10276390591292031,-0.16682091516083986,1779851021.5487535
-0.11470894243513471,-0.15511443787859838,1779851021.588601
-0.12763418249909986,-0.14232207663096694,1779851021.6484542
-0.14185825129223018,-0.12810790618027057,1779851021.6886842
-0.15742420402646834,-0.11239883375548587,1779851021.7485487
-0.17336336156220658,-0.09613277966558005,1779851021.7883735
-0.18961497228764967,-0.0793790167534107,1779851021.8483214
-0.20601705610789114,-0.06229936340447593,1779851021.8885202
-0.2224787180998633,-0.044982304227586145,1779851021.9485066
-0.23892497659098527,-0.027507063505003163,1779851021.988329
-0.2706445115974182,-0.03956036568185621,1779851022.028437
-0.2786970283132044,-0.03306629116219833,1779851022.0483696
-0.2973029667009656,-0.017854762661470402,1779851022.0883677
-0.3159097318752613,-0.0025351270405282803,1779851022.1483986
-0.3345481897502264,0.012912870829033538,1779851022.18846
-0.35312218997864564,0.02840474945236613,1779851022.2483895
-0.3717275166335564,0.04401664094175991,1779851022.2884023
-0.3902663477336097,0.05966825116351237,1779851022.3482924
-0.4087896955009288,0.0754016918471648,1779851022.3884392
-0.427155840189946,0.0910913955834482,1779851022.4481902
-0.4452998370398468,0.10668405515148055,1779851022.4884706
-0.46329553015455466,0.12224498241495649,1779851022.5484352
-0.4811791177363126,0.1378004341241868,1779851022.588457
-0.4988619905603669,0.15327274094542798,1779851022.648464
-0.5165136109152281,0.16881012673656912,1779851022.6884801
-0.5341378760033184,0.1844149772562745,1779851022.7484832
-0.5517593048296009,0.20010877449309197,1779851022.7883732
-0.5694130698751042,0.21592366128219204,1779851022.8486423
-0.5871366091675025,0.23189372988270032,1779851022.8885496
-0.6049144660530835,0.24800612603600086,1779851022.9483693
-0.6524472651371687,0.21957696204641058,1779851022.9681513
-0.6589184705141283,0.22443615659845684,1779851022.9882681
-0.6783228166368678,0.2390234389490381,1779851023.0484543
-0.6977242995741144,0.25365601350332345,1779851023.088415
-0.7171967853480654,0.2683871764009921,1779851023.1484082
-0.7367516563042874,0.2832231239427384,1779851023.1884706
-0.7562150997904652,0.29803396501953533,1779851023.2483156
-0.7756649368575967,0.31287897292822914,1779851023.2884974
-0.7951182900402493,0.3277715813309404,1779851023.348459
-0.8145473230046668,0.3426902544019442,1779851023.3884528
-0.8339358028947225,0.35762086499832685,1779851023.4487634
-0.8531811231500324,0.3724853505489012,1779851023.4882717
-0.8724156025185775,0.38738673861321565,1779851023.54845
-0.8914941253416254,0.402209475912795,1779851023.5885203
-0.9103839502553821,0.41692907095629567,1779851023.6485212
-0.9292540632971235,0.43167919440597136,1779851023.6884356
-0.948121921919692,0.446471691740535,1779851023.7483885
-0.9669591623590218,0.4612834704883521,1779851023.7884033
-0.9857986639923473,0.4761405827014247,1779851023.8484597
-1.0046138070446573,0.49102217605866194,1779851023.8884318
-1.0234678669056592,0.5059786193134301,1779851023.948364
-1.0741712327168211,0.4827754511067844,1779851023.9884994
-1.094043685466582,0.4966136850310186,1779851024.048223
-1.1138830018616128,0.5104410213020805,1779851024.0883727
-1.1337042203572028,0.5242689130162875,1779851024.1484425
-1.1535080089923255,0.538097404516365,1779851024.1884048
-1.1732983112015782,0.5519297779121084,1779851024.248471
-1.1930100435344981,0.5657213401720295,1779851024.288395
-1.212768595951014,0.5795597974207308,1779851024.3483043
-1.2325694713437434,0.5934413329439068,1779851024.3883655
-1.2523661182444736,0.6073331540298426,1779851024.4483783
-1.2722306713994196,0.6212858528265989,1779851024.4881847
-1.2921171361722132,0.6352667699823005,1779851024.5484
-1.3119337872320236,0.6492118002657756,1779851024.5882773
-1.3318157744946764,0.6632161096328588,1779851024.6483815
-1.3515931301400015,0.6771591742662731,1779851024.688329
-1.3712382427449874,0.6910221275047823,1779851024.7483702
-1.390902214682785,0.7049123907427612,1779851024.7883403
-1.4104908865273855,0.7187627974814952,1779851024.8484194
-1.4300698289451579,0.7326195330802651,1779851024.8884459
-1.4496455049359431,0.7464872078122864,1779851024.9484506
-1.4894544430239358,0.7340283374088729,1779851024.98845
-1.5095230490303502,0.7471543091224133,1779851025.0484686
-1.5295318156749418,0.7602354931701577,1779851025.088301
-1.5494450698080884,0.7732505218100479,1779851025.1485116
-1.569334266960907,0.7862485714158411,1779851025.1883807
-1.589230691536806,0.7992483601251497,1779851025.2484329
-1.6091565287244383,0.8122635640349726,1779851025.2882903
-1.6291154989595744,0.82529725950193,1779851025.3484285
-1.6490952701586723,0.8383410214166376,1779851025.3883226
-1.6690537291295033,0.8513661595932485,1779851025.448355
-1.6889440997801042,0.8643430963481494,1779851025.4882822
-1.708835738701582,0.8773179534534004,1779851025.5483756
-1.7287584067690913,0.8903103540778337,1779851025.5884116
-1.7487583718067945,0.9033497594017682,1779851025.6484563
-1.7688690097183337,0.9164579929597632,1779851025.6882799
-1.7890943708826257,0.9296373711134003,1779851025.7483125
-1.8093402166238932,0.9428256601515203,1779851025.7886026
-1.8297973900007083,0.9561491468994882,1779851025.8483977
-1.8504932440494952,0.9696245663796175,1779851025.888306
-1.8713189379997477,0.9831800625523583,1779851025.948383
-1.9020928603430192,0.9836827440859734,1779851025.988343
-1.9229711598418173,0.9967383186818742,1779851026.048455
-1.9441296948294167,1.0099564596428354,1779851026.08838
-1.9652807256405427,1.0231582801823025,1779851026.1485379
-1.986344907417075,1.0362947893197711,1779851026.188637
-2.0073738901577465,1.0493981021377186,1779851026.2483768
-2.0283859691409196,1.0624800361768436,1779851026.2884192
-2.049375344835869,1.0755359398385524,1779851026.3483639
-2.0702619172773886,1.0885164568842145,1779851026.3882565
-2.0909591353710733,1.1013669270277597,1779851026.448371
-2.1114103572507807,1.1140534057287714,1779851026.4882917
-2.1318429261138605,1.1267189174048997,1779851026.5482082
-2.1522425522343798,1.1393536970915985,1779851026.5882344
-2.172678420336411,1.1519999880819916,1779851026.6482866
-2.1933003207232313,1.1647508549293277,1779851026.6881812
-2.214046516621986,1.1775673437862029,1779851026.7484753
-2.2349077139662112,1.1904425822699745,1779851026.788247
-2.255770698426921,1.2033074221509392,1779851026.8484461
-2.2766843125432166,1.216192077868533,1779851026.8883529
-2.3026081792982,1.2275128567357814,1779851026.9484522
-2.3211385114521637,1.2387999196979331,1779851026.988228
-2.3424142955935996,1.2517463212299544,1779851027.0484252
-2.363832724801313,1.2647665677000322,1779851027.088284
-2.385413414164863,1.2778719793126425,1779851027.148465
-2.4069607949289624,1.2909424577377568,1779851027.1881669
-2.4284523001005427,1.3039653031103111,1779851027.2484028
-2.4498692196800143,1.3169299577456266,1779851027.2882195
-2.471136015390937,1.3297893307284154,1779851027.3484902
-2.492184481435031,1.342503317262524,1779851027.3885014
-2.5131424254155186,1.3551512491031972,1779851027.4486327
-2.5342675091398488,1.3678873439994121,1779851027.488533
-2.5553553200336183,1.380587389781299,1779851027.5484571
-2.576549513633828,1.3933383347658903,1779851027.5881758
-2.597772665557562,1.4060934408624761,1779851027.6484754
-2.6189503258172606,1.4188075463943364,1779851027.6884966
-2.6400222093397563,1.4314449120154653,1779851027.748553
-2.661143561211628,1.4440990922819317,1779851027.7882998
-2.6821993659213597,1.4567009169885812,1779851027.848424
-2.70330190287307,1.469317614647687,1779851027.8882556
-2.726107120937185,1.4862725309825238,1779851027.9482884
-2.738214261399852,1.4935424823964871,1779851027.9881952
-2.7546284405602126,1.5033957994951137,1779851028.0483875
-2.768191100139598,1.5115237465556555,1779851028.088162
-2.7781203475369556,1.5174652634134813,1779851028.1484337
-2.78505442425817,1.5216106630231914,1779851028.1881926
-2.789256836162685,1.5241193812580014,1779851028.248194
-2.7924565744860406,1.526032109880237,1779851028.2883873
-2.7946305701860603,1.527330118894411,1779851028.3483768
-2.795713960383196,1.5279762578548708,1779851028.3883617
-2.796229886401001,1.528285270041063,1779851028.4485126
-2.796385858792788,1.5283801013964557,1779851028.4883149
-2.7964171266333735,1.5284012233795234,1779851028.5485477
-2.7964113161424073,1.5284003283289886,1779851028.5882773
-2.7963963632146256,1.5283938855300438,1779851028.648358
-2.7963778224205975,1.5283851710251126,1779851028.688187
-2.7963616525531814,1.528377703483549,1779851028.748388
-2.796345112583961,1.528369875923418,1779851028.7881553
-2.7963305407632575,1.5283630741667429,1779851028.8482845
-2.7963173372983667,1.5283569525370995,1779851028.8883264
-2.7963058365030697,1.5283517147016175,1779851028.948381
-2.7943700211600735,1.531341730765837,1779851028.968332
-2.794547836162044,1.5314466572224952,1779851028.9883344
-2.7945539104215498,1.5314496942429898,1779851029.0482116
-2.7945452845671293,1.5314442911505324,1779851029.088247
-2.794533468490795,1.5314371430162497,1779851029.1482248
-2.794522453135797,1.5314305684942524,1779851029.1882558
-2.7945121723127153,1.5314244978802942,1779851029.2483888
-2.794502714444338,1.5314189668597236,1779851029.2883298
-2.794494025237046,1.5314139309791461,1779851029.3483326
-2.7944865731010364,1.5314096591875788,1779851029.388255
-2.794479705228539,1.5314057551444598,1779851029.448452
-2.7944739004696486,1.531402496767217,1779851029.4882083
-2.7944684619511957,1.5313994650242364,1779851029.5482867
-2.794463560182452,1.531396757014421,1779851029.5883157
-2.7944591248391095,1.5313943276143107,1779851029.648265
-2.7944551157656443,1.5313921502961039,1779851029.688216
-2.7944514884568306,1.5313901965415093,1779851029.7481315
-2.794448357334884,1.5313885320970055,1779851029.7882833
-2.794445370944359,1.531386948182679,1779851029.8482995
-2.794442809365188,1.5313856090238394,1779851029.8881195
-2.7949733027703654,1.5317000985243938,1779851029.9481204
-2.7946236650875966,1.5330101236555138,1779851029.968228
-2.7957503014897003,1.533680917871819,1779851029.9881897
-2.7972929579338293,1.5346034160754691,1779851030.04821
-2.7984720019764704,1.5353092509717032,1779851030.088312
-2.799070149494875,1.5356675339416872,1779851030.1482744
-2.799066875985263,1.5356661117082644,1779851030.1883178
-2.798458625176076,1.5353032599536143,1779851030.2481363
-2.7976293635263123,1.5348083155305434,1779851030.2881536
-2.7971403476879897,1.5345163669084028,1779851030.3484077
-2.7972025427112848,1.5345533006099046,1779851030.388332
-2.7974369068692906,1.534692969600675,1779851030.4483035
-2.797685987248184,1.5348413550331275,1779851030.4881597
-2.7979373400962855,1.5349910245927623,1779851030.5482233
-2.7981450098664284,1.535114612125439,1779851030.5884273
-2.7982900666023585,1.5352008858232142,1779851030.6481588
-2.798412246604157,1.5352735344687516,1779851030.6884131
-2.7985272220873934,1.535341874415112,1779851030.7482338
-2.798640257045745,1.5354090319364961,1779851030.788341
-2.7988066140071965,1.5355078574182153,1779851030.8481467
-2.7990475367265146,1.5356508979449097,1779851030.888346
-2.799235636438788,1.53610076998012,1779851030.9281726
-2.7992474589671237,1.536109226722421,1779851030.9481318
-2.7992828936777485,1.5361322556081374,1779851030.9881372
-2.799275882468029,1.5361280721274524,1779851031.0480666
-2.799271855643614,1.5361253533153192,1779851031.088234
-2.799287741925021,1.5361348324147355,1779851031.1481524
-2.7994088113664692,1.5362085563201704,1779851031.1884167
-2.7996684305257094,1.536367541172518,1779851031.2481456
-2.799979490070839,1.5365588331973645,1779851031.2882693
-2.800218280078401,1.536706278954791,1779851031.3481038
-2.8003379515192233,1.5367805008318378,1779851031.388224
-2.8004222452047802,1.536832483321121,1779851031.448187
-2.800505357749467,1.5368836211145136,1779851031.488241
-2.8005883902697573,1.5369347228372117,1779851031.5482829
-2.800760982553458,1.5370406896718312,1779851031.5882757
-2.801057249233087,1.5372228141070075,1779851031.6483438
-2.8013986138514855,1.5374330392250024,1779851031.6884315
-2.801772793779967,1.5376635355798227,1779851031.7483394
-2.802175168839722,1.5379114399394556,1779851031.7882128
-2.8025892788159723,1.5381666487317929,1779851031.848123
-2.8030057559208177,1.5384233503113076,1779851031.8880725
-2.804158387207151,1.5376030099480353,1779851031.9281344
-2.8042481918741653,1.5376603070519845,1779851031.9485743
-2.804699468365401,1.5379469029157844,1779851031.988308
-2.805198355639269,1.5382639117596069,1779851032.048115
-2.8057144270242316,1.5385924078279494,1779851032.0882912
-2.8062367471772127,1.538925154785873,1779851032.1482277
-2.8067166442666327,1.5392314333603137,1779851032.188295
-2.8071365950913836,1.5394997140174864,1779851032.2483103
-2.8075324593748423,1.539752418295689,1779851032.2881625
-2.8078865992089423,1.539978767637294,1779851032.3481765
-2.8081896384181273,1.540172615423082,1779851032.3883536
-2.8084738552801696,1.5403542981640272,1779851032.4482477
-2.808840531851959,1.5405882135312863,1779851032.488245
-2.8093275479266833,1.5408991338597042,1779851032.5482829
-2.8098506664390897,1.5412338781691322,1779851032.588272
-2.8103745925447297,1.5415694760837397,1779851032.6483562
-2.8108981559657122,1.5419050194775192,1779851032.6884127
-2.811413217123803,1.542235332158143,1779851032.7482266
-2.811915762723888,1.5425578014166599,1779851032.7881339
-2.8123958853430824,1.5428660882144012,1779851032.8481054
-2.812850171278032,1.5431579521343846,1779851032.8882165
-2.8143653968464526,1.5418995014025902,1779851032.9280586
-2.81434432399684,1.541886820109413,1779851032.9481256
-2.8146769385272337,1.5421083164193998,1779851032.9883225
-2.8149868241087788,1.5423141819508297,1779851033.0481045
-2.815245898399147,1.5424868367980982,1779851033.088127
-2.8154421111074805,1.542617892335794,1779851033.1480834
-2.8156156251727795,1.5427334657176133,1779851033.1881168
-2.8157821872654,1.542844388613568,1779851033.2482553
-2.815946231851062,1.5429537174351409,1779851033.2881546
-2.816214457477947,1.543131776656247,1779851033.3480942
-2.816628226239266,1.5434071517505716,1779851033.388141
-2.8170935138171025,1.5437182239382636,1779851033.4483266
-2.81757582459283,1.5440412898202776,1779851033.488152
-2.81806222150983,1.5443674993693557,1779851033.5481286
-2.8184807825791407,1.544649043433397,1779851033.588287
-2.8188036327396953,1.5448666617506073,1779851033.6481206
-2.819090681708768,1.5450599079450162,1779851033.688364
-2.8194018685404196,1.5452692142050966,1779851033.7483869
-2.819758332918023,1.5455091586442558,1779851033.7884223
-2.8201302619426922,1.545759999345375,1779851033.8483698
-2.821337253971255,1.5444198544473393,1779851033.8883822
-2.821235894958414,1.5443537527005236,1779851033.9483488
-2.821053925996198,1.544227882379535,1779851033.9882874
-2.82083169333291,1.5440728959156127,1779851034.048789
-2.8205959252434507,1.5439079090411532,1779851034.0882425
-2.8201395621691683,1.54359106864781,1779851034.148264
-2.819582948595846,1.5432016749107946,1779851034.1883373
-2.8191930826639044,1.542925639197231,1779851034.248363
-2.818868157522738,1.5426964303983297,1779851034.2882514
-2.8185639332838477,1.5424819639318694,1779851034.3485804
-2.818179916477297,1.5422120558801835,1779851034.3883488
-2.8176787312250027,1.541859355239507,1779851034.4482813
-2.81719612397948,1.5415178482202425,1779851034.4881585
-2.816784477449696,1.5412257089270278,1779851034.5482278
-2.8163979634022125,1.5409514867612002,1779851034.5884385
-2.816106870869873,1.5407439716897302,1779851034.6482196
-2.815937102687858,1.5406222631990805,1779851034.688083
-2.815991404839885,1.5406590410442513,1779851034.7482624
-2.816308356739801,1.5408829211870936,1779851034.7881649
-2.8167193825742567,1.5411758286743136,1779851034.848084
-2.817064305425043,1.5414231463215897,1779851034.8880231
-2.819331481013612,1.5381849050929488,1779851034.9080253
-2.8194598085857514,1.5382889520132053,1779851034.948246
-2.8195112458530316,1.5383339071267046,1779851034.9880517
-2.8193926009467045,1.5382478074086765,1779851035.0483527
-2.819213309837341,1.5381111037232926,1779851035.0883114
-2.8189395902791854,1.5379021514651865,1779851035.1482937
-2.8185557887237245,1.5376077087950901,1779851035.1884432
-2.818358709881275,1.5374500318192006,1779851035.2481964
-2.818460540927862,1.5375225381449869,1779851035.2884367
-2.8186698181096435,1.5376837704590882,1779851035.3481493
-2.8188626915002115,1.5378350771391849,1779851035.3883417
-2.818997401833206,1.5379418695823215,1779851035.448379
-2.819052115432883,1.53798643176412,1779851035.4883945
-2.819019874759892,1.5379627229333197,1779851035.5483253
-2.818956832514246,1.537913514485593,1779851035.5883796
-2.8187760608593395,1.5377728104369133,1779851035.648354
-2.8184439541676154,1.5375123279333616,1779851035.6883981
-2.818158048410345,1.5372843347368594,1779851035.7483807
-2.8179915930240993,1.5371498678112576,1779851035.7882767
-2.817869459347785,1.5370518805198872,1779851035.8482823
-2.8177608051138088,1.5369648841152213,1779851035.8880723
-2.8208229178826953,1.5321893066624892,1779851035.9082208
-2.8207609361479733,1.5321332740453415,1779851035.948163
-2.820604645236263,1.5319963849928213,1779851035.9881244
-2.820374957878751,1.5317930702825786,1779851036.0485177
-2.82012033873906,1.5315630688129382,1779851036.0882082
-2.819778983224205,1.5312564060937246,1779851036.148528
-2.8193286239076336,1.5308494642922341,1779851036.1883929
-2.818831824079542,1.5303947743712145,1779851036.2483602
-2.818312014233702,1.5299160733266357,1779851036.2884393
-2.8177875965607866,1.5294306047888269,1779851036.3482902
-2.817229055243373,1.5289127375914586,1779851036.3882208
-2.8166278507186533,1.5283533370585103,1779851036.4483495
-2.816176786910802,1.5279245751792112,1779851036.4883692
-2.8159444419731074,1.5276979906666905,1779851036.5483694
-2.815790198311045,1.5275503421879062,1779851036.588429
-2.815652666099422,1.5274200496954753,1779851036.6485693
-2.815512477564868,1.5272872989135156,1779851036.6884444
-2.8153172238991964,1.527103162716113,1779851036.7482266
-2.8150478690487617,1.526847600695716,1779851036.788414
-2.814753192643018,1.5265648183781997,1779851036.8483422
-2.8144584723784365,1.5262800636280265,1779851036.8884146
-2.8175074038675043,1.5213305046024261,1779851036.9083097
-2.81737797184193,1.5211838056237794,1779851036.948207
-2.8172000558260506,1.5209738943260074,1779851036.9882543
-2.8171270207611374,1.5208809653390207,1779851037.0483701
-2.817088625434463,1.520835304888248,1779851037.0883331
-2.8170404054426714,1.520782341839895,1779851037.1481628
-2.816967259117606,1.5207012247655112,1779851037.1883934
-2.816899934600707,1.5206233509304217,1779851037.248289
-2.8168490174654917,1.5205633240272498,1779851037.288337
-2.8168039865402763,1.5205107684767116,1779851037.3484635
-2.8167468404671516,1.520444858205089,1779851037.3884249
-2.816671807685123,1.5203574769709631,1779851037.4484608
-2.8166598973393104,1.5203389854188092,1779851037.4883878
-2.816739471584663,1.520429226870677,1779851037.5483968
-2.816850000711294,1.5205623602737581,1779851037.5883918
-2.816921983173301,1.5206539414809073,1779851037.6484213
-2.8169321724932233,1.5206712497522343,1779851037.688513
-2.8168872519757957,1.5206196404752756,1779851037.7483776
-2.816790162185653,1.5205023175136065,1779851037.7883246
-2.8166754669768905,1.5203597168105656,1779851037.848334
-2.8190243530443975,1.5165884817773347,1779851037.8681781
-2.819005110288844,1.516554802060049,1779851037.888144
-2.818941658641624,1.5164543208988963,1779851037.9483464
-2.8188969890197977,1.5163830484275398,1779851037.9882684
-2.81887065482425,1.5163398907712489,1779851038.0483658
-2.8188501013788323,1.5163076899496242,1779851038.0883644
-2.8188374818119755,1.5162872740745648,1779851038.1482997
-2.8188334136284787,1.5162801159934518,1779851038.1883523
-2.818826133446252,1.5162696438926437,1779851038.2484846
-2.81881199107155,1.5162484678310524,1779851038.288471
-2.8187957440940274,1.5162228121786971,1779851038.3482716
-2.818715257467156,1.5161006117731484,1779851038.3882804
-2.81855174849504,1.515841650873021,1779851038.4484487
-2.8184366723924335,1.5156415115965844,1779851038.4884489
-2.8184114413668677,1.5155860984788414,1779851038.5484595
-2.818414761557347,1.515588328716475,1779851038.5882916
-2.8184158146332883,1.5155910890937823,1779851038.6484685
-2.8184050074039173,1.5155744329898841,1779851038.6883512
-2.818406953497183,1.5155765013214035,1779851038.748452
-2.8184293399517637,1.515613935214696,1779851038.788143
-2.8184580790732183,1.51566517243689,1779851038.8484678
-2.8199054233516048,1.5135293965056604,1779851038.888534
-2.8199088185479955,1.5135434773146474,1779851038.948763
-2.8199390539270226,1.5136038573453339,1779851038.9884298
-2.8200029914174944,1.513740283676377,1779851039.0484343
-2.8200750804229004,1.5139078444777716,1779851039.0882194
-2.820039778557321,1.513862383253437,1779851039.1484964
-2.8198700765857727,1.513498511630132,1779851039.188376
-2.8197020193367806,1.513083293717015,1779851039.2486596
-2.8195688773726006,1.5127351718846895,1779851039.288246
-2.819445921618234,1.512416282818871,1779851039.3481534
-2.819331434419814,1.5121155331611957,1779851039.3883662
-2.819224420278013,1.5118301562336296,1779851039.4483013
-2.819108570565738,1.5115224444523805,1779851039.4883375
-2.81897929234656,1.5111745168008066,1779851039.5482194
-2.8188482451861137,1.5108116748748721,1779851039.5883853
-2.8187415929927955,1.5105017650149912,1779851039.6484528
-2.8186651517721644,1.5102708859395717,1779851039.6883142
-2.8185979322309254,1.5100711519493277,1779851039.7484972
-2.8185342574243704,1.5098809058516103,1779851039.7884307
-2.8184721628727805,1.5096927065910657,1779851039.848461
-2.819283856578175,1.5082419494666328,1779851039.8884315
-2.819144998929493,1.50771098461991,1779851039.9485025
-2.819016121513403,1.5071357703477577,1779851039.9884157
-2.818898834341904,1.5065775105191974,1779851040.048754
-2.8187860851150783,1.5060290777404657,1779851040.0884118
-2.818695864605535,1.5055511182833943,1779851040.1483948
-2.818629453846568,1.505174241157334,1779851040.188522
-2.8185831442164933,1.5048953972198138,1779851040.2483742
-2.8185558039848675,1.5047144715976593,1779851040.2886627
-2.8185316765693624,1.5045696021144876,1779851040.3483403
-2.818532235963649,1.5045376428646653,1779851040.388376
-2.818557432315471,1.5046525632777024,1779851040.4484584
-2.818588522314174,1.5048430413294531,1779851040.4883976
-2.8186235725789177,1.5050798385655983,1779851040.5483987
-2.81865764203229,1.505332596551598,1779851040.5883996
-2.818680849482159,1.5055398394715842,1779851040.64844
-2.8186931747837938,1.5056763528137413,1779851040.688384
-2.818698944330092,1.505755287222247,1779851040.7483046
-2.818699018855198,1.5057829532024551,1779851040.7883735
-2.8191488070856145,1.505435289420283,1779851040.8484383
-2.8191478220948425,1.5054372924986248,1779851040.8884444
-2.8191472798922357,1.5054382467139518,1779851040.948334
-2.819152179412944,1.5055012284958333,1779851040.9883811
-2.8191574014926015,1.5056509317771227,1779851041.048382
-2.8191564330200807,1.5058331350071765,1779851041.0882573
-2.8191464238153023,1.5059106791888106,1779851041.148443
-2.8191378334750006,1.5058315223764642,1779851041.1884017
-2.8191379689534166,1.5056421867359786,1779851041.2484453
-2.8191450453026388,1.5053615818739285,1779851041.2883832
-2.8191600436620847,1.5050493865982504,1779851041.348428
-2.819179808302064,1.5048207097032695,1779851041.388159
-2.8191945503361953,1.5047200367484814,1779851041.4483936
-2.819199382670111,1.5047810143925209,1779851041.4882982
-2.8191892370457903,1.505016258750905,1779851041.5482001
-2.819164202458848,1.5053140985593902,1779851041.5883355
-2.8191339841964704,1.5055995630225576,1779851041.6482213
-2.8191043717734545,1.50584824449971,1779851041.6881058
-2.819076663282495,1.5060722782668798,1779851041.7481952
-2.819049988900812,1.5062766626807655,1779851041.7883306
-2.8189918004428103,1.5066002465618813,1779851041.8484507
-2.8189709020035716,1.5066488649643848,1779851041.8883739
-2.8189667166240913,1.5066165049402807,1779851041.9481168
-2.818967799252706,1.5066347867243366,1779851041.9881763
-2.8189463689146397,1.5067655778844384,1779851042.0481539
-2.8189068894725264,1.5069374688765222,1779851042.0881705
-2.81886225307727,1.507112123045227,1779851042.1480784
-2.818818002951876,1.507276073011449,1779851042.188194
-2.818790011749873,1.5073542841993577,1779851042.248144
-2.8187920941803255,1.5073189308683683,1779851042.2885747
-2.818812350119389,1.5072431189069468,1779851042.3480992
-2.8188180402254894,1.5072459837926813,1779851042.3884096
-2.8187879841762853,1.507370247894117,1779851042.4482334
-2.818764450347216,1.50742630288854,1779851042.4884765
-2.8187825349960023,1.5073434941290385,1779851042.54816
-2.8188253597853,1.507211286205177,1779851042.5883472
-2.818871377316244,1.5070838058792502,1779851042.6482406
-2.818911224678877,1.5069795942535473,1779851042.6884067
-2.8189660483948096,1.5068235530526313,1779851042.7484074
-2.81905104993315,1.5065888809038386,1779851042.7885814
-2.8190494289117654,1.5064604889730595,1779851042.8484101
-2.8191197428295376,1.5063180590472973,1779851042.888289
-2.8192163550012683,1.5061231717193766,1779851042.9483752
-2.8193365505009784,1.5058629751855304,1779851042.9883306
-2.8195066710764713,1.5055032178812648,1779851043.0483437
-2.8197045919224957,1.5051105415568622,1779851043.0884519
-2.8199340575377465,1.5046618170620236,1779851043.1481187
-2.820203701309024,1.5041469840736568,1779851043.1881247
-2.8204617667588154,1.5036854164255495,1779851043.2482638
-2.8206733756313542,1.5033226992946387,1779851043.2882433
-2.8208632115278456,1.502995208529748,1779851043.3481221
-2.821080899429038,1.5026138487838898,1779851043.3881698
-2.821350198063838,1.5021507863911023,1779851043.4483173
-2.8216040539133713,1.5017439361778844,1779851043.488214
-2.8218016174720164,1.5014416949625087,1779851043.5483007
-2.821972878411338,1.5011766620397542,1779851043.588261
-2.8220914964297354,1.5010061633160163,1779851043.64806
-2.8221375562079647,1.5009502994830874,1779851043.6880863
-2.822145970230153,1.5009415861456898,1779851043.7482948
-2.822135863271558,1.5009569297531344,1779851043.7881484
-2.8221186973589214,1.5009799705155966,1779851043.8481987
-2.822135434252229,1.501233425122858,1779851043.8685563
-2.8221750622572808,1.5011692110087662,1779851043.8880765
-2.8222582520669635,1.5010493116809116,1779851043.948139
-2.8223739360938858,1.5008989720812644,1779851043.98812
-2.8225086067064415,1.5007308294577755,1779851044.0481775
-2.822652259352157,1.5005572848435729,1779851044.0882344
-2.8227751970882875,1.5004167666583788,1779851044.148228
-2.8228628198121415,1.5003210780792569,1779851044.1880488
-2.822909614178946,1.5002735708420625,1779851044.2483263
-2.8229133296110915,1.50027451238158,1779851044.2881904
-2.8228984851693224,1.5002911662197866,1779851044.3481784
-2.822923675004357,1.5002565547803115,1779851044.388133
-2.8230169269890433,1.5001496778919539,1779851044.4481883
-2.823026269850131,1.5001538669803827,1779851044.4881434
-2.8228722040678673,1.5003275685760131,1779851044.5485024
-2.822645670300638,1.5005537173568964,1779851044.5881007
-2.8223658257044373,1.500825746652383,1779851044.6485431
-2.82203463475224,1.50114030113056,1779851044.688421
-2.8217745921091466,1.5013673390763214,1779851044.748251
-2.8216441616954513,1.5014686877007364,1779851044.788155
-2.8215490824527243,1.5016827681650586,1779851044.8282921
-2.8215473214730187,1.5016770876100654,1779851044.8484316
-2.8214967203365573,1.5017158502632963,1779851044.888308
-2.8214618307286323,1.501742167005438,1779851044.9483633
-2.821417964515552,1.5017782668323447,1779851044.9881244
-2.821353131791564,1.501830668854524,1779851045.048473
-2.821278856740683,1.5018874089559142,1779851045.0884242
-2.8211930859842496,1.5019518298838832,1779851045.1482503
-2.821094225648502,1.5020244046687288,1779851045.1884263
-2.820989474905023,1.5020986758660857,1779851045.248259
-2.820906746227803,1.5021532296407536,1779851045.2885094
-2.8208583706678954,1.5021825971952047,1779851045.348246
-2.8207834411283574,1.5022354870688701,1779851045.3881788
-2.820651921064817,1.5023255946268383,1779851045.448217
-2.820496335313432,1.5024251118633514,1779851045.488024
-2.820272951273198,1.5025687120982936,1779851045.5480404
-2.819958945104218,1.5027647336537997,1779851045.5884912
-2.819754127064326,1.5028729629143196,1779851045.64806
-2.8197490223737525,1.50285873906445,1779851045.6883078
-2.819826573179994,1.502810817927185,1779851045.748412
-2.8199922307820633,1.5027142602658439,1779851045.78824
-2.82008341153682,1.5026946751929826,1779851045.828106
-2.82022494997406,1.5026155074433138,1779851045.8484373
-2.82038274135173,1.5025494520885698,1779851045.888245
-2.8203503052223597,1.5025828502044147,1779851045.9481297
-2.820238880344504,1.502640674109573,1779851045.9881675
-2.8201102458035034,1.5027003454776948,1779851046.048263
-2.8199862683542944,1.5027549298284237,1779851046.0881875
-2.8198463266410796,1.502816877062199,1779851046.1482203
-2.819679985259982,1.5028887303332632,1779851046.1882043
-2.819502825948931,1.502961482578735,1779851046.2484293
-2.819470695086627,1.502961914132391,1779851046.288293
-2.819653428966352,1.50287625399839,1779851046.3484566
-2.8199606287452044,1.502755241578723,1779851046.3883164
-2.8203497514127305,1.5026112873053927,1779851046.448239
-2.820771076098289,1.5024647173163712,1779851046.4881597
-2.821193149335532,1.502324773340897,1779851046.5484347
-2.8216050780691555,1.5021935443804697,1779851046.5881987
-2.822092032249368,1.5020372213364832,1779851046.648555
-2.8226901006537544,1.5018514657623767,1779851046.6882837
-2.8233332516549403,1.5016651027880779,1779851046.7483532
-2.8239521514414334,1.5014973423320288,1779851046.7883694
-2.824487882057676,1.5013631463477721,1779851046.8281913
-2.8245109510850983,1.5013635662277405,1779851046.848167
-2.825049291225109,1.5012303666478715,1779851046.888385
-2.825569979110322,1.501106791396735,1779851046.948413
-2.826083796207165,1.5009896495045172,1779851046.988278
-2.8264682647527466,1.5009153169095013,1779851047.0482209
-2.826667685747242,1.5008857728631062,1779851047.088402
-2.8266957276584344,1.5008900741411353,1779851047.1484463
-2.8265587470333893,1.5009242046810698,1779851047.18842
-2.826359997776986,1.5009599858151368,1779851047.2483795
-2.8261614552928194,1.5009899215793308,1779851047.2882204
-2.825985289780633,1.5010133463596904,1779851047.3484507
-2.825899398515712,1.5010179110110704,1779851047.3883936
-2.8259316063126154,1.5010053186653451,1779851047.44816
-2.826008555001467,1.5009933412672332,1779851047.4881165
-2.826058448722143,1.5009896164912784,1779851047.5481474
-2.8260551125955544,1.5009928504416505,1779851047.5884178
-2.826031402479683,1.5009953284431703,1779851047.6481702
-2.8259496124606893,1.5010045889328996,1779851047.6881905
-2.825793370394549,1.5010184306879755,1779851047.7480562
-2.825638306694053,1.5010387127036904,1779851047.7882273
-2.825520427619553,1.5010402861674725,1779851047.8483438
-2.8254157684225967,1.5010419848734082,1779851047.8882353
-2.825377764447568,1.5010377586129484,1779851047.9484267
-2.825428330598678,1.5010315963806005,1779851047.9883313
-2.8255221355353632,1.5010295507325921,1779851048.0483088
-2.825640638324999,1.5010299624305827,1779851048.0883267
-2.825767692665921,1.501032918781845,1779851048.1483643
-2.825813919317858,1.501040204011006,1779851048.1884198
-2.825744634465481,1.5010441274555453,1779851048.2483482
-2.8256329166964815,1.5010395212497705,1779851048.2883973
-2.8255079761151842,1.5010311601700392,1779851048.348331
-2.8253792463452405,1.5010206663683638,1779851048.3883686
-2.8253539817759714,1.5010110409840065,1779851048.4483917
-2.825473042578241,1.5010138859946778,1779851048.4883468
-2.825654886685259,1.5010311042823605,1779851048.5483737
-2.8258673993680428,1.5010559663635166,1779851048.5882335
-2.826090162823227,1.5010858119742405,1779851048.6483505
-2.8263780187314334,1.501123711230353,1779851048.688241
-2.826752869407748,1.5011773129048056,1779851048.748563
-2.8272577827064582,1.5012035327482027,1779851048.7884018
-2.8276944968881903,1.5012744497502843,1779851048.8483295
-2.828201701210832,1.5013640160317543,1779851048.8885958
-2.828588791905263,1.5014449724747936,1779851048.9483132
-2.8288073123747663,1.5014989373433356,1779851048.9885714
-2.8289326267412713,1.5015301713586642,1779851049.0483463
-2.8289955591192117,1.5015471737542154,1779851049.0883198
-2.829037119696704,1.501557275478235,1779851049.1481848
-2.8290306866874184,1.5015580430280293,1779851049.1882424
-2.8289657508380737,1.5015443486749978,1779851049.2483504
-2.828777807627642,1.5015013474755188,1779851049.2883985
-2.8284431414625764,1.5014165700527204,1779851049.3482063
-2.828057643313475,1.5013065380552035,1779851049.38826
-2.8276564505466415,1.5011853363383247,1779851049.448221
-2.8272520659072917,1.5010579522426475,1779851049.488357
-2.826898853323073,1.5009388706257434,1779851049.548486
-2.826614468347509,1.500837863638061,1779851049.5882175
-2.826355927988065,1.500745936732433,1779851049.6486228
-2.8259954755133823,1.5006232254599658,1779851049.6885276
-2.825487727657516,1.5004439857972809,1779851049.748288
-2.824950374153654,1.500238445980636,1779851049.7884705
-2.8248098494983602,1.5001797577799312,1779851049.8082154
-2.824428641678139,1.5000296095588235,1779851049.8486507
-2.823911222420321,1.49982285759223,1779851049.8883462
-2.8234350505794015,1.4996242918992837,1779851049.9486167
-2.8230137555389083,1.4994424517159455,1779851049.9883232
-2.8225469115958286,1.4992431689778944,1779851050.048647
-2.8219937978120657,1.4990017293595628,1779851050.088458
-2.821412286539772,1.498735898005804,1779851050.1484976
-2.820843532198103,1.4984659619410006,1779851050.1885335
-2.820301914373943,1.498201143875362,1779851050.248598
-2.8198178473284456,1.4979557059503077,1779851050.288417
-2.8194041387910938,1.4977393679292814,1779851050.34846
-2.81901636161556,1.4975347964220533,1779851050.388325
-2.8186104216322505,1.497318604667781,1779851050.4484901
-2.8181695137080713,1.4970785919571756,1779851050.4884045
-2.8175500049960878,1.4967429251919928,1779851050.5484293
-2.8167027624268064,1.4962697374435259,1779851050.5883963
-2.815782040330477,1.4957278463836496,1779851050.6483169
-2.814822843452335,1.4951469692735107,1779851050.688489
-2.8138387755718766,1.4945360541079673,1779851050.7483861
-2.8127473940479772,1.4938492607923557,1779851050.7884245
-2.81228257066842,1.4936058981748903,1779851050.808383
-2.811488565749715,1.4930975847687504,1779851050.8484805
-2.8102288145689935,1.4922668901680045,1779851050.888669
-2.808327760488093,1.4910352239503084,1779851050.9486735
-2.805605016330517,1.4892204941969829,1779851050.9883502
-2.804082627620416,1.4880288212621837,1779851051.048184
-2.8044742541680883,1.488144615401155,1779851051.0883508
-2.805519413532553,1.4888720766228765,1779851051.1484663
-2.805930527875314,1.4892530707043026,1779851051.1883667
-2.805287875242451,1.4888605601094573,1779851051.2487347
-2.8049323695069317,1.4885507355882075,1779851051.28831
-2.8053260783225236,1.488798696798892,1779851051.3486304
-2.805968645475752,1.4893105983501973,1779851051.3884041
-2.8067853620586565,1.4899862531566381,1779851051.4484673
-2.807750797003538,1.490806124674948,1779851051.4883611
-2.8083662566967527,1.4913891060704147,1779851051.548415
-2.808465142875625,1.4915356063255127,1779851051.588385
-2.8083963745253735,1.491491197389002,1779851051.6484292
-2.808340809675797,1.4914381021317935,1779851051.6882932
-2.808354833193712,1.4914442856622907,1779851051.7484188
-2.80794942640208,1.492309461765691,1779851051.7682261
-2.8079588328826275,1.4923173442667097,1779851051.7882085
-2.807965801555697,1.4923239456895896,1779851051.848355
-2.807968238977631,1.4923265552989908,1779851051.8882482
-2.807969082315957,1.4923276773266856,1779851051.948212
-2.8079693824242886,1.4923282731071825,1779851051.9882007
-2.8079694993094613,1.4923286824659772,1779851052.0483775
-2.807969554809267,1.4923290229542034,1779851052.0883377
-2.807969577452057,1.4923293218085258,1779851052.1483445
-2.8079695823868733,1.4923295930734581,1779851052.1883392
-2.807969572624748,1.4923298387244033,1779851052.2484186
-2.807969561043368,1.4923300718829426,1779851052.288385
-2.807969536096619,1.4923302794169844,1779851052.3483562
-2.8079695124939783,1.4923304772832373,1779851052.3883379
-2.807969479776452,1.4923306534840044,1779851052.4484234
-2.80796944741331,1.492330818822038,1779851052.4884005
-2.8079694153022983,1.4923309735283719,1779851052.5482874
-2.8079693795787857,1.492331113023571,1779851052.588198
-2.807969342619086,1.4923312402971693,1779851052.6484013
-2.807969306661549,1.4923313585214046,1779851052.6883612
-2.8079692713441964,1.4923314676543713,1779851052.7484078
-2.807581307679875,1.493204063661697,1779851052.7682302
-2.8075804388167205,1.493203101612969,1779851052.7881923
-2.807580458741838,1.4932030653881534,1779851052.8483593
-2.8075804961801114,1.4932030827652152,1779851052.8882372
-2.8075805353012466,1.4932031176881735,1779851052.948387
-2.807580568799717,1.493203156061047,1779851052.9882452
-2.8075805963557654,1.4932031945327116,1779851053.048435
-2.807580618578113,1.4932032320087483,1779851053.0882902
-2.807580634406369,1.4932032661492582,1779851053.148514
-2.807580647305653,1.4932032996222948,1779851053.188339
-2.8075806573981783,1.493203331847513,1779851053.2484179
-2.8075806637233747,1.4932033611248787,1779851053.2884731
-2.807580668092985,1.493203388924914,1779851053.3484566
-2.807580670651509,1.4932034150023685,1779851053.3884683
-2.8075806722905146,1.4932034400642629,1779851053.4484398
-2.8075806722638723,1.493203462954785,1779851053.4883387
-2.8075806713386187,1.4932034843542734,1779851053.5482817
-2.807580669659615,1.4932035042700804,1779851053.5884676
-2.807580667304199,1.4932035226603195,1779851053.6483924
-2.8075806643582037,1.4932035395232937,1779851053.6883268
-2.807580661395779,1.4932035555351737,1779851053.7486422
-2.807385235949031,1.4937087522602295,1779851053.788457
-2.8073852476016214,1.493708741681111,1779851053.8484335
-2.807385259479519,1.4937087405782512,1779851053.8884633
-2.8058727252569216,1.492169632324617,1779851053.948323
-2.802231306393498,1.4885211891430665,1779851053.9883473
-2.797067735806088,1.4833540652753312,1779851054.0483735
-2.7906807707922203,1.4769155080152199,1779851054.0884292
-2.7838726444436976,1.4699968099254193,1779851054.1484342
-2.776450861705134,1.462374817448438,1779851054.1884296
-2.7683144831995774,1.4539339232693373,1779851054.248389
-2.7582505461968876,1.44339291935815,1779851054.2883694
-2.745830479343647,1.4302572727011502,1779851054.348328
-2.7325678648963447,1.4160675719863935,1779851054.388448
-2.718565594059067,1.4009327872413493,1779851054.4483895
-2.703728563403263,1.3847303918297789,1779851054.4884617
-2.6884812955608153,1.3678981999716415,1779851054.5483441
-2.6729227510960976,1.3505409035837317,1779851054.5885313
-2.6573105984690675,1.3329343948469057,1779851054.648827
-2.6417705103578646,1.3152244055560491,1779851054.6884375
-2.6036989180304255,1.3182671675637487,1779851054.748498
-2.585924754329661,1.302485560067341,1779851054.7884076
-2.5681597873981064,1.2865913520645573,1779851054.8484714
-2.550400845661627,1.2705961952378586,1779851054.8882012
-2.532826566441856,1.2546683804745404,1779851054.9485202
-2.515444850870033,1.238812010608607,1779851054.988345
-2.4982095313899872,1.222983528033802,1779851055.0483937
-2.4811833419939675,1.207244400016688,1779851055.0883803
-2.4641958807850073,1.19143756379099,1779851055.1484914
-2.4472510927043594,1.1755670178024116,1779851055.1884344
-2.4302263261025288,1.1595199024414107,1779851055.2483675
-2.413203675851092,1.1433733467071825,1779851055.2881703
-2.39610135656668,1.1270490062544063,1779851055.3483348
-2.3790672373958173,1.1106875986002283,1779851055.3882618
-2.362037863432341,1.094227870112807,1779851055.4482563
-2.3450676783117,1.0777220072340674,1779851055.4881973
-2.3281547368212703,1.0611684285936427,1779851055.5482557
-2.311189778852727,1.0444599840173838,1779851055.5883322
-2.294290574189615,1.0277115794246976,1779851055.6480844
-2.277414505128438,1.0108818418688184,1779851055.6883056
-2.219595680359897,1.0320928749766236,1779851055.7483356
-2.202692163522514,1.0181437020088533,1779851055.7881892
-2.1839873254038102,1.0026604678897653,1779851055.8483305
-2.1652736751929407,0.9871224644268488,1779851055.8883045
-2.1464523713125896,0.9714420500987146,1779851055.9484785
-2.127741757061424,0.9558019882334099,1779851055.988443
-2.1091255211539077,0.940196122143714,1779851056.048553
-2.090619077536263,0.9246322684669543,1779851056.0884426
-2.0722411682364084,0.9091214739324991,1779851056.1484864
-2.053919980032587,0.893607230339272,1779851056.1882975
-2.0356427683381257,0.8780794189895826,1779851056.2484345
-2.0174355540591726,0.8625601666932837,1779851056.288314
-1.999198940323996,0.8469652344637668,1779851056.3484793
-1.9810313943304043,0.8313787748057588,1779851056.3883395
-1.9628751671300695,0.8157518042814306,1779851056.4485836
-1.9448143064596242,0.8001564559937947,1779851056.488484
-1.9267674942194435,0.7845222831917,1779851056.5485537
-1.9086478637859454,0.768774249483091,1779851056.5883484
-1.8905773389805904,0.7530182115446027,1779851056.6482708
-1.8724783120158093,0.7371862031453108,1779851056.688224
-1.815245796073881,0.7558473108737019,1779851056.748314
-1.800374417128141,0.7444391474496979,1779851056.7885659
-1.7810254959519298,0.7295841774135876,1779851056.8484106
-1.761742051558524,0.7147635919208241,1779851056.888312
-1.7424737875928622,0.6999399060800142,1779851056.9482713
-1.7233006333178023,0.6851720722294418,1779851056.9882345
-1.7042503700885914,0.670480540703219,1779851057.0486937
-1.685285797837803,0.6558371880917788,1779851057.0883656
-1.666344533883614,0.6411927917951367,1779851057.1480644
-1.6473470661301004,0.6264850922798798,1779851057.188369
-1.6282182264106746,0.6116577764442823,1779851057.2482452
-1.608991737366365,0.596737421014155,1779851057.2882783
-1.589706492065699,0.5817540193978572,1779851057.3482854
-1.5703514024131675,0.5666999688455745,1779851057.3882124
-1.5509625210459586,0.551602112592055,1779851057.4484138
-1.531636060934642,0.5365350630015511,1779851057.488346
-1.5122968075576888,0.5214407284770552,1779851057.5484836
-1.4931161765583614,0.5064524592062833,1779851057.5883813
-1.4739192029188375,0.49143318881194376,1779851057.648477
-1.4547744904633448,0.4764370509154308,1779851057.6885035
-1.4356470843096047,0.4614367244538052,1779851057.7484062
-1.4057568135187997,0.4834324346120879,1779851057.768294
-1.393009967050873,0.4742342241524276,1779851057.7882311
-1.3731602936016132,0.45991253994759657,1779851057.8482232
-1.353319212966046,0.44560042701042213,1779851057.888147
-1.3334028093728842,0.4312347982811559,1779851057.9485147
-1.313450056472135,0.41684417156522113,1779851057.98833
-1.2934138934026078,0.4023949018113972,1779851058.0487595
-1.2733798052189464,0.3879484943012963,1779851058.0883281
-1.2533371066619658,0.37349767747640117,1779851058.1484008
-1.2332081685151366,0.3589854518637209,1779851058.1883295
-1.2130785704882887,0.3444739188309224,1779851058.2484424
-1.193033410602802,0.3300270780540319,1779851058.288367
-1.1731729262405888,0.3157149997048592,1779851058.3484137
-1.1534253437929647,0.3014836117427774,1779851058.388309
-1.1337357870149365,0.2872960320788287,1779851058.4485002
-1.1142594364971907,0.2732633505771608,1779851058.4883263
-1.0947567469104658,0.2592112145800594,1779851058.548398
-1.0752771655382307,0.24517654945584666,1779851058.5884178
-1.0557126758828252,0.23108226394991035,1779851058.6484318
-1.0362194980404023,0.21704081690760849,1779851058.6884506
-1.015180765010711,0.22484496100680643,1779851058.7083802
-1.0050733122878213,0.2178722785851574,1779851058.7482207
-0.9852423368964063,0.2041952615120143,1779851058.788209
-0.9653032784087525,0.19045382077055228,1779851058.8484135
-0.9453867817991818,0.1767391748710693,1779851058.8883393
-0.9254601851106243,0.16302805457542704,1779851058.9483225
-0.9055077124748067,0.14930941451977658,1779851058.9883063
-0.8855388830072223,0.13558976605230535,1779851059.0485055
-0.8655542030473885,0.1218693394468397,1779851059.0884488
-0.8455556610267161,0.10814960304234054,1779851059.1483786
-0.825528324597367,0.09442005233717245,1779851059.1880987
-0.8054719419460151,0.08068078419741388,1779851059.2483623
-0.7853446761999562,0.06690359963821868,1779851059.2884185
-0.765148983510667,0.053089150112266906,1779851059.3482325
-0.7447808244094536,0.03916699103970197,1779851059.3883884
-0.7243901928925337,0.02524030130183921,1779851059.4485166
-0.703884532808758,0.011245624964744221,1779851059.488228
-0.6833247797489972,-0.00277509697060161,1779851059.5486424
-0.6628411619956612,-0.016732918665178297,1779851059.5884566
-0.6424233340066235,-0.030635440433049117,1779851059.6483846
-0.6219788148958102,-0.04454654574326802,1779851059.6884372
-0.6056504154698821,-0.04866916356049379,1779851059.7283046
-0.5980599771210451,-0.05375915941050227,1779851059.7482395
-0.5774102796441721,-0.06759980546310451,1779851059.7882106
-0.5568045982660396,-0.08139718171086444,1779851059.848198
-0.5363045049349061,-0.09511065281556122,1779851059.8882875
-0.5157974450704693,-0.10881573515328404,1779851059.9483974
-0.4953652983979574,-0.1224577413653698,1779851059.9883802
-0.47489919998135477,-0.136109752739036,1779851060.0485709
-0.45459629000068413,-0.149639833696058,1779851060.0884078
-0.43424779206714226,-0.16318736157336552,1779851060.1483474
-0.41389657442414607,-0.1767241106533277,1779851060.1883888
-0.3935003940969209,-0.19027787202155855,1779851060.2484112
-0.37309607972455633,-0.20382388552382438,1779851060.2883842
-0.3526974617415127,-0.21735282029238234,1779851060.3484373
-0.3323587881225442,-0.23082898493146087,1779851060.3882132
-0.3121169935749373,-0.24422819543249435,1779851060.448471
-0.2918649031502783,-0.25762143218499656,1779851060.4883206
-0.27164368696168534,-0.27098158506870446,1779851060.5484111
-0.25127869255694846,-0.2844243008737103,1779851060.5884233
-0.23088021619692667,-0.2978762527861273,1779851060.6485493
-0.2125534617158694,-0.30993884679729833,1779851060.6883488
-0.1997700441276084,-0.3210452086026099,1779851060.7283704
-0.19878179808245844,-0.32169257438022913,1779851060.748274
-0.18454932551862874,-0.33110032461707817,1779851060.7881305
-0.17338965546151544,-0.3384631354988492,1779851060.8484104
-0.16612051936979666,-0.34325007917375877,1779851060.8884442
-0.16029580694412546,-0.3470896987005088,1779851060.948699
-0.15600202908443045,-0.34991647867696135,1779851060.9886022
-0.1533489271078782,-0.35166070300316465,1779851061.0485098
-0.15183958390869817,-0.3526531284716823,1779851061.088412
-0.15127024998609673,-0.3530276077647075,1779851061.1484895
-0.15103647411497725,-0.35318346065577655,1779851061.1883378
-0.15093177025840288,-0.3532548790715361,1779851061.2486882
-0.15089522540883377,-0.35328153568482856,1779851061.288432
-0.15088900643607983,-0.35328822071791643,1779851061.348472
-0.15089944535232813,-0.35328383479998404,1779851061.3884165
-0.15091460487840488,-0.3532762197416385,1779851061.4486256
-0.15093051697910245,-0.35326795801977423,1779851061.48842
-0.15094563441445358,-0.3532600632822195,1779851061.5484097
-0.15095973897659587,-0.35325268688835426,1779851061.5883439
-0.15097161200317452,-0.3532466268262625,1779851061.6485431
-0.15229183634901003,-0.35527907952513804,1779851061.6886225
-0.152296839660494,-0.35527560102567024,1779851061.748585
-0.152305824615804,-0.3552698520279393,1779851061.788485
-0.1523147648056957,-0.3552642575974733,1779851061.8484523
-0.1523238631463771,-0.35525861526956515,1779851061.888428
-0.15233203369040896,-0.3552536091787715,1779851061.9487493
-0.15233910195552794,-0.35524933932034986,1779851061.988409
-0.15234608740028363,-0.3552451318748383,1779851062.048762
-0.15235191450554267,-0.35524168242789333,1779851062.0884013
-0.1523575891815954,-0.35523833056821574,1779851062.1483784
-0.15236243733805227,-0.3552355117110507,1779851062.1882622
-0.15236695645980108,-0.3552328992036572,1779851062.2484417
-0.15237102512730283,-0.35523056996130653,1779851062.2883718
-0.15237484242072244,-0.35522839319468447,1779851062.3483734
-0.15237843980187257,-0.35522634757463484,1779851062.3883367
-0.15238149404259307,-0.35522464164668494,1779851062.4484878
-0.15238424526224306,-0.3552231191245821,1779851062.4883885
-0.15238691171609697,-0.3552216387335425,1779851062.5485067
-0.15234519192187254,-0.35524902981925,1779851062.588382
-0.15224218744834186,-0.3553161266679555,1779851062.6485195
-0.15268764968552503,-0.35637855648716843,1779851062.6884117
-0.15303575262029723,-0.3561515657103538,1779851062.7484884
-0.15399759499607743,-0.35552264597910527,1779851062.788333
-0.15472446245669932,-0.35504675718364725,1779851062.8487983
-0.15489151671826182,-0.35493717954197945,1779851062.8884344
-0.15485105542934144,-0.3549635546142694,1779851062.9484475
-0.15441081814219895,-0.35525106179892313,1779851062.988411
-0.1534878065371061,-0.3558536512280587,1779851063.0483768
-0.15287270009154655,-0.3562548897408531,1779851063.0883472
-0.15287202287428853,-0.3562550984359406,1779851063.1483982
-0.15309865379965154,-0.35610731886929525,1779851063.1883373
-0.15329962834370084,-0.3559764690799303,1779851063.2483687
-0.15338885772923563,-0.3559185003018157,1779851063.2883654
-0.15341836295649114,-0.35589938006991556,1779851063.3485305
-0.15341051068645517,-0.3559045491518794,1779851063.3882189
-0.15338955533972742,-0.3559182075212338,1779851063.448526
-0.15345272198782262,-0.35587710140943907,1779851063.4883873
-0.15363645988248914,-0.35575770009098806,1779851063.5484593
-0.15387323521702082,-0.3556040413851878,1779851063.5883982
-0.15413594479467596,-0.3554336776041637,1779851063.6484582
-0.1544068391309108,-0.3552581234259938,1779851063.6883578
-0.15427803924981795,-0.35538494810535776,1779851063.7082
-0.15440261505442823,-0.35529935235313004,1779851063.7481747
-0.15448340472534275,-0.35524354190757296,1779851063.7881584
-0.1545371814310377,-0.3552069932652698,1779851063.848317
-0.15459108990944329,-0.3551706219776476,1779851063.8882976
-0.15464527268689607,-0.35513406940491143,1779851063.9483104
-0.15474318825428657,-0.3550683762336612,1779851063.9883726
-0.15490142058535092,-0.3549621118294118,1779851064.0485148
-0.15503836180577885,-0.3548696478914942,1779851064.0884957
-0.15512180014246013,-0.35481310653277026,1779851064.1484785
-0.15518532573693108,-0.3547702037950544,1779851064.1884153
-0.15523389056215062,-0.35473740437086154,1779851064.248584
-0.15526838736472753,-0.3547140957265069,1779851064.2884417
-0.155297836677678,-0.3546942323538088,1779851064.3484786
-0.15532576247630744,-0.3546754084708836,1779851064.3883083
-0.1553531649830138,-0.3546569409059142,1779851064.4484684
-0.15538913819021077,-0.3546327275798479,1779851064.4881935
-0.15543709972896091,-0.3546004407887748,1779851064.5482707
-0.1555505367853772,-0.3545241760108934,1779851064.5882025
-0.1557498249016178,-0.35439007654674076,1779851064.648281
-0.15598017889790192,-0.3542348791148269,1779851064.68815
-0.15509016795332822,-0.3530597042199542,1779851064.7081702
-0.15528989694499598,-0.35292154478975635,1779851064.7481756
-0.15561467896326417,-0.35269641120063344,1779851064.7880905
-0.15589545353014303,-0.3525006561962755,1779851064.8482966
-0.15609874773017995,-0.3523584896716604,1779851064.8882003
-0.15627309109016443,-0.3522369704154681,1779851064.9483316
-0.15643033033125517,-0.35212739158736867,1779851064.9887543
-0.15657232016209038,-0.35202841556509173,1779851065.0484035
-0.15662324387287516,-0.3519922617358648,1779851065.0882728
-0.15655320367260175,-0.3520403023418449,1779851065.1482263
-0.15643874380052256,-0.35211995671703655,1779851065.1881568
-0.15634503692159168,-0.35218556541396184,1779851065.248397
-0.1562944151989726,-0.352221218376091,1779851065.2883298
-0.156328852654029,-0.35219768480803004,1779851065.3483984
-0.15646375618018593,-0.35210395994915233,1779851065.3883018
-0.15663506680157946,-0.3519843465382321,1779851065.4483771
-0.15680050250838098,-0.35186858319826203,1779851065.4883342
-0.15694545078121638,-0.3517670498025366,1779851065.5485868
-0.15716072989156687,-0.35161665600781883,1779851065.5881665
-0.1574808176128183,-0.35139287393059565,1779851065.6483347
-0.15650023459391982,-0.3498376965571287,1779851065.6682994
-0.15670870462445335,-0.34968803282520394,1779851065.6881702
-0.15720937664081241,-0.3493294238811274,1779851065.7482524
-0.1578843958948587,-0.3488449926450795,1779851065.788341
-0.15860809964223335,-0.34832330354183566,1779851065.8487844
-0.1593289594209281,-0.3478027707980447,1779851065.8883278
-0.16004827847532396,-0.3472829811287075,1779851065.9485302
-0.16074069371027852,-0.34678199275486776,1779851065.98837
-0.16139659496374278,-0.3463069714183183,1779851066.0485775
-0.16190412176091393,-0.3459380701274802,1779851066.088365
-0.16221896251235127,-0.34570836137268557,1779851066.1487305
-0.16246267946966533,-0.3455311850814623,1779851066.188381
-0.1626417878631753,-0.3454007780648713,1779851066.2487004
-0.1627553121659208,-0.3453179460528592,1779851066.2884185
-0.1627772447826351,-0.3453015127031763,1779851066.348748
-0.16269764725728114,-0.3453589695055266,1779851066.3883498
-0.16258136532774398,-0.3454436788524394,1779851066.448722
-0.1624708682772865,-0.3455244802466631,1779851066.488373
-0.16238010272628303,-0.3455909998147608,1779851066.5483348
-0.16223754984806654,-0.34569495176894,1779851066.5883207
-0.16201511715290545,-0.3458572876611417,1779851066.6487417
-0.16042468602421112,-0.34402342600514507,1779851066.6682663
-0.1603161272802891,-0.34410561682874513,1779851066.6881409
-0.16011219953740566,-0.34426119853469145,1779851066.748371
-0.1599723649744298,-0.3443685064225358,1779851066.7882662
-0.15963991329281635,-0.34461798113923275,1779851066.848451
-0.1590147845962871,-0.3450893065693806,1779851066.8883545
-0.1582814348264114,-0.34564656990030423,1779851066.9484925
-0.1575465877859856,-0.34620698975948305,1779851066.9883318
-0.15684984459807372,-0.3467393867127617,1779851067.0484061
-0.15626609616167775,-0.34718699181532153,1779851067.0883262
-0.15582472936489472,-0.34752638894531934,1779851067.1484964
-0.1554367549486535,-0.3478241399531738,1779851067.188332
-0.15529863862827004,-0.34793278487795887,1779851067.248512
-0.15548858539204868,-0.34779002409909077,1779851067.2883356
-0.1556812519677547,-0.3476413707626293,1779851067.3482354
-0.15575015768966208,-0.34758686138646183,1779851067.3885016
-0.1557719337838437,-0.347569556262805,1779851067.4485028
-0.15589551268070462,-0.34747498935384585,1779851067.4883132
-0.15617551372815577,-0.3472596757689175,1779851067.5484512
-0.15638769063472663,-0.34709447765203166,1779851067.588367
-0.1564446855908735,-0.34704883943090387,1779851067.648774
-0.1537867561095435,-0.34333094838364764,1779851067.6683445
-0.15374171767345896,-0.34336528989817006,1779851067.6881342
-0.15368127035359921,-0.34341334894931885,1779851067.7483
-0.1535618185531716,-0.34351139737843045,1779851067.7882743
-0.15339712397479882,-0.34364847963530526,1779851067.8483958
-0.15319218865837353,-0.3438200637466356,1779851067.8882968
-0.15297364434719088,-0.3440043893048694,1779851067.9483523
-0.15282296111124932,-0.34413397774746046,1779851067.9882452
-0.15277069974731117,-0.34418085287704453,1779851068.0484722
-0.15270628491015334,-0.34423504062212956,1779851068.088354
-0.15258669752713203,-0.34433556618763284,1779851068.1484852
-0.1524466199450931,-0.344454842447773,1779851068.1884563
-0.1524365993757787,-0.3444664374767453,1779851068.2485623
-0.15261247225127203,-0.34431923466492276,1779851068.2884433
-0.15276734548054635,-0.3441849458941829,1779851068.3484864
-0.15282142597974008,-0.3441360112781752,1779851068.3885717
-0.15283842032932507,-0.34412058229851994,1779851068.448717
-0.15276383100045002,-0.34418340966114225,1779851068.488393
-0.1525755772367383,-0.34434493645175196,1779851068.5484638
-0.15234741817419675,-0.34454314088699695,1779851068.588341
-0.1486796864742962,-0.33986829788892614,1779851068.6282465
-0.14864016653675655,-0.33990755760857977,1779851068.6483076
-0.1484096739057951,-0.34013556859467997,1779851068.6881242
-0.14827810979336095,-0.3402736898146011,1779851068.7482007
-0.14828000551025086,-0.34028047648837645,1779851068.78821
-0.1482977645966802,-0.3402629397606198,1779851068.8484921
-0.14828889357689706,-0.3402698214711093,1779851068.8883023
-0.14827031531845591,-0.3402877878184713,1779851068.9485085
-0.1482713324295554,-0.3402876324647689,1779851068.988286
-0.14830209812236875,-0.3402576294857616,1779851069.0485642
-0.1482531557466966,-0.3403031679168808,1779851069.08833
-0.14808531874546227,-0.34046948483201894,1779851069.1484833
-0.14787638972485528,-0.3406830437655669,1779851069.1883156
-0.14769907720427003,-0.3408681230080186,1779851069.2484913
-0.14757937539856775,-0.3409949742024788,1779851069.2883193
-0.14744989317131857,-0.3411293905958034,1779851069.348518
-0.14728656226115766,-0.34129894131771843,1779851069.3883226
-0.14711150413548452,-0.34148257807458515,1779851069.4484522
-0.14701401982423457,-0.3415886753500261,1779851069.4882476
-0.14702577567000233,-0.34158025680751897,1779851069.5485044
-0.14695094916502285,-0.3416560568471139,1779851069.588393
-0.14359625883823549,-0.33739569680257697,1779851069.648611
-0.14333284117575618,-0.3377228704790881,1779851069.6884258
-0.14303633048337971,-0.33809713429486743,1779851069.7485135
-0.14270869286067117,-0.3385147494236112,1779851069.788396
-0.14239358990941736,-0.3389243119612672,1779851069.8485765
-0.14210358951589808,-0.3393051909990267,1779851069.8884504
-0.1418220064231313,-0.33967543320285454,1779851069.948403
-0.1415702450390724,-0.340011039403436,1779851069.9883542
-0.14135658593538725,-0.34029867517987883,1779851070.0485408
-0.14108910159822033,-0.3406506952210751,1779851070.0883365
-0.1407386002426079,-0.3411146672719756,1779851070.1484733
-0.14036331028144464,-0.3416216420470435,1779851070.1883078
-0.13993506071619483,-0.34220196931031405,1779851070.2484558
-0.13944527359243383,-0.3428705183968077,1779851070.2883108
-0.13889308106772777,-0.34363030652310717,1779851070.348455
-0.1382756085987779,-0.3444867386273682,1779851070.3883424
-0.13764031857396913,-0.34537840298336087,1779851070.4484456
-0.13643653399701916,-0.34708899908017943,1779851070.548425
-0.13587980031348926,-0.3478873320755916,1779851070.5884283
-0.1339891896996236,-0.3462363723263385,1779851070.648594
-0.13351876554867503,-0.3470770495450413,1779851070.68835
-0.13302527297191222,-0.34797230489160264,1779851070.7484303
-0.1325496502778217,-0.3488453990041538,1779851070.788317
-0.13214480565407763,-0.34961046962706666,1779851070.8484628
-0.13182220551730298,-0.3502326734989174,1779851070.8882976
-0.13152100486860743,-0.3508056236591315,1779851070.9484448
-0.13122864504627374,-0.35136356500106836,1779851070.9882703
-0.13094031004894788,-0.35191887109222203,1779851071.0484297
-0.13065080482112507,-0.35248141692049784,1779851071.0882974
-0.13035688946038487,-0.35305902019528945,1779851071.148388
-0.13006451612653155,-0.35364168242369326,1779851071.1883233
-0.129790218269073,-0.3541986349831562,1779851071.2487478
-0.12953737083298697,-0.35471927219716143,1779851071.2883773
-0.12934846943305023,-0.35512260735451673,1779851071.3484526
-0.1292332763343034,-0.3553779552221186,1779851071.388313
-0.12913897118262832,-0.3555799074442357,1779851071.4482462
-0.12911574800238165,-0.3556417621368861,1779851071.48827
-0.12917509583912737,-0.3555268277163271,1779851071.5483003
-0.1293242494369992,-0.35521331692535896,1779851071.5886202
-0.1297489526373248,-0.35367227363067855,1779851071.6483881
-0.1299184922568629,-0.35317460756706903,1779851071.6883173
-0.1301085809931452,-0.35258378025339226,1779851071.7484477
-0.13027502532996066,-0.35204967810222265,1779851071.7883267
-0.13038040400701761,-0.35167364777105486,1779851071.8485687
-0.1304191161265572,-0.3514990008334236,1779851071.888586
-0.13044414721215675,-0.3514004197217639,1779851071.9484954
-0.1305047503764971,-0.35121839620311857,1779851071.988566
-0.13061006631109784,-0.35089035491625953,1779851072.0485077
-0.13071212274303629,-0.35053585164950246,1779851072.0883005
-0.1308027829436458,-0.35020515181504436,1779851072.1484997
-0.1308899943908442,-0.34988412387508316,1779851072.1884787
-0.13097814767283353,-0.34955594452193584,1779851072.24856
-0.13106824635622102,-0.34921368897134464,1779851072.2884693
-0.13115682416854663,-0.3488670985293109,1779851072.3485065
-0.13123164010555993,-0.34855757256892433,1779851072.388549
-0.13129015614977138,-0.3483047944101084,1779851072.44839
-0.13135902849419967,-0.34802169326110194,1779851072.488357
-0.13144231956889044,-0.3476740340862274,1779851072.5485337
-0.13152684698287007,-0.3473009478670265,1779851072.5883422
-0.1314035133774729,-0.34682842125264185,1779851072.6085644
-0.13140604781559803,-0.34670856883481327,1779851072.648065
-0.13140348803671345,-0.34662078488497367,1779851072.688178
-0.13141219925816722,-0.34655072501783585,1779851072.7483315
-0.1314283101174249,-0.34644363853671584,1779851072.7882829
-0.13144310317452906,-0.3463207878896369,1779851072.8485074
-0.1314532542152732,-0.3462135985303322,1779851072.8885386
-0.13145952297685437,-0.3461334050619846,1779851072.9484403
-0.13144506646842213,-0.3461969585109132,1779851072.9883096
-0.1314140847945689,-0.3464521421915211,1779851073.0486672
-0.13138821360676617,-0.3467795010733919,1779851073.0882928
-0.13137486008959276,-0.34705714256601017,1779851073.1484284
-0.13137065417358162,-0.34724074823140527,1779851073.188296
-0.13137456300385067,-0.34730535501278154,1779851073.2484317
-0.13138433694748228,-0.3472428300261033,1779851073.288344
-0.13139031401537435,-0.3471331894420075,1779851073.3485909
-0.1313935119709948,-0.3470193215851084,1779851073.3884177
-0.13139508021986276,-0.3469153586849404,1779851073.4486036
-0.13138275603496646,-0.3470131634357295,1779851073.4884892
-0.13136661208965786,-0.3473883710035892,1779851073.5484486
-0.13136330519420975,-0.34786617395798963,1779851073.5882897
-0.13147298906363636,-0.3481487491890364,1779851073.6083114
-0.13149194254825156,-0.3486350355906946,1779851073.6482303
-0.13155115561418973,-0.3495846454241746,1779851073.6882272
-0.13164068718455343,-0.3505691810958092,1779851073.748237
-0.1317386208550797,-0.3515070644695636,1779851073.7881749
-0.1318395985995348,-0.3524284285551882,1779851073.8482406
-0.13194349041702147,-0.353272580770515,1779851073.888176
-0.13204218873023876,-0.35401156373774356,1779851073.9484577
-0.1321307515027024,-0.35461756431372826,1779851073.9884362
-0.13220448610270039,-0.3550822221754338,1779851074.0483716
-0.13226770222129056,-0.35549443435435485,1779851074.0881822
-0.1323457766827123,-0.3560655681234681,1779851074.14843
-0.13246455758207376,-0.35687508575101723,1779851074.188347
-0.1326020669501752,-0.3576463836666212,1779851074.2485087
-0.1327250958085595,-0.3582738974439898,1779851074.288548
-0.1328361659585135,-0.3588450057632747,1779851074.3485153
-0.13294656195145904,-0.3593985059264104,1779851074.3883445
-0.1330599587416815,-0.3599467139692865,1779851074.4485066
-0.13317697130912717,-0.36049074807259096,1779851074.4883437
-0.1332950170588911,-0.3610133787913923,1779851074.5481305
-0.13341096380737433,-0.361506379349083,1779851074.5883987
-0.134135478842355,-0.3618688536138365,1779851074.628315
-0.13418713728657777,-0.36203102329433967,1779851074.6482067
-0.13430918599095615,-0.36242875442078454,1779851074.6881385
-0.13442763819298245,-0.36281116735495167,1779851074.7483082
-0.13456410584612866,-0.3632578091514791,1779851074.788255
-0.13473462353196491,-0.36379877369482927,1779851074.8483632
-0.13491074719311186,-0.36431156607322807,1779851074.8883371
-0.1350693018366497,-0.36475183204089406,1779851074.948471
-0.1352185779846678,-0.36516481609998186,1779851074.9883394
-0.135334656455024,-0.3654582717128586,1779851075.0485017
-0.13539719693735588,-0.3655986880727594,1779851075.0884202
-0.13541314087940487,-0.3656249302368629,1779851075.148607
-0.13538873733396234,-0.36555285037180896,1779851075.1884065
-0.13534488713962264,-0.3654467506440054,1779851075.2488387
-0.13530815261193163,-0.36536990591198115,1779851075.2883906
-0.13529138749682512,-0.36534344105656485,1779851075.3485265
-0.13532139324894327,-0.3654326653069952,1779851075.3885367
-0.13541412492575836,-0.36565994466228124,1779851075.4486837
-0.13553860630630502,-0.3659352662710796,1779851075.4883404
-0.13564338113485605,-0.3661467229592251,1779851075.5482614
-0.1357032732214191,-0.3662568169540327,1779851075.5887375
-0.13634540035528153,-0.36641163865727094,1779851075.6281776
-0.13630578925291587,-0.3663169112600255,1779851075.6481705
-0.13623690052693968,-0.3661756751842713,1779851075.6881154
-0.13613499814470165,-0.36599636329912505,1779851075.7482405
-0.1360121849161366,-0.36578672618379254,1779851075.788194
-0.13586935859657187,-0.36554868833413184,1779851075.8482695
-0.13570696765502155,-0.36528397971197807,1779851075.8882055
-0.13552449781955606,-0.36499288568337507,1779851075.9484382
-0.13533124568946708,-0.3646936926588332,1779851075.9883018
-0.13519905803622487,-0.36451119608626126,1779851076.048586
-0.13516762347516054,-0.364487039583429,1779851076.0883343
-0.13521490416611662,-0.36457018067690544,1779851076.1482189
-0.13532700629648478,-0.3647415932845159,1779851076.1880953
-0.13546744886496445,-0.364941099012492,1779851076.2481966
-0.13564641269794792,-0.3651929173625858,1779851076.2881112
-0.13587256776245543,-0.36550416508352584,1779851076.3486717
-0.13611609952722728,-0.36582571372360456,1779851076.3882124
-0.1363597876236646,-0.36613931991652776,1779851076.44865
-0.13660437979101422,-0.36644861070793766,1779851076.4882693
-0.13679748284626828,-0.36667869134325676,1779851076.5482457
-0.13727921779244426,-0.36687389484443944,1779851076.5881758
-0.1373677985125231,-0.3669692400213497,1779851076.648194
-0.13745523485070502,-0.3670652242385522,1779851076.6881337
-0.13754412743096095,-0.3671606785140612,1779851076.7482023
-0.1376540711723266,-0.3672795370544586,1779851076.7880685
-0.1377949606237165,-0.36742851463259735,1779851076.8482084
-0.13789003361387503,-0.3675157769554063,1779851076.8881135
-0.13789813493457187,-0.36751235518730313,1779851076.9481645
-0.13786751869155028,-0.3674802989239965,1779851076.988137
-0.13782447367309436,-0.36743971589521707,1779851077.0484407
-0.13777729034104805,-0.36739683787701977,1779851077.088097
-0.13775011691859376,-0.36737602350756926,1779851077.1484523
-0.1377545886424512,-0.3673844976094244,1779851077.1881502
-0.1377727614107168,-0.36740198700504745,1779851077.2481987
-0.13779539242917294,-0.3674220601125897,1779851077.288166
-0.1378196220651419,-0.36744277887501126,1779851077.348275
-0.13789787765407666,-0.3675134379268821,1779851077.3883812
-0.1380553738506603,-0.36764777821508493,1779851077.4482532
-0.13824732797725456,-0.36780057963009277,1779851077.4881814
-0.13839562772112232,-0.36790888070099204,1779851077.5482638
-0.138628834881641,-0.3679859432561075,1779851077.5881374
-0.1387832115604185,-0.36810590606909843,1779851077.6482818
-0.1390945767717821,-0.36833615325837116,1779851077.688173
-0.1394739727585293,-0.3685948776894956,1779851077.7482426
-0.1398266902037269,-0.36882126743035226,1779851077.7881958
-0.14011451461104094,-0.3689984919431671,1779851077.8482597
-0.14032681667974337,-0.3691238973229481,1779851077.8882048
-0.14045761220936526,-0.3691966388541232,1779851077.9482374
-0.14055617348607435,-0.3692537960522409,1779851077.9881852
-0.1406971223663594,-0.3693410359503912,1779851078.0482426
-0.14091088472055208,-0.36946950327856243,1779851078.088256
-0.14105884614539788,-0.36954468722020156,1779851078.1482332
-0.14107706464182243,-0.3695438571892539,1779851078.1881166
-0.14104243925811077,-0.36952309766957225,1779851078.2482283
-0.14103579940506852,-0.3695236843256194,1779851078.2881188
-0.1410884178222812,-0.36955579686071316,1779851078.3482192
-0.14109277711225612,-0.36955370571443,1779851078.388122
-0.14100033999563852,-0.3695027652513786,1779851078.448267
-0.140868815955107,-0.36944053868460325,1779851078.4882033
-0.14074276254612056,-0.3693856361084735,1779851078.548373
-0.14070846720887079,-0.3693357467467336,1779851078.5882916
-0.14068765546186807,-0.3693342480988287,1779851078.6483512
-0.14073314933168207,-0.3693593545858976,1779851078.6883469
-0.1408100647474276,-0.3693907241327851,1779851078.7483504
-0.140783795701798,-0.3693719974838091,1779851078.7883003
-0.14059737249262194,-0.3692938273711953,1779851078.848388
-0.14039460798429249,-0.3692253053679393,1779851078.8883188
-0.14023972036871055,-0.36917878363560885,1779851078.9483974
-0.14010493739624966,-0.36913752670709093,1779851078.9882987
-0.13997655440518017,-0.36909885916982266,1779851079.048465
-0.13984976985648984,-0.36906183321080266,1779851079.0882053
-0.1397034108549007,-0.36901908329818445,1779851079.1483302
-0.13952909053288096,-0.36896995787753545,1779851079.1882415
-0.1393435556745745,-0.3689213056718454,1779851079.24859
-0.13919396836041897,-0.3688870922157902,1779851079.2884495
-0.13909950154578,-0.3688685525057297,1779851079.348432
-0.13904596391586066,-0.3688589952527433,1779851079.388301
-0.13902734829927357,-0.36885706208161945,1779851079.4486065
-0.13902165877753478,-0.3688563093446064,1779851079.4883475
-0.13896668401302223,-0.3688661081312145,1779851079.5487301
-0.13882686070006492,-0.3688365793375695,1779851079.5883424
-0.13879395096993905,-0.36884083643956095,1779851079.6484568
-0.13894771808360826,-0.3688763409774834,1779851079.6884818
-0.13917438908043944,-0.3689097148202894,1779851079.7485723
-0.1395772056242359,-0.3689702682545489,1779851079.7882886
-0.14020344139698795,-0.3690529991011293,1779851079.8485765
-0.1409469115300534,-0.36913163678300503,1779851079.888319
-0.14176007926206094,-0.3692055041748732,1779851079.9484134
-0.14259820886007246,-0.3692693523139553,1779851079.9883366
-0.14337484825005628,-0.36931405139695705,1779851080.0483906
-0.14405203880260167,-0.3693433199194788,1779851080.0883248
-0.14459812730884383,-0.3693578929927463,1779851080.1485176
-0.14500183836523858,-0.369361742941719,1779851080.188257
-0.14535378355350748,-0.3693668694461089,1779851080.2483895
-0.14568802429728483,-0.36937007454775916,1779851080.2884774
-0.14601807914695464,-0.3693702845239251,1779851080.3484473
-0.1460333966906971,-0.36934912578188334,1779851080.3883677
-0.14561248196142934,-0.36933185312166117,1779851080.4483278
-0.1450305884911577,-0.3693451668241836,1779851080.488297
-0.14442002687060213,-0.36937378373117674,1779851080.5482788
-0.14416512499895284,-0.3693676893378807,1779851080.5683246
-0.14383680974281338,-0.3693941210629753,1779851080.5880704
-0.14322548872565616,-0.36943991937131415,1779851080.6483023
-0.14258578281763667,-0.3694939915849045,1779851080.688186
-0.14193761336743765,-0.36955709449535684,1779851080.7485938
-0.14134867978081628,-0.3696256884876372,1779851080.7884495
-0.1408448301855348,-0.36969193642976683,1779851080.848408
-0.1404883656011023,-0.3697484958789383,1779851080.8882494
-0.14030110384667102,-0.3697860361660076,1779851080.9484434
-0.14017568289086058,-0.3698081749741425,1779851080.9883282
-0.13984339117898267,-0.3698469743530431,1779851081.0484564
-0.13920167597378094,-0.3699384364573554,1779851081.088253
-0.13845809795279523,-0.37007191160831665,1779851081.1484208
-0.1376953317431322,-0.3702224735850359,1779851081.1882489
-0.13692789535716035,-0.3703834088407754,1779851081.2484548
-0.1361616425721002,-0.370553047513136,1779851081.288296
-0.13539457564206903,-0.37073169972286907,1779851081.34848
-0.13463053028324784,-0.370918480221051,1779851081.3882716
-0.13387041637941396,-0.37111311677287023,1779851081.4483833
-0.13310982175554278,-0.3713167328746293,1779851081.4883366
-0.13236264251513202,-0.37152628828080725,1779851081.5484712
-0.13195784341002556,-0.371614306977581,1779851081.568298
-0.13163363636166403,-0.37171151485652637,1779851081.5882008
-0.1309853427456773,-0.37191105728376084,1779851081.648368
-0.13043301473262742,-0.3720895651079768,1779851081.6882117
-0.1299190781408599,-0.3722573661342985,1779851081.748379
-0.12950651804080818,-0.37240231006903346,1779851081.788291
-0.12922386995331422,-0.3725083219866939,1779851081.8484077
-0.12907670493094203,-0.37256906881302687,1779851081.888368
-0.12906755147653168,-0.3725799204979747,1779851081.9484553
-0.12910706529332525,-0.37256522763191524,1779851081.9882708
-0.12920098026024093,-0.37252924603033916,1779851082.048606
-0.1293528246775936,-0.37246848303701346,1779851082.0883613
-0.1295148896837612,-0.37239776835600374,1779851082.148552
-0.1296692001080412,-0.3723273477086751,1779851082.1882746
-0.1298199787928552,-0.37225708339691854,1779851082.248411
-0.1300368666717087,-0.37215971214395727,1779851082.2880735
-0.1303446670363006,-0.3720175978503304,1779851082.3484313
-0.13065395671692004,-0.37186327188662305,1779851082.388292
-0.13093295398434743,-0.37171793398659153,1779851082.4485574
-0.1311990739673305,-0.37157730353140417,1779851082.4881685
-0.13152699685107594,-0.3714061415762645,1779851082.5483556
-0.1317602308475832,-0.37124938490880954,1779851082.5682347
-0.13195014261546,-0.371150024374098,1779851082.5880353
-0.1323257028716048,-0.37093638775413107,1779851082.6481662
-0.13262238448581826,-0.37075938739548064,1779851082.6882834
-0.13288947619979308,-0.37060020034329166,1779851082.7484443
-0.13319240574532204,-0.3704210557432005,1779851082.7883327
-0.13355272348534605,-0.3702036887674198,1779851082.84845
-0.1340213304333366,-0.3699169683574088,1779851082.8882844
-0.13461758744152244,-0.3695417449802453,1779851082.9484649
-0.1352531727536396,-0.36912322003273296,1779851082.9884126
-0.1359322445625121,-0.3686660472978877,1779851083.0484798
-0.13666055857303558,-0.36816409693731855,1779851083.0882466
-0.13718714644275418,-0.3677702709775469,1779851083.1484077
-0.13743226838806144,-0.36756581181870707,1779851083.1882575
-0.1375805400959827,-0.36744838723954626,1779851083.248561
-0.1387917303843472,-0.36663369013311053,1779851083.288423
-0.14144111062851658,-0.36471037261558426,1779851083.3484836
-0.14325903278405366,-0.363166281841467,1779851083.3882985
-0.1434884556634825,-0.3628139525273487,1779851083.4485698
-0.1431987396417291,-0.3630079150416497,1779851083.4884284
-0.14326323554816914,-0.36353686332854396,1779851083.5284908
-0.14363733744149335,-0.3632623370618656,1779851083.5480976
-0.14431147336560426,-0.36276576086296186,1779851083.5885792
-0.14516954599260226,-0.3620795614749719,1779851083.648354
-0.14607652630074822,-0.3613274067682963,1779851083.688225
-0.14699263476832475,-0.36054877268555835,1779851083.7483559
-0.14752063747157618,-0.3600569544646779,1779851083.7884123
-0.1475311406852133,-0.3600045465793305,1779851083.8482888
-0.147448520135991,-0.36007624876514965,1779851083.888184
-0.14742045234720186,-0.3601115411574906,1779851083.9484866
-0.1474122706147109,-0.36012443386268556,1779851083.9881952
-0.14741005205697377,-0.3601302823794327,1779851084.0483212
-0.1474097357194833,-0.3601337122736891,1779851084.0881674
-0.1474100264091486,-0.36013623198201195,1779851084.1486423
-0.14741047386652695,-0.36013838156199496,1779851084.1882505
-0.14741101973361545,-0.3601402427452944,1779851084.2484746
-0.14741154786998692,-0.36014196200906506,1779851084.2882795
-0.14741205411135433,-0.3601435558365582,1779851084.3483021
-0.14741257468744207,-0.360144986368172,1779851084.3882701
-0.1474130829166644,-0.36014629318593405,1779851084.4485192
-0.14741355169037826,-0.36014752046385695,1779851084.488304
-0.14839544154530138,-0.3610751618919743,1779851084.5485978
-0.14839506009061051,-0.3610751799704743,1779851084.5885382
-0.14839478076518864,-0.3610754830609484,1779851084.648357
-0.14839457461982328,-0.36107586521834306,1779851084.6885674
-0.14839444399571422,-0.3610762447492646,1779851084.7486603
-0.14839433999223822,-0.36107663987932986,1779851084.7883737
-0.1483942850561711,-0.36107701105774886,1779851084.8484123
-0.14839426569080577,-0.36107736123113426,1779851084.8885517
-0.1483942605956103,-0.3610777059413602,1779851084.9484122
-0.1483942683548659,-0.3610780411625699,1779851084.9882424
-0.1483943038463276,-0.36107834446369214,1779851085.048566
-0.14839434070835814,-0.36107864256604144,1779851085.0881784
-0.14839438879744593,-0.3610789208921852,1779851085.148257
-0.14839444818312283,-0.3610791764707533,1779851085.1886718
-0.14839451281866875,-0.36107941472787053,1779851085.248695
-0.14839457678203677,-0.36107964201709397,1779851085.2883146
-0.14839464233689925,-0.36107985457408615,1779851085.348554
-0.1483947089439025,-0.3610800523854623,1779851085.3882713
-0.14839477574561055,-0.36108023616473656,1779851085.4487994
-0.14839483900750544,-0.3610804110414924,1779851085.488364
-0.14913884675586364,-0.36180865967409476,1779851085.548438
-0.1491388965356261,-0.3618083702588954,1779851085.5882928
-0.1491388106593521,-0.3618083344640483,1779851085.6486354
-0.14913873246977688,-0.36180834240638093,1779851085.6884556
-0.14913866277641932,-0.36180836985013287,1779851085.7483308
-0.1491386085104049,-0.36180840057218416,1779851085.7881472
-0.14913856269188386,-0.36180843678304836,1779851085.8483188
-0.14913852774591324,-0.3618084727169441,1779851085.8884356
-0.1491384981485887,-0.36180851177109197,1779851085.948273
