timestamp,x,y,theta
0.000000,0.000000,0.000000,0.000011
0.620000,0.000000,-0.000000,0.000011
0.720000,0.000000,-0.000000,0.000011
0.820000,0.000059,0.000001,-0.000016
0.920000,0.000073,-0.000004,-0.000001
1.020000,0.000114,-0.000006,0.000003
1.120000,0.000130,-0.000006,0.000005
1.220000,0.000147,-0.000007,0.000006
1.320000,0.000163,-0.000007,0.000006
1.420000,0.000177,-0.000007,0.000006
1.520000,0.000192,-0.000007,0.000007
1.620000,0.000205,-0.000007,0.000007
1.720000,0.000218,-0.000007,0.000007
1.820000,0.000232,-0.000008,0.000007
1.920000,0.000245,-0.000008,0.000007
2.020000,0.000258,-0.000008,0.000007
2.120000,0.000271,-0.000008,0.000007
2.220000,0.000284,-0.000008,0.000007
2.320000,0.000297,-0.000008,0.000007
2.420000,0.000310,-0.000008,0.000007
2.520000,0.000324,-0.000008,0.000007
2.620000,0.000337,-0.000008,0.000007
2.720000,0.000350,-0.000008,0.000007
2.820000,0.000363,-0.000008,0.000007
2.920000,0.000376,-0.000008,0.000007
3.020000,0.000388,-0.000008,0.000007
3.120000,0.000401,-0.000008,0.000007
3.220000,0.000414,-0.000008,0.000007
3.320000,0.000427,-0.000008,0.000007
3.420000,0.000440,-0.000008,0.000007
3.520000,0.000453,-0.000008,0.000007
3.620000,0.000466,-0.000008,0.000007
3.720000,0.000479,-0.000008,0.000007
3.820000,0.000492,-0.000008,0.000007
3.920000,0.000505,-0.000008,0.000007
4.020000,0.000518,-0.000008,0.000007
4.120000,0.000530,-0.000008,0.000007
4.220000,0.000543,-0.000008,0.000007
4.320000,0.000556,-0.000008,0.000007
4.420000,0.000569,-0.000008,0.000007
4.520000,0.000582,-0.000008,0.000007
4.620000,0.000595,-0.000008,0.000007
4.720000,0.000608,-0.000008,0.000007
4.820000,0.000621,-0.000008,0.000007
4.920000,0.000634,-0.000008,0.000007
5.020000,0.000647,-0.000008,0.000007
5.120000,0.000660,-0.000008,0.000007
5.220000,0.000673,-0.000008,0.000007
5.320000,0.000686,-0.000008,0.000007
5.420000,0.000699,-0.000008,0.000007
5.520000,0.000712,-0.000008,0.000007
5.620000,0.000725,-0.000008,0.000007
5.720000,0.000738,-0.000008,0.000007
5.820000,0.000751,-0.000008,0.000007
5.920000,0.000764,-0.000008,0.000007
6.020000,0.000777,-0.000008,0.000007
6.120000,0.000790,-0.000008,0.000007
6.220000,0.000803,-0.000008,0.000007
6.320000,0.000816,-0.000008,0.000007
6.420000,0.000829,-0.000008,0.000007
6.520000,0.000842,-0.000008,0.000007
6.620000,0.000855,-0.000008,0.000007
6.720000,0.000868,-0.000008,0.000007
6.820000,0.000881,-0.000009,0.000007
6.920000,0.000894,-0.000009,0.000007
7.020000,0.000907,-0.000009,0.000007
7.120000,0.000920,-0.000009,0.000007
7.220000,0.000934,-0.000009,0.000007
7.320000,0.000947,-0.000009,0.000007
7.420000,0.000960,-0.000009,0.000007
7.520000,0.000972,-0.000009,0.000007
7.620000,0.000986,-0.000009,0.000007
7.720000,0.000999,-0.000009,0.000007
7.820000,0.001012,-0.000009,0.000007
7.920000,0.001025,-0.000009,0.000007
8.020000,0.001038,-0.000009,0.000007
8.120000,0.001051,-0.000009,0.000007
8.220000,0.001064,-0.000009,0.000007
8.320000,0.001077,-0.000009,0.000007
8.420000,0.001090,-0.000009,0.000007
8.520000,0.001103,-0.000009,0.000007
8.620000,0.001116,-0.000009,0.000007
8.720000,0.001129,-0.000009,0.000007
8.820000,0.001143,-0.000009,0.000007
8.920000,0.001156,-0.000009,0.000007
9.020000,0.001169,-0.000009,0.000007
9.120000,0.001182,-0.000009,0.000007
9.220000,0.001195,-0.000009,0.000007
9.320000,0.001208,-0.000009,0.000007
9.420000,0.001221,-0.000009,0.000007
9.520000,0.001234,-0.000009,0.000007
9.620000,0.001247,-0.000009,0.000007
9.720000,0.001260,-0.000009,0.000007
9.820000,0.001274,-0.000009,0.000007
9.920000,0.001286,-0.000009,0.000007
10.020000,0.001299,-0.000009,0.000007
10.120000,0.001313,-0.000009,0.000007
10.220000,0.001326,-0.000009,0.000007
10.320000,0.001339,-0.000009,0.000007
10.420000,0.001352,-0.000009,0.000007
10.520000,0.001365,-0.000009,0.000007
10.620000,0.001378,-0.000009,0.000007
10.720000,0.001391,-0.000009,0.000007
10.820000,0.001405,-0.000009,0.000007
10.920000,0.001418,-0.000009,0.000007
11.020000,0.001431,-0.000009,0.000007
11.120000,0.001444,-0.000009,0.000007
11.220000,0.001457,-0.000009,0.000007
11.320000,0.001470,-0.000009,0.000007
11.420000,0.001483,-0.000009,0.000007
11.520000,0.001497,-0.000009,0.000007
11.640000,0.001512,-0.000009,0.000006
11.740000,0.001525,-0.000009,0.000006
11.840000,0.001538,-0.000009,0.000006
11.940000,0.001551,-0.000009,0.000006
12.040000,0.001565,-0.000009,0.000006
12.140000,0.001578,-0.000009,0.000006
12.240000,0.001591,-0.000009,0.000006
12.340000,0.001604,-0.000009,0.000006
12.440000,0.001617,-0.000009,0.000006
12.540000,0.001630,-0.000009,0.000007
12.640000,0.001644,-0.000009,0.000007
12.740000,0.001657,-0.000009,0.000007
12.840000,0.001670,-0.000009,0.000007
12.940000,0.001683,-0.000009,0.000007
13.040000,0.001697,-0.000010,0.000007
13.140000,0.001710,-0.000010,0.000007
13.240000,0.001723,-0.000010,0.000007
13.340000,0.001736,-0.000010,0.000007
13.440000,0.001749,-0.000010,0.000007
13.540000,0.001763,-0.000010,0.000007
13.640000,0.001776,-0.000010,0.000007
13.740000,0.001789,-0.000010,0.000007
13.840000,0.001802,-0.000010,0.000007
13.940000,0.001815,-0.000010,0.000007
14.040000,0.001829,-0.000010,0.000007
14.140000,0.001842,-0.000010,0.000007
14.240000,0.001855,-0.000010,0.000007
14.340000,0.001868,-0.000010,0.000007
14.440000,0.001882,-0.000010,0.000006
14.540000,0.001895,-0.000010,0.000007
14.640000,0.001908,-0.000010,0.000007
14.740000,0.001921,-0.000010,0.000007
14.840000,0.001935,-0.000010,0.000007
14.940000,0.001948,-0.000010,0.000007
15.040000,0.001961,-0.000010,0.000007
15.140000,0.001974,-0.000010,0.000007
15.240000,0.001988,-0.000010,0.000007
15.340000,0.002001,-0.000010,0.000007
15.440000,0.002014,-0.000010,0.000007
15.540000,0.002028,-0.000010,0.000007
15.640000,0.002041,-0.000010,0.000007
15.740000,0.002054,-0.000010,0.000007
15.840000,0.002067,-0.000010,0.000007
15.940000,0.002080,-0.000010,0.000007
16.040000,0.002094,-0.000010,0.000007
16.140000,0.002107,-0.000010,0.000007
16.240000,0.002120,-0.000010,0.000007
16.340000,0.002133,-0.000010,0.000007
16.440000,0.002147,-0.000010,0.000007
16.540000,0.002160,-0.000010,0.000006
16.640000,0.002173,-0.000010,0.000006
16.740000,0.002187,-0.000010,0.000006
16.840000,0.002200,-0.000010,0.000006
16.940000,0.002213,-0.000010,0.000006
17.040000,0.002227,-0.000010,0.000006
17.140000,0.002240,-0.000010,0.000006
17.240000,0.002254,-0.000010,0.000006
17.340000,0.002267,-0.000010,0.000006
17.440000,0.002280,-0.000010,0.000006
17.540000,0.002293,-0.000010,0.000006
17.640000,0.002306,-0.000010,0.000006
17.740000,0.002320,-0.000010,0.000006
17.840000,0.002333,-0.000010,0.000006
17.940000,0.002347,-0.000010,0.000006
18.040000,0.002360,-0.000010,0.000006
18.140000,0.002373,-0.000010,0.000006
18.240000,0.002387,-0.000010,0.000006
18.340000,0.002400,-0.000010,0.000006
18.440000,0.002413,-0.000010,0.000006
18.540000,0.002427,-0.000010,0.000006
18.640000,0.002440,-0.000010,0.000006
18.740000,0.002453,-0.000010,0.000006
18.840000,0.002466,-0.000010,0.000006
18.940000,0.002480,-0.000010,0.000006
19.040000,0.002493,-0.000010,0.000006
19.140000,0.002507,-0.000010,0.000006
19.240000,0.002520,-0.000010,0.000006
19.340000,0.002533,-0.000011,0.000006
19.440000,0.002546,-0.000011,0.000006
19.540000,0.002560,-0.000011,0.000006
19.660000,0.002576,-0.000011,0.000006
19.760000,0.002590,-0.000011,0.000006
19.860000,0.002603,-0.000011,0.000006
19.960000,0.002616,-0.000011,0.000006
20.060000,0.002630,-0.000011,0.000006
20.160000,0.002643,-0.000011,0.000006
20.260000,0.002656,-0.000011,0.000006
20.360000,0.002669,-0.000011,0.000006
20.460000,0.002683,-0.000011,0.000006
20.560000,0.002696,-0.000011,0.000006
20.660000,0.002710,-0.000011,0.000006
20.760000,0.002723,-0.000011,0.000006
20.860000,0.002736,-0.000011,0.000006
20.960000,0.002750,-0.000011,0.000006
21.060000,0.002763,-0.000011,0.000006
21.160000,0.002776,-0.000011,0.000006
21.260000,0.002790,-0.000011,0.000006
21.360000,0.002803,-0.000011,0.000006
21.460000,0.002817,-0.000011,0.000006
21.560000,0.002830,-0.000011,0.000006
21.660000,0.002843,-0.000011,0.000006
21.760000,0.002857,-0.000011,0.000006
21.860000,0.002871,-0.000011,0.000006
21.960000,0.002884,-0.000011,0.000006
22.060000,0.002898,-0.000011,0.000006
22.160000,0.002911,-0.000011,0.000006
22.260000,0.002924,-0.000011,0.000006
22.360000,0.002938,-0.000011,0.000006
22.460000,0.002951,-0.000011,0.000006
22.560000,0.002965,-0.000011,0.000006
22.660000,0.002978,-0.000011,0.000006
22.760000,0.002991,-0.000011,0.000006
22.860000,0.003005,-0.000011,0.000006
22.960000,0.003019,-0.000011,0.000006
23.060000,0.003032,-0.000011,0.000006
23.160000,0.003045,-0.000011,0.000006
23.260000,0.003059,-0.000011,0.000006
23.360000,0.003072,-0.000011,0.000006
23.460000,0.003085,-0.000011,0.000006
23.560000,0.003099,-0.000011,0.000006
23.660000,0.003112,-0.000011,0.000006
23.760000,0.003126,-0.000011,0.000006
23.860000,0.003139,-0.000011,0.000006
23.960000,0.003153,-0.000011,0.000006
24.060000,0.003166,-0.000011,0.000006
24.160000,0.003180,-0.000011,0.000006
24.260000,0.003193,-0.000011,0.000006
24.360000,0.003207,-0.000011,0.000006
24.460000,0.003220,-0.000011,0.000006
24.560000,0.003234,-0.000011,0.000006
24.660000,0.003248,-0.000011,0.000006
24.760000,0.003261,-0.000011,0.000006
24.860000,0.003275,-0.000011,0.000006
24.960000,0.003288,-0.000011,0.000006
25.060000,0.003302,-0.000011,0.000006
25.160000,0.003315,-0.000011,0.000006
25.260000,0.003329,-0.000011,0.000006
25.360000,0.003342,-0.000011,0.000006
25.460000,0.003356,-0.000011,0.000006
25.560000,0.003369,-0.000012,0.000006
25.660000,0.003383,-0.000012,0.000006
25.760000,0.003396,-0.000012,0.000006
25.860000,0.003410,-0.000012,0.000006
25.960000,0.003423,-0.000012,0.000006
26.060000,0.003436,-0.000012,0.000006
26.160000,0.003450,-0.000012,0.000006
26.260000,0.003464,-0.000012,0.000006
26.360000,0.003477,-0.000012,0.000006
26.460000,0.003491,-0.000012,0.000006
26.560000,0.003504,-0.000012,0.000006
26.660000,0.003518,-0.000012,0.000006
26.760000,0.003531,-0.000012,0.000006
26.860000,0.003545,-0.000012,0.000006
26.960000,0.003558,-0.000012,0.000006
27.060000,0.003572,-0.000012,0.000006
27.160000,0.003585,-0.000012,0.000006
27.260000,0.003599,-0.000012,0.000006
27.360000,0.003612,-0.000012,0.000006
27.460000,0.003626,-0.000012,0.000006
27.560000,0.003639,-0.000012,0.000006
27.660000,0.003653,-0.000012,0.000006
27.760000,0.003667,-0.000012,0.000006
27.860000,0.003681,-0.000012,0.000006
27.960000,0.003694,-0.000012,0.000006
28.060000,0.003707,-0.000012,0.000006
28.160000,0.003721,-0.000012,0.000006
28.260000,0.003735,-0.000012,0.000006
28.360000,0.003749,-0.000012,0.000006
28.460000,0.003763,-0.000012,0.000006
28.560000,0.003776,-0.000012,0.000006
28.660000,0.003790,-0.000012,0.000006
28.760000,0.003803,-0.000012,0.000006
28.860000,0.003817,-0.000012,0.000006
28.960000,0.003831,-0.000012,0.000006
29.060000,0.003844,-0.000012,0.000006
29.160000,0.003858,-0.000012,0.000006
29.260000,0.003871,-0.000012,0.000006
29.360000,0.003884,-0.000012,0.000006
29.460000,0.003898,-0.000012,0.000006
29.560000,0.003912,-0.000012,0.000006
29.660000,0.003926,-0.000012,0.000006
29.760000,0.003939,-0.000012,0.000006
29.860000,0.003953,-0.000012,0.000006
29.960000,0.003966,-0.000012,0.000006
30.060000,0.003980,-0.000012,0.000006
30.160000,0.003993,-0.000012,0.000006
30.260000,0.004007,-0.000012,0.000006
30.360000,0.004021,-0.000012,0.000006
30.460000,0.004035,-0.000012,0.000006
30.560000,0.004048,-0.000012,0.000006
30.660000,0.004062,-0.000012,0.000006
30.760000,0.004075,-0.000012,0.000006
30.860000,0.004089,-0.000012,0.000006
30.960000,0.004103,-0.000012,0.000006
31.060000,0.004116,-0.000012,0.000006
31.160000,0.004130,-0.000012,0.000006
31.260000,0.004143,-0.000012,0.000006
31.360000,0.004157,-0.000012,0.000006
31.460000,0.004171,-0.000012,0.000006
31.560000,0.004184,-0.000012,0.000006
31.660000,0.004198,-0.000012,0.000006
31.760000,0.004212,-0.000012,0.000006
31.860000,0.004225,-0.000013,0.000006
31.960000,0.004239,-0.000013,0.000006
32.060000,0.004253,-0.000013,0.000006
32.160000,0.004267,-0.000013,0.000006
32.260000,0.004281,-0.000013,0.000006
32.360000,0.004294,-0.000013,0.000006
32.460000,0.004308,-0.000013,0.000006
32.560000,0.004322,-0.000013,0.000006
32.660000,0.004335,-0.000013,0.000006
32.760000,0.004349,-0.000013,0.000006
32.860000,0.004363,-0.000013,0.000006
32.960000,0.004376,-0.000013,0.000006
33.060000,0.004390,-0.000013,0.000006
33.160000,0.004404,-0.000013,0.000006
33.260000,0.004417,-0.000013,0.000006
33.360000,0.004431,-0.000013,0.000006
33.460000,0.004445,-0.000013,0.000006
33.560000,0.004458,-0.000013,0.000006
33.660000,0.004472,-0.000013,0.000006
33.760000,0.004486,-0.000013,0.000006
33.860000,0.004499,-0.000013,0.000006
33.960000,0.004513,-0.000013,0.000006
34.060000,0.004527,-0.000013,0.000006
34.160000,0.004540,-0.000013,0.000006
34.260000,0.004554,-0.000013,0.000006
34.360000,0.004568,-0.000013,0.000006
34.460000,0.004582,-0.000013,0.000006
34.560000,0.004595,-0.000013,0.000006
34.660000,0.004609,-0.000013,0.000006
34.760000,0.004623,-0.000013,0.000006
34.860000,0.004637,-0.000013,0.000006
34.960000,0.004650,-0.000013,0.000006
35.060000,0.004664,-0.000013,0.000006
35.160000,0.004678,-0.000013,0.000006
35.260000,0.004692,-0.000013,0.000006
35.360000,0.004706,-0.000013,0.000006
35.460000,0.004720,-0.000013,0.000006
35.560000,0.004733,-0.000013,0.000006
35.660000,0.004747,-0.000013,0.000006
35.760000,0.004761,-0.000013,0.000006
35.860000,0.004775,-0.000013,0.000006
35.960000,0.004788,-0.000013,0.000006
36.060000,0.004802,-0.000013,0.000006
36.160000,0.004816,-0.000013,0.000006
36.260000,0.004830,-0.000013,0.000006
36.360000,0.004844,-0.000013,0.000006
36.460000,0.004857,-0.000013,0.000006
36.560000,0.004871,-0.000013,0.000006
36.660000,0.004885,-0.000013,0.000006
36.760000,0.004899,-0.000013,0.000006
36.860000,0.004913,-0.000013,0.000006
36.960000,0.004927,-0.000013,0.000006
37.060000,0.004941,-0.000013,0.000006
37.160000,0.004954,-0.000013,0.000006
37.260000,0.004968,-0.000013,0.000006
37.360000,0.004982,-0.000013,0.000006
37.460000,0.004995,-0.000013,0.000006
37.560000,0.005009,-0.000013,0.000006
37.660000,0.005023,-0.000013,0.000006
37.760000,0.005037,-0.000013,0.000006
37.860000,0.005051,-0.000013,0.000006
37.960000,0.005065,-0.000013,0.000006
38.060000,0.005079,-0.000014,0.000006
38.160000,0.005093,-0.000014,0.000006
38.260000,0.005107,-0.000014,0.000006
38.360000,0.005121,-0.000014,0.000006
38.460000,0.005134,-0.000014,0.000006
38.560000,0.005148,-0.000014,0.000006
38.660000,0.005162,-0.000014,0.000006
38.760000,0.005176,-0.000014,0.000006
38.860000,0.005189,-0.000014,0.000006
38.960000,0.005204,-0.000014,0.000006
39.060000,0.005218,-0.000014,0.000006
39.160000,0.005231,-0.000014,0.000006
39.260000,0.005245,-0.000014,0.000006
39.360000,0.005259,-0.000014,0.000006
39.460000,0.005273,-0.000014,0.000006
39.560000,0.005287,-0.000014,0.000006
39.660000,0.005301,-0.000014,0.000006
39.760000,0.005314,-0.000014,0.000006
39.860000,0.005328,-0.000014,0.000006
39.960000,0.005342,-0.000014,0.000006
40.060000,0.005356,-0.000014,0.000006
40.160000,0.005370,-0.000014,0.000006
40.260000,0.005384,-0.000014,0.000006
40.360000,0.005398,-0.000014,0.000006
40.460000,0.005411,-0.000014,0.000006
40.560000,0.005425,-0.000014,0.000006
40.660000,0.005439,-0.000014,0.000006
40.760000,0.005453,-0.000014,0.000006
40.860000,0.005467,-0.000014,0.000006
40.960000,0.005481,-0.000014,0.000006
41.060000,0.005495,-0.000014,0.000006
41.160000,0.005509,-0.000014,0.000006
41.260000,0.005523,-0.000014,0.000006
41.360000,0.005537,-0.000014,0.000006
41.460000,0.005551,-0.000014,0.000006
41.560000,0.005565,-0.000014,0.000006
41.660000,0.005579,-0.000014,0.000006
41.760000,0.005593,-0.000014,0.000006
41.860000,0.005607,-0.000014,0.000006
41.960000,0.005620,-0.000014,0.000006
42.060000,0.005634,-0.000014,0.000006
42.160000,0.005648,-0.000014,0.000006
42.260000,0.005662,-0.000014,0.000006
42.360000,0.005676,-0.000014,0.000006
42.460000,0.005691,-0.000014,0.000006
42.560000,0.005704,-0.000014,0.000006
42.660000,0.005718,-0.000014,0.000006
42.760000,0.005732,-0.000014,0.000006
42.860000,0.005746,-0.000014,0.000006
42.960000,0.005760,-0.000014,0.000006
43.060000,0.005774,-0.000014,0.000006
43.160000,0.005788,-0.000014,0.000006
43.260000,0.005802,-0.000014,0.000006
43.360000,0.005816,-0.000014,0.000006
43.460000,0.005830,-0.000014,0.000006
43.560000,0.005844,-0.000014,0.000006
43.660000,0.005858,-0.000014,0.000006
43.760000,0.005872,-0.000014,0.000006
43.860000,0.005886,-0.000014,0.000006
43.960000,0.005900,-0.000014,0.000006
44.060000,0.005914,-0.000014,0.000006
44.160000,0.005928,-0.000014,0.000006
44.260000,0.005942,-0.000014,0.000006
44.360000,0.005956,-0.000015,0.000006
44.460000,0.005970,-0.000015,0.000006
44.560000,0.005984,-0.000015,0.000006
44.660000,0.005998,-0.000015,0.000006
44.760000,0.006012,-0.000015,0.000006
44.860000,0.006026,-0.000015,0.000006
44.960000,0.006040,-0.000015,0.000006
45.060000,0.006054,-0.000015,0.000006
45.160000,0.006068,-0.000015,0.000006
45.260000,0.006082,-0.000015,0.000006
45.360000,0.006096,-0.000015,0.000006
45.460000,0.006110,-0.000015,0.000006
45.560000,0.006124,-0.000015,0.000006
45.660000,0.006138,-0.000015,0.000006
45.760000,0.006152,-0.000015,0.000006
45.860000,0.006166,-0.000015,0.000006
45.960000,0.006180,-0.000015,0.000006
46.060000,0.006195,-0.000015,0.000006
46.160000,0.006209,-0.000015,0.000006
46.260000,0.006223,-0.000015,0.000006
46.360000,0.006237,-0.000015,0.000006
46.460000,0.006251,-0.000015,0.000006
46.560000,0.006265,-0.000015,0.000006
46.660000,0.006279,-0.000015,0.000006
46.760000,0.006293,-0.000015,0.000006
46.860000,0.006307,-0.000015,0.000006
46.960000,0.006321,-0.000015,0.000006
47.060000,0.006335,-0.000015,0.000006
47.160000,0.006349,-0.000015,0.000006
47.260000,0.006363,-0.000015,0.000006
47.360000,0.006377,-0.000015,0.000006
47.460000,0.006391,-0.000015,0.000006
47.560000,0.006405,-0.000015,0.000006
47.660000,0.006419,-0.000015,0.000006
47.760000,0.006433,-0.000015,0.000006
47.860000,0.006447,-0.000015,0.000006
47.960000,0.006462,-0.000015,0.000006
48.060000,0.006476,-0.000015,0.000006
48.160000,0.006490,-0.000015,0.000006
48.260000,0.006504,-0.000015,0.000006
48.360000,0.006518,-0.000015,0.000006
48.460000,0.006532,-0.000015,0.000006
48.560000,0.006546,-0.000015,0.000006
48.660000,0.006560,-0.000015,0.000006
48.760000,0.006574,-0.000015,0.000006
48.860000,0.006589,-0.000015,0.000006
48.960000,0.006603,-0.000015,0.000006
49.060000,0.006617,-0.000015,0.000006
49.160000,0.006631,-0.000015,0.000006
49.260000,0.006645,-0.000015,0.000006
49.360000,0.006659,-0.000015,0.000006
49.460000,0.006674,-0.000015,0.000006
49.560000,0.006688,-0.000015,0.000006
49.660000,0.006702,-0.000015,0.000006
49.760000,0.006716,-0.000015,0.000006
49.860000,0.006730,-0.000015,0.000006
49.960000,0.006744,-0.000015,0.000006
50.060000,0.006759,-0.000015,0.000006
50.160000,0.006773,-0.000015,0.000006
50.260000,0.006787,-0.000015,0.000006
50.360000,0.006801,-0.000015,0.000006
50.460000,0.006815,-0.000015,0.000006
50.560000,0.006830,-0.000016,0.000006
50.660000,0.006844,-0.000016,0.000006
50.760000,0.006858,-0.000016,0.000006
50.860000,0.006872,-0.000016,0.000006
50.960000,0.006886,-0.000016,0.000006
51.060000,0.006900,-0.000016,0.000006
51.160000,0.006914,-0.000016,0.000006
51.260000,0.006929,-0.000016,0.000006
51.360000,0.006943,-0.000016,0.000006
51.460000,0.006958,-0.000016,0.000006
51.560000,0.006972,-0.000016,0.000006
51.660000,0.006986,-0.000016,0.000006
51.760000,0.007000,-0.000016,0.000006
51.860000,0.007014,-0.000016,0.000006
51.960000,0.007029,-0.000016,0.000006
52.060000,0.007043,-0.000016,0.000006
52.160000,0.007057,-0.000016,0.000006
52.260000,0.007071,-0.000016,0.000006
52.360000,0.007085,-0.000016,0.000006
52.460000,0.007100,-0.000016,0.000006
52.560000,0.007114,-0.000016,0.000006
52.660000,0.007128,-0.000016,0.000006
52.760000,0.007142,-0.000016,0.000006
52.860000,0.007156,-0.000016,0.000006
52.960000,0.007170,-0.000016,0.000006
53.060000,0.007185,-0.000016,0.000006
53.160000,0.007199,-0.000016,0.000006
53.260000,0.007213,-0.000016,0.000006
53.360000,0.007227,-0.000016,0.000006
53.460000,0.007241,-0.000016,0.000006
53.560000,0.007256,-0.000016,0.000006
53.660000,0.007270,-0.000016,0.000006
53.760000,0.007285,-0.000016,0.000006
53.860000,0.007299,-0.000016,0.000006
53.960000,0.007313,-0.000016,0.000006
54.060000,0.007327,-0.000016,0.000006
54.160000,0.007341,-0.000016,0.000006
54.260000,0.007356,-0.000016,0.000006
54.360000,0.007370,-0.000016,0.000006
54.460000,0.007384,-0.000016,0.000006
54.560000,0.007398,-0.000016,0.000006
54.660000,0.007413,-0.000016,0.000006
54.760000,0.007428,-0.000016,0.000006
54.860000,0.007442,-0.000016,0.000006
54.960000,0.007456,-0.000016,0.000006
55.060000,0.007471,-0.000016,0.000006
55.160000,0.007485,-0.000016,0.000006
55.260000,0.007499,-0.000016,0.000006
55.360000,0.007513,-0.000016,0.000006
55.460000,0.007527,-0.000016,0.000006
55.560000,0.007542,-0.000016,0.000006
55.660000,0.007556,-0.000016,0.000006
55.760000,0.007570,-0.000016,0.000006
55.860000,0.007584,-0.000016,0.000006
55.960000,0.007599,-0.000016,0.000006
56.060000,0.007613,-0.000016,0.000006
56.160000,0.007627,-0.000016,0.000006
56.260000,0.007642,-0.000016,0.000006
56.360000,0.007656,-0.000016,0.000006
56.460000,0.007671,-0.000016,0.000006
56.560000,0.007685,-0.000016,0.000006
56.660000,0.007699,-0.000016,0.000006
56.760000,0.007714,-0.000016,0.000006
56.860000,0.007728,-0.000017,0.000006
56.960000,0.007743,-0.000017,0.000006
57.060000,0.007757,-0.000017,0.000006
57.160000,0.007771,-0.000017,0.000006
57.260000,0.007785,-0.000017,0.000006
57.360000,0.007799,-0.000017,0.000006
57.460000,0.007814,-0.000017,0.000006
57.560000,0.007828,-0.000017,0.000006
57.660000,0.007842,-0.000017,0.000006
57.760000,0.007857,-0.000017,0.000006
57.860000,0.007871,-0.000017,0.000006
57.960000,0.007886,-0.000017,0.000006
58.060000,0.007900,-0.000017,0.000006
58.160000,0.007915,-0.000017,0.000006
58.260000,0.007929,-0.000017,0.000006
58.360000,0.007944,-0.000017,0.000006
58.460000,0.007958,-0.000017,0.000006
58.560000,0.007972,-0.000017,0.000006
58.660000,0.007986,-0.000017,0.000006
58.760000,0.008001,-0.000017,0.000006
58.860000,0.008015,-0.000017,0.000006
58.960000,0.008029,-0.000017,0.000006
59.060000,0.008044,-0.000017,0.000006
59.160000,0.008058,-0.000017,0.000006
59.260000,0.008073,-0.000017,0.000006
59.360000,0.008087,-0.000017,0.000006
59.460000,0.008102,-0.000017,0.000006
59.560000,0.008117,-0.000017,0.000006
59.660000,0.008131,-0.000017,0.000006
59.760000,0.008145,-0.000017,0.000006
59.860000,0.008159,-0.000017,0.000006
59.960000,0.008174,-0.000017,0.000006
60.060000,0.008189,-0.000017,0.000006
60.160000,0.008203,-0.000017,0.000006
60.260000,0.008218,-0.000017,0.000006
60.360000,0.008232,-0.000017,0.000006
60.460000,0.008246,-0.000017,0.000006
60.560000,0.008260,-0.000017,0.000006
60.660000,0.008275,-0.000017,0.000006
60.760000,0.008289,-0.000017,0.000006
60.860000,0.008304,-0.000017,0.000006
60.960000,0.008318,-0.000017,0.000006
61.060000,0.008333,-0.000017,0.000006
61.160000,0.008347,-0.000017,0.000006
61.260000,0.008362,-0.000017,0.000006
61.360000,0.008376,-0.000017,0.000006
61.460000,0.008390,-0.000017,0.000006
61.560000,0.008405,-0.000017,0.000006
61.660000,0.008420,-0.000017,0.000006
61.760000,0.008434,-0.000017,0.000006
61.860000,0.008448,-0.000017,0.000006
61.960000,0.008463,-0.000017,0.000006
62.060000,0.008477,-0.000017,0.000006
62.160000,0.008492,-0.000017,0.000006
62.260000,0.008506,-0.000017,0.000006
62.360000,0.008521,-0.000017,0.000006
62.460000,0.008536,-0.000017,0.000006
62.560000,0.008550,-0.000017,0.000006
62.660000,0.008565,-0.000017,0.000006
62.760000,0.008579,-0.000017,0.000006
62.860000,0.008593,-0.000017,0.000006
62.960000,0.008608,-0.000017,0.000006
63.060000,0.008623,-0.000018,0.000006
63.160000,0.008637,-0.000018,0.000006
63.260000,0.008651,-0.000018,0.000006
63.360000,0.008666,-0.000018,0.000006
63.460000,0.008681,-0.000018,0.000006
63.560000,0.008695,-0.000018,0.000006
63.660000,0.008710,-0.000018,0.000006
63.760000,0.008725,-0.000018,0.000006
63.860000,0.008739,-0.000018,0.000006
63.960000,0.008753,-0.000018,0.000006
64.060000,0.008768,-0.000018,0.000006
64.160000,0.008783,-0.000018,0.000006
64.260000,0.008797,-0.000018,0.000006
64.360000,0.008812,-0.000018,0.000006
64.460000,0.008826,-0.000018,0.000006
64.560000,0.008841,-0.000018,0.000006
64.660000,0.008856,-0.000018,0.000006
64.760000,0.008870,-0.000018,0.000006
64.860000,0.008884,-0.000018,0.000006
64.960000,0.008899,-0.000018,0.000006
65.060000,0.008914,-0.000018,0.000006
65.160000,0.008928,-0.000018,0.000006
65.260000,0.008943,-0.000018,0.000006
65.360000,0.008957,-0.000018,0.000006
65.460000,0.008972,-0.000018,0.000006
65.560000,0.008987,-0.000018,0.000006
65.660000,0.009001,-0.000018,0.000006
65.760000,0.009016,-0.000018,0.000006
65.860000,0.009031,-0.000018,0.000006
65.960000,0.009046,-0.000018,0.000006
66.060000,0.009060,-0.000018,0.000006
66.160000,0.009074,-0.000018,0.000006
66.260000,0.009089,-0.000018,0.000006
66.360000,0.009103,-0.000018,0.000006
66.460000,0.009118,-0.000018,0.000006
66.560000,0.009133,-0.000018,0.000006
66.660000,0.009147,-0.000018,0.000006
66.760000,0.009162,-0.000018,0.000006
66.860000,0.009176,-0.000018,0.000006
66.960000,0.009191,-0.000018,0.000006
67.060000,0.009205,-0.000018,0.000006
67.160000,0.009220,-0.000018,0.000006
67.260000,0.009235,-0.000018,0.000006
67.360000,0.009250,-0.000018,0.000006
67.460000,0.009265,-0.000018,0.000006
67.560000,0.009279,-0.000018,0.000006
67.660000,0.009294,-0.000018,0.000006
67.760000,0.009308,-0.000018,0.000006
67.860000,0.009323,-0.000018,0.000006
67.960000,0.009338,-0.000018,0.000006
68.060000,0.009352,-0.000018,0.000006
68.160000,0.009367,-0.000018,0.000006
68.260000,0.009381,-0.000018,0.000006
68.360000,0.009396,-0.000018,0.000006
68.460000,0.009411,-0.000018,0.000006
68.560000,0.009425,-0.000018,0.000006
68.660000,0.009440,-0.000018,0.000006
68.760000,0.009454,-0.000018,0.000006
68.860000,0.009469,-0.000018,0.000006
68.960000,0.009484,-0.000018,0.000006
69.060000,0.009499,-0.000018,0.000006
69.160000,0.009513,-0.000018,0.000006
69.260000,0.009528,-0.000018,0.000006
69.360000,0.009543,-0.000019,0.000006
69.460000,0.009557,-0.000019,0.000006
69.560000,0.009572,-0.000019,0.000006
69.660000,0.009587,-0.000019,0.000006
69.760000,0.009601,-0.000019,0.000006
69.860000,0.009616,-0.000019,0.000006
69.960000,0.009631,-0.000019,0.000006
70.060000,0.009646,-0.000019,0.000006
70.160000,0.009660,-0.000019,0.000006
70.260000,0.009675,-0.000019,0.000006
70.360000,0.009690,-0.000019,0.000006
70.460000,0.009705,-0.000019,0.000006
70.560000,0.009719,-0.000019,0.000006
70.660000,0.009734,-0.000019,0.000005
70.760000,0.009749,-0.000019,0.000005
70.860000,0.009763,-0.000019,0.000005
70.960000,0.009778,-0.000019,0.000005
71.060000,0.009793,-0.000019,0.000005
71.160000,0.009808,-0.000019,0.000005
71.260000,0.009823,-0.000019,0.000005
71.360000,0.009837,-0.000019,0.000005
71.460000,0.009852,-0.000019,0.000005
71.560000,0.009866,-0.000019,0.000005
71.660000,0.009881,-0.000019,0.000005
71.760000,0.009896,-0.000019,0.000005
71.860000,0.009911,-0.000019,0.000005
71.960000,0.009926,-0.000019,0.000005
72.060000,0.009941,-0.000019,0.000005
72.160000,0.009956,-0.000019,0.000005
72.260000,0.009970,-0.000019,0.000005
72.360000,0.009985,-0.000019,0.000005
72.460000,0.010000,-0.000019,0.000005
72.560000,0.010014,-0.000019,0.000005
72.660000,0.010029,-0.000019,0.000005
72.760000,0.010044,-0.000019,0.000005
72.860000,0.010058,-0.000019,0.000005
72.960000,0.010073,-0.000019,0.000005
73.060000,0.010088,-0.000019,0.000005
73.160000,0.010103,-0.000019,0.000005
73.260000,0.010117,-0.000019,0.000005
73.360000,0.010133,-0.000019,0.000005
73.460000,0.010147,-0.000019,0.000005
73.560000,0.010162,-0.000019,0.000005
73.660000,0.010177,-0.000019,0.000005
73.760000,0.010192,-0.000019,0.000005
73.860000,0.010206,-0.000019,0.000005
73.960000,0.010221,-0.000019,0.000005
74.060000,0.010236,-0.000019,0.000005
74.160000,0.010251,-0.000019,0.000005
74.260000,0.010266,-0.000019,0.000005
74.360000,0.010281,-0.000019,0.000005
74.460000,0.010296,-0.000019,0.000005
74.560000,0.010310,-0.000019,0.000005
74.660000,0.010325,-0.000019,0.000005
74.760000,0.010340,-0.000019,0.000005
74.860000,0.010355,-0.000019,0.000005
74.960000,0.010370,-0.000019,0.000005
75.060000,0.010385,-0.000019,0.000005
75.160000,0.010400,-0.000019,0.000005
75.260000,0.010415,-0.000019,0.000005
75.360000,0.010430,-0.000019,0.000005
75.460000,0.010444,-0.000019,0.000005
75.560000,0.010459,-0.000020,0.000005
75.660000,0.010474,-0.000020,0.000005
75.760000,0.010489,-0.000020,0.000005
75.860000,0.010503,-0.000020,0.000005
75.960000,0.010518,-0.000020,0.000005
76.060000,0.010533,-0.000020,0.000005
76.160000,0.010548,-0.000020,0.000005
76.260000,0.010563,-0.000020,0.000005
76.360000,0.010578,-0.000020,0.000005
76.460000,0.010593,-0.000020,0.000005
76.560000,0.010608,-0.000020,0.000005
76.660000,0.010622,-0.000020,0.000005
76.760000,0.010637,-0.000020,0.000005
76.860000,0.010653,-0.000020,0.000005
76.960000,0.010667,-0.000020,0.000005
77.060000,0.010682,-0.000020,0.000005
77.160000,0.010697,-0.000020,0.000005
77.260000,0.010712,-0.000020,0.000005
77.360000,0.010727,-0.000020,0.000005
77.460000,0.010742,-0.000020,0.000005
77.560000,0.010757,-0.000020,0.000005
77.660000,0.010772,-0.000020,0.000005
77.760000,0.010787,-0.000020,0.000005
77.860000,0.010802,-0.000020,0.000005
77.960000,0.010816,-0.000020,0.000005
78.060000,0.010831,-0.000020,0.000005
78.160000,0.010847,-0.000020,0.000005
78.260000,0.010861,-0.000020,0.000005
78.360000,0.010877,-0.000020,0.000005
78.460000,0.010891,-0.000020,0.000005
78.560000,0.010907,-0.000020,0.000005
78.660000,0.010921,-0.000020,0.000005
78.760000,0.010936,-0.000020,0.000005
78.860000,0.010951,-0.000020,0.000005
78.960000,0.010967,-0.000020,0.000005
79.060000,0.010981,-0.000020,0.000005
79.160000,0.010996,-0.000020,0.000005
79.260000,0.011011,-0.000020,0.000005
79.360000,0.011026,-0.000020,0.000005
79.460000,0.011041,-0.000020,0.000005
79.560000,0.011056,-0.000020,0.000005
79.660000,0.011071,-0.000020,0.000005
79.760000,0.011086,-0.000020,0.000005
79.860000,0.011101,-0.000020,0.000005
79.960000,0.011116,-0.000020,0.000005
80.060000,0.011131,-0.000020,0.000005
80.160000,0.011146,-0.000020,0.000005
80.260000,0.011161,-0.000020,0.000005
80.360000,0.011176,-0.000020,0.000005
80.460000,0.011191,-0.000020,0.000005
80.560000,0.011207,-0.000020,0.000005
80.660000,0.011221,-0.000020,0.000005
80.760000,0.011236,-0.000020,0.000005
80.860000,0.011251,-0.000020,0.000005
80.960000,0.011267,-0.000020,0.000005
81.060000,0.011281,-0.000020,0.000005
81.160000,0.011297,-0.000020,0.000005
81.260000,0.011312,-0.000020,0.000005
81.360000,0.011327,-0.000020,0.000005
81.460000,0.011342,-0.000020,0.000005
81.560000,0.011357,-0.000020,0.000005
81.660000,0.011371,-0.000020,0.000005
81.760000,0.011386,-0.000020,0.000005
81.860000,0.011402,-0.000021,0.000005
81.960000,0.011416,-0.000021,0.000005
82.060000,0.011431,-0.000021,0.000005
82.160000,0.011446,-0.000021,0.000005
82.260000,0.011461,-0.000021,0.000005
82.360000,0.011476,-0.000021,0.000005
82.460000,0.011492,-0.000021,0.000005
82.560000,0.011507,-0.000021,0.000005
82.660000,0.011522,-0.000021,0.000005
82.760000,0.011537,-0.000021,0.000005
82.860000,0.011552,-0.000021,0.000005
82.960000,0.011567,-0.000021,0.000005
83.060000,0.011582,-0.000021,0.000005
83.160000,0.011597,-0.000021,0.000005
83.260000,0.011612,-0.000021,0.000005
83.360000,0.011627,-0.000021,0.000005
83.460000,0.011642,-0.000021,0.000005
83.560000,0.011658,-0.000021,0.000005
83.660000,0.011673,-0.000021,0.000005
83.760000,0.011688,-0.000021,0.000005
83.860000,0.011703,-0.000021,0.000005
83.960000,0.011718,-0.000021,0.000005
84.060000,0.011733,-0.000021,0.000005
84.160000,0.011748,-0.000021,0.000005
84.260000,0.011764,-0.000021,0.000005
84.360000,0.011778,-0.000021,0.000005
84.460000,0.011793,-0.000021,0.000005
84.560000,0.011808,-0.000021,0.000005
84.660000,0.011823,-0.000021,0.000005
84.760000,0.011839,-0.000021,0.000005
84.860000,0.011854,-0.000021,0.000005
84.960000,0.011869,-0.000021,0.000005
85.060000,0.011884,-0.000021,0.000005
85.160000,0.011899,-0.000021,0.000005
85.260000,0.011914,-0.000021,0.000005
85.360000,0.011929,-0.000021,0.000005
85.460000,0.011945,-0.000021,0.000005
85.560000,0.011960,-0.000021,0.000005
85.660000,0.011975,-0.000021,0.000005
85.760000,0.011990,-0.000021,0.000005
85.860000,0.012005,-0.000021,0.000005
85.960000,0.012020,-0.000021,0.000005
86.060000,0.012036,-0.000021,0.000005
86.160000,0.012051,-0.000021,0.000005
86.260000,0.012066,-0.000021,0.000005
86.360000,0.012081,-0.000021,0.000005
86.460000,0.012097,-0.000021,0.000005
86.560000,0.012112,-0.000021,0.000005
86.660000,0.012127,-0.000021,0.000005
86.760000,0.012142,-0.000021,0.000005
86.860000,0.012158,-0.000021,0.000005
86.960000,0.012173,-0.000021,0.000005
87.060000,0.012188,-0.000021,0.000005
87.160000,0.012203,-0.000021,0.000005
87.260000,0.012218,-0.000021,0.000005
87.360000,0.012234,-0.000021,0.000005
87.460000,0.012249,-0.000021,0.000005
87.560000,0.012264,-0.000021,0.000005
87.660000,0.012279,-0.000021,0.000005
87.760000,0.012294,-0.000021,0.000005
87.860000,0.012309,-0.000021,0.000005
87.960000,0.012324,-0.000021,0.000005
88.060000,0.012340,-0.000022,0.000005
88.160000,0.012355,-0.000022,0.000005
88.260000,0.012370,-0.000022,0.000005
88.360000,0.012386,-0.000022,0.000005
88.460000,0.012401,-0.000022,0.000005
88.560000,0.012416,-0.000022,0.000005
88.660000,0.012431,-0.000022,0.000005
88.760000,0.012446,-0.000022,0.000005
88.860000,0.012461,-0.000022,0.000005
88.960000,0.012477,-0.000022,0.000005
89.060000,0.012492,-0.000022,0.000005
89.160000,0.012507,-0.000022,0.000005
89.260000,0.012523,-0.000022,0.000005
89.360000,0.012538,-0.000022,0.000005
89.460000,0.012553,-0.000022,0.000005
89.560000,0.012568,-0.000022,0.000005
89.660000,0.012584,-0.000022,0.000005
89.760000,0.012599,-0.000022,0.000005
89.860000,0.012614,-0.000022,0.000005
89.960000,0.012630,-0.000022,0.000005
90.060000,0.012645,-0.000022,0.000005
90.160000,0.012660,-0.000022,0.000005
90.260000,0.012675,-0.000022,0.000005
90.360000,0.012691,-0.000022,0.000005
90.460000,0.012707,-0.000022,0.000005
90.560000,0.012722,-0.000022,0.000005
90.660000,0.012737,-0.000022,0.000005
90.760000,0.012752,-0.000022,0.000005
90.860000,0.012768,-0.000022,0.000005
90.960000,0.012783,-0.000022,0.000005
91.060000,0.012798,-0.000022,0.000005
91.160000,0.012813,-0.000022,0.000005
91.260000,0.012828,-0.000022,0.000005
91.360000,0.012844,-0.000022,0.000005
91.460000,0.012859,-0.000022,0.000005
91.560000,0.012875,-0.000022,0.000005
91.660000,0.012890,-0.000022,0.000005
91.760000,0.012905,-0.000022,0.000005
91.860000,0.012921,-0.000022,0.000005
91.960000,0.012936,-0.000022,0.000005
92.060000,0.012951,-0.000022,0.000005
92.160000,0.012967,-0.000022,0.000005
92.260000,0.012982,-0.000022,0.000005
92.360000,0.012997,-0.000022,0.000005
92.460000,0.013012,-0.000022,0.000005
92.560000,0.013028,-0.000022,0.000005
92.660000,0.013043,-0.000022,0.000005
92.760000,0.013058,-0.000022,0.000005
92.860000,0.013074,-0.000022,0.000005
92.960000,0.013089,-0.000022,0.000005
93.060000,0.013105,-0.000022,0.000005
93.160000,0.013120,-0.000022,0.000005
93.260000,0.013135,-0.000022,0.000005
93.360000,0.013151,-0.000022,0.000005
93.460000,0.013167,-0.000022,0.000005
93.560000,0.013182,-0.000022,0.000005
93.660000,0.013197,-0.000022,0.000005
93.760000,0.013212,-0.000022,0.000005
93.860000,0.013228,-0.000022,0.000005
93.960000,0.013243,-0.000022,0.000005
94.060000,0.013258,-0.000022,0.000005
94.160000,0.013274,-0.000022,0.000005
94.260000,0.013289,-0.000022,0.000005
94.360000,0.013304,-0.000023,0.000005
94.460000,0.013320,-0.000023,0.000005
94.560000,0.013336,-0.000023,0.000005
94.660000,0.013351,-0.000023,0.000005
94.760000,0.013366,-0.000023,0.000005
94.860000,0.013382,-0.000023,0.000005
94.960000,0.013397,-0.000023,0.000005
95.060000,0.013413,-0.000023,0.000005
95.160000,0.013428,-0.000023,0.000005
95.260000,0.013444,-0.000023,0.000005
95.360000,0.013459,-0.000023,0.000005
95.460000,0.013475,-0.000023,0.000005
95.560000,0.013490,-0.000023,0.000005
95.660000,0.013506,-0.000023,0.000005
95.760000,0.013521,-0.000023,0.000005
95.860000,0.013537,-0.000023,0.000005
95.960000,0.013552,-0.000023,0.000005
96.060000,0.013568,-0.000023,0.000005
96.160000,0.013583,-0.000023,0.000005
96.260000,0.013598,-0.000023,0.000005
96.360000,0.013614,-0.000023,0.000005
96.460000,0.013629,-0.000023,0.000005
96.560000,0.013645,-0.000023,0.000005
96.660000,0.013660,-0.000023,0.000005
96.760000,0.013676,-0.000023,0.000005
96.860000,0.013691,-0.000023,0.000005
96.960000,0.013707,-0.000023,0.000005
97.060000,0.013723,-0.000023,0.000005
97.160000,0.013738,-0.000023,0.000005
97.260000,0.013753,-0.000023,0.000005
97.360000,0.013769,-0.000023,0.000005
97.460000,0.013784,-0.000023,0.000005
97.560000,0.013799,-0.000023,0.000005
97.660000,0.013815,-0.000023,0.000005
97.760000,0.013830,-0.000023,0.000005
97.860000,0.013846,-0.000023,0.000005
97.960000,0.013862,-0.000023,0.000005
98.060000,0.013877,-0.000023,0.000005
98.160000,0.013893,-0.000023,0.000005
98.260000,0.013908,-0.000023,0.000005
98.360000,0.013923,-0.000023,0.000005
98.460000,0.013939,-0.000023,0.000005
98.560000,0.013955,-0.000023,0.000005
98.660000,0.013970,-0.000023,0.000005
98.760000,0.013986,-0.000023,0.000005
98.860000,0.014001,-0.000023,0.000005
98.960000,0.014017,-0.000023,0.000005
99.060000,0.014032,-0.000023,0.000004
99.160000,0.014048,-0.000023,0.000005
99.260000,0.014064,-0.000023,0.000004
99.360000,0.014079,-0.000023,0.000005
99.460000,0.014095,-0.000023,0.000004
99.560000,0.014110,-0.000023,0.000004
99.660000,0.014126,-0.000023,0.000004
99.760000,0.014141,-0.000023,0.000004
99.860000,0.014157,-0.000023,0.000004
99.960000,0.014173,-0.000023,0.000004
100.060000,0.014188,-0.000023,0.000004
100.160000,0.014203,-0.000023,0.000004
100.260000,0.014219,-0.000023,0.000004
100.360000,0.014235,-0.000023,0.000004
100.460000,0.014251,-0.000023,0.000004
100.560000,0.014266,-0.000024,0.000004
100.660000,0.014282,-0.000024,0.000004
100.760000,0.014297,-0.000024,0.000004
100.860000,0.014313,-0.000024,0.000004
100.960000,0.014328,-0.000024,0.000004
101.060000,0.014344,-0.000024,0.000004
101.160000,0.014360,-0.000024,0.000004
101.260000,0.014375,-0.000024,0.000004
101.360000,0.014391,-0.000024,0.000004
101.460000,0.014407,-0.000024,0.000004
101.560000,0.014423,-0.000024,0.000004
101.660000,0.014438,-0.000024,0.000004
101.760000,0.014453,-0.000024,0.000004
101.860000,0.014469,-0.000024,0.000004
101.960000,0.014484,-0.000024,0.000004
102.060000,0.014500,-0.000024,0.000004
102.160000,0.014516,-0.000024,0.000004
102.260000,0.014531,-0.000024,0.000004
102.360000,0.014547,-0.000024,0.000004
102.460000,0.014563,-0.000024,0.000004
102.560000,0.014578,-0.000024,0.000004
102.660000,0.014594,-0.000024,0.000004
102.760000,0.014610,-0.000024,0.000004
102.860000,0.014626,-0.000024,0.000004
102.960000,0.014642,-0.000024,0.000004
103.060000,0.014657,-0.000024,0.000004
103.160000,0.014673,-0.000024,0.000004
103.260000,0.014689,-0.000024,0.000004
103.360000,0.014704,-0.000024,0.000004
103.460000,0.014720,-0.000024,0.000004
103.560000,0.014735,-0.000024,0.000004
103.660000,0.014751,-0.000024,0.000004
103.760000,0.014767,-0.000024,0.000004
103.860000,0.014782,-0.000024,0.000004
103.960000,0.014798,-0.000024,0.000004
104.060000,0.014813,-0.000024,0.000004
104.160000,0.014830,-0.000024,0.000004
104.260000,0.014845,-0.000024,0.000004
104.360000,0.014861,-0.000024,0.000004
104.460000,0.014876,-0.000024,0.000004
104.560000,0.014892,-0.000024,0.000004
104.660000,0.014908,-0.000024,0.000004
104.760000,0.014923,-0.000024,0.000004
104.860000,0.014939,-0.000024,0.000004
104.960000,0.014955,-0.000024,0.000004
105.060000,0.014970,-0.000024,0.000004
105.160000,0.014986,-0.000024,0.000004
105.260000,0.015002,-0.000024,0.000004
105.360000,0.015018,-0.000024,0.000004
105.460000,0.015034,-0.000024,0.000004
105.560000,0.015049,-0.000024,0.000004
105.660000,0.015065,-0.000024,0.000004
105.760000,0.015081,-0.000024,0.000004
105.860000,0.015097,-0.000024,0.000004
105.960000,0.015112,-0.000024,0.000004
106.060000,0.015128,-0.000024,0.000004
106.160000,0.015144,-0.000024,0.000004
106.260000,0.015160,-0.000024,0.000004
106.360000,0.015175,-0.000024,0.000004
106.460000,0.015191,-0.000024,0.000004
106.560000,0.015207,-0.000024,0.000004
106.660000,0.015223,-0.000024,0.000004
106.760000,0.015239,-0.000024,0.000004
106.860000,0.015254,-0.000025,0.000004
106.960000,0.015270,-0.000025,0.000004
107.060000,0.015286,-0.000025,0.000004
107.160000,0.015302,-0.000025,0.000004
107.260000,0.015318,-0.000025,0.000004
107.360000,0.015334,-0.000025,0.000004
107.460000,0.015350,-0.000025,0.000004
107.560000,0.015365,-0.000025,0.000004
107.660000,0.015381,-0.000025,0.000004
107.760000,0.015397,-0.000025,0.000004
107.860000,0.015413,-0.000025,0.000004
107.960000,0.015428,-0.000025,0.000004
108.060000,0.015444,-0.000025,0.000004
108.160000,0.015460,-0.000025,0.000004
108.260000,0.015476,-0.000025,0.000004
108.360000,0.015491,-0.000025,0.000004
108.460000,0.015508,-0.000025,0.000004
108.560000,0.015523,-0.000025,0.000004
108.660000,0.015539,-0.000025,0.000004
108.760000,0.015555,-0.000025,0.000004
108.860000,0.015571,-0.000025,0.000004
108.960000,0.015586,-0.000025,0.000004
109.060000,0.015603,-0.000025,0.000004
109.160000,0.015618,-0.000025,0.000004
109.260000,0.015635,-0.000025,0.000004
109.360000,0.015650,-0.000025,0.000004
109.460000,0.015666,-0.000025,0.000004
109.560000,0.015682,-0.000025,0.000004
109.660000,0.015698,-0.000025,0.000004
109.760000,0.015714,-0.000025,0.000004
109.860000,0.015730,-0.000025,0.000004
109.960000,0.015745,-0.000025,0.000004
110.060000,0.015762,-0.000025,0.000004
110.160000,0.015778,-0.000025,0.000004
110.260000,0.015793,-0.000025,0.000004
110.360000,0.015809,-0.000025,0.000004
110.460000,0.015825,-0.000025,0.000004
110.560000,0.015841,-0.000025,0.000004
110.660000,0.015857,-0.000025,0.000004
110.760000,0.015873,-0.000025,0.000004
110.860000,0.015888,-0.000025,0.000004
110.960000,0.015905,-0.000025,0.000004
111.060000,0.015920,-0.000025,0.000004
111.160000,0.015936,-0.000025,0.000004
111.260000,0.015952,-0.000025,0.000004
111.360000,0.015968,-0.000025,0.000004
111.460000,0.015984,-0.000025,0.000004
111.560000,0.016001,-0.000025,0.000004
111.660000,0.016016,-0.000025,0.000004
111.760000,0.016032,-0.000025,0.000004
111.860000,0.016048,-0.000025,0.000004
111.960000,0.016064,-0.000025,0.000004
112.060000,0.016080,-0.000025,0.000004
112.160000,0.016095,-0.000025,0.000004
112.260000,0.016112,-0.000025,0.000004
112.360000,0.016128,-0.000025,0.000004
112.460000,0.016143,-0.000025,0.000004
112.560000,0.016159,-0.000025,0.000004
112.660000,0.016175,-0.000025,0.000004
112.760000,0.016191,-0.000025,0.000004
112.860000,0.016207,-0.000025,0.000004
112.960000,0.016224,-0.000025,0.000004
113.060000,0.016239,-0.000026,0.000004
113.160000,0.016255,-0.000026,0.000004
113.260000,0.016271,-0.000026,0.000004
113.360000,0.016287,-0.000026,0.000004
113.480000,0.016307,-0.000026,0.000004
113.580000,0.016322,-0.000026,0.000004
113.680000,0.016339,-0.000026,0.000004
113.780000,0.016354,-0.000026,0.000004
113.880000,0.016370,-0.000026,0.000004
113.980000,0.016386,-0.000026,0.000004
114.080000,0.016402,-0.000026,0.000004
114.180000,0.016418,-0.000026,0.000004
114.280000,0.016434,-0.000026,0.000004
114.380000,0.016450,-0.000026,0.000004
114.480000,0.016466,-0.000026,0.000004
114.580000,0.016482,-0.000026,0.000004
114.680000,0.016498,-0.000026,0.000004
114.780000,0.016514,-0.000026,0.000004
114.880000,0.016530,-0.000026,0.000004
114.980000,0.016546,-0.000026,0.000004
115.080000,0.016562,-0.000026,0.000004
115.180000,0.016578,-0.000026,0.000004
115.280000,0.016594,-0.000026,0.000004
115.380000,0.016610,-0.000026,0.000004
115.480000,0.016626,-0.000026,0.000004
115.580000,0.016643,-0.000026,0.000004
115.680000,0.016659,-0.000026,0.000004
115.780000,0.016675,-0.000026,0.000004
115.880000,0.016691,-0.000026,0.000004
115.980000,0.016707,-0.000026,0.000004
116.080000,0.016723,-0.000026,0.000004
116.180000,0.016739,-0.000026,0.000004
116.280000,0.016755,-0.000026,0.000004
116.380000,0.016771,-0.000026,0.000004
116.480000,0.016788,-0.000026,0.000004
116.580000,0.016804,-0.000026,0.000004
116.680000,0.016820,-0.000026,0.000004
116.780000,0.016835,-0.000026,0.000004
116.880000,0.016851,-0.000026,0.000004
116.980000,0.016867,-0.000026,0.000004
117.080000,0.016883,-0.000026,0.000004
117.180000,0.016900,-0.000026,0.000004
117.280000,0.016916,-0.000026,0.000004
117.380000,0.016932,-0.000026,0.000004
117.480000,0.016948,-0.000026,0.000004
117.580000,0.016964,-0.000026,0.000004
117.680000,0.016980,-0.000026,0.000004
117.780000,0.016996,-0.000026,0.000004
117.880000,0.017012,-0.000026,0.000004
117.980000,0.017029,-0.000026,0.000004
118.080000,0.017045,-0.000026,0.000004
118.180000,0.017061,-0.000026,0.000004
118.280000,0.017077,-0.000026,0.000004
118.380000,0.017093,-0.000026,0.000004
118.480000,0.017109,-0.000026,0.000004
118.580000,0.017125,-0.000026,0.000004
118.680000,0.017141,-0.000026,0.000004
118.780000,0.017157,-0.000026,0.000004
118.880000,0.017174,-0.000026,0.000004
118.980000,0.017190,-0.000026,0.000004
119.080000,0.017206,-0.000026,0.000004
119.180000,0.017222,-0.000026,0.000004
119.280000,0.017238,-0.000026,0.000004
119.380000,0.017254,-0.000027,0.000004
119.480000,0.017271,-0.000027,0.000004
119.580000,0.017287,-0.000027,0.000004
119.680000,0.017303,-0.000027,0.000004
119.800000,0.017322,-0.000027,0.000004
119.900000,0.017338,-0.000027,0.000004
120.000000,0.017355,-0.000027,0.000004
120.100000,0.017371,-0.000027,0.000004
120.200000,0.017387,-0.000027,0.000004
120.300000,0.017403,-0.000027,0.000004
120.400000,0.017419,-0.000027,0.000004
120.500000,0.017436,-0.000027,0.000004
120.600000,0.017452,-0.000027,0.000004
120.700000,0.017469,-0.000027,0.000004
120.800000,0.017485,-0.000027,0.000004
120.900000,0.017501,-0.000027,0.000004
121.000000,0.017517,-0.000027,0.000004
121.100000,0.017533,-0.000027,0.000004
121.200000,0.017549,-0.000027,0.000004
121.300000,0.017566,-0.000027,0.000004
121.400000,0.017582,-0.000027,0.000004
121.500000,0.017598,-0.000027,0.000004
121.600000,0.017615,-0.000027,0.000004
121.700000,0.017631,-0.000027,0.000004
121.800000,0.017647,-0.000027,0.000004
121.900000,0.017663,-0.000027,0.000004
122.000000,0.017679,-0.000027,0.000004
122.100000,0.017695,-0.000027,0.000004
122.200000,0.017712,-0.000027,0.000004
122.300000,0.017728,-0.000027,0.000004
122.400000,0.017744,-0.000027,0.000004
122.500000,0.017760,-0.000027,0.000004
122.600000,0.017777,-0.000027,0.000004
122.700000,0.017793,-0.000027,0.000004
122.800000,0.017809,-0.000027,0.000004
122.900000,0.017825,-0.000027,0.000004
123.000000,0.017842,-0.000027,0.000004
123.100000,0.017859,-0.000027,0.000004
123.200000,0.017875,-0.000027,0.000004
123.300000,0.017891,-0.000027,0.000004
123.400000,0.017907,-0.000027,0.000004
123.500000,0.017924,-0.000027,0.000004
123.600000,0.017940,-0.000027,0.000004
123.700000,0.017956,-0.000027,0.000004
123.800000,0.017972,-0.000027,0.000004
123.900000,0.017989,-0.000027,0.000004
124.000000,0.018005,-0.000027,0.000004
124.100000,0.018021,-0.000027,0.000004
124.200000,0.018038,-0.000027,0.000004
124.300000,0.018054,-0.000027,0.000004
124.400000,0.018070,-0.000027,0.000004
124.500000,0.018087,-0.000027,0.000004
124.600000,0.018103,-0.000027,0.000004
124.700000,0.018120,-0.000027,0.000004
124.800000,0.018136,-0.000027,0.000004
124.900000,0.018152,-0.000027,0.000004
125.000000,0.018168,-0.000027,0.000004
125.100000,0.018185,-0.000027,0.000004
125.200000,0.018201,-0.000027,0.000004
125.300000,0.018217,-0.000027,0.000004
125.400000,0.018233,-0.000027,0.000004
125.500000,0.018250,-0.000027,0.000004
125.600000,0.018266,-0.000028,0.000004
125.700000,0.018283,-0.000028,0.000004
125.800000,0.018299,-0.000028,0.000004
125.900000,0.018316,-0.000028,0.000004
126.000000,0.018332,-0.000028,0.000004
126.100000,0.018349,-0.000028,0.000004
126.200000,0.018365,-0.000028,0.000004
126.300000,0.018382,-0.000028,0.000004
126.400000,0.018398,-0.000028,0.000004
126.500000,0.018414,-0.000028,0.000004
126.600000,0.018431,-0.000028,0.000004
126.700000,0.018447,-0.000028,0.000004
126.800000,0.018463,-0.000028,0.000004
126.900000,0.018480,-0.000028,0.000004
127.000000,0.018496,-0.000028,0.000004
127.100000,0.018512,-0.000028,0.000004
127.200000,0.018529,-0.000028,0.000004
127.300000,0.018545,-0.000028,0.000004
127.400000,0.018561,-0.000028,0.000004
127.500000,0.018578,-0.000028,0.000004
127.600000,0.018594,-0.000028,0.000004
127.700000,0.018611,-0.000028,0.000004
127.800000,0.018627,-0.000028,0.000004
127.900000,0.018643,-0.000028,0.000004
128.000000,0.018660,-0.000028,0.000004
128.100000,0.018676,-0.000028,0.000004
128.200000,0.018693,-0.000028,0.000004
128.300000,0.018709,-0.000028,0.000004
128.400000,0.018726,-0.000028,0.000004
128.500000,0.018742,-0.000028,0.000004
128.600000,0.018759,-0.000028,0.000004
128.700000,0.018775,-0.000028,0.000004
128.800000,0.018792,-0.000028,0.000004
128.900000,0.018808,-0.000028,0.000004
129.000000,0.018825,-0.000028,0.000004
129.100000,0.018841,-0.000028,0.000004
129.200000,0.018857,-0.000028,0.000004
129.300000,0.018874,-0.000028,0.000004
129.400000,0.018891,-0.000028,0.000004
129.500000,0.018907,-0.000028,0.000004
129.600000,0.018923,-0.000028,0.000004
129.700000,0.018940,-0.000028,0.000004
129.800000,0.018956,-0.000028,0.000004
129.900000,0.018973,-0.000028,0.000004
130.000000,0.018989,-0.000028,0.000004
130.100000,0.019005,-0.000028,0.000004
130.200000,0.019022,-0.000028,0.000004
130.300000,0.019038,-0.000028,0.000004
130.400000,0.019055,-0.000028,0.000004
130.500000,0.019072,-0.000028,0.000004
130.600000,0.019089,-0.000028,0.000004
130.700000,0.019105,-0.000028,0.000004
130.800000,0.019121,-0.000028,0.000004
130.900000,0.019138,-0.000028,0.000004
131.000000,0.019155,-0.000028,0.000004
131.100000,0.019171,-0.000028,0.000004
131.200000,0.019187,-0.000028,0.000004
131.300000,0.019204,-0.000028,0.000004
131.400000,0.019221,-0.000028,0.000004
131.500000,0.019237,-0.000028,0.000004
131.600000,0.019254,-0.000028,0.000004
131.700000,0.019271,-0.000028,0.000004
131.800000,0.019287,-0.000028,0.000004
131.900000,0.019304,-0.000029,0.000004
132.000000,0.019320,-0.000029,0.000004
132.100000,0.019337,-0.000029,0.000004
132.200000,0.019354,-0.000029,0.000004
132.300000,0.019370,-0.000029,0.000004
132.400000,0.019386,-0.000029,0.000004
132.500000,0.019403,-0.000029,0.000004
132.600000,0.019419,-0.000029,0.000004
132.700000,0.019436,-0.000029,0.000004
132.800000,0.019453,-0.000029,0.000004
132.900000,0.019469,-0.000029,0.000004
133.000000,0.019486,-0.000029,0.000004
133.100000,0.019503,-0.000029,0.000004
133.200000,0.019519,-0.000029,0.000004
133.300000,0.019536,-0.000029,0.000004
133.400000,0.019552,-0.000029,0.000004
133.500000,0.019569,-0.000029,0.000004
133.600000,0.019585,-0.000029,0.000004
133.700000,0.019602,-0.000029,0.000004
133.800000,0.019619,-0.000029,0.000004
133.900000,0.019635,-0.000029,0.000004
134.000000,0.019652,-0.000029,0.000004
134.100000,0.019669,-0.000029,0.000004
134.200000,0.019686,-0.000029,0.000004
134.300000,0.019702,-0.000029,0.000004
134.400000,0.019719,-0.000029,0.000004
134.500000,0.019735,-0.000029,0.000004
134.600000,0.019752,-0.000029,0.000004
134.700000,0.019769,-0.000029,0.000004
134.800000,0.019785,-0.000029,0.000004
134.900000,0.019802,-0.000029,0.000004
135.000000,0.019819,-0.000029,0.000004
135.100000,0.019835,-0.000029,0.000004
135.200000,0.019852,-0.000029,0.000004
135.300000,0.019869,-0.000029,0.000004
135.400000,0.019885,-0.000029,0.000004
135.500000,0.019902,-0.000029,0.000004
135.600000,0.019918,-0.000029,0.000004
135.700000,0.019935,-0.000029,0.000004
135.800000,0.019952,-0.000029,0.000004
135.900000,0.019969,-0.000029,0.000004
136.000000,0.019985,-0.000029,0.000004
136.100000,0.020002,-0.000029,0.000004
136.200000,0.020018,-0.000029,0.000004
136.300000,0.020035,-0.000029,0.000004
136.400000,0.020052,-0.000029,0.000004
136.500000,0.020068,-0.000029,0.000004
136.600000,0.020085,-0.000029,0.000004
136.700000,0.020102,-0.000029,0.000004
136.800000,0.020118,-0.000029,0.000004
136.900000,0.020135,-0.000029,0.000004
137.000000,0.020152,-0.000029,0.000004
137.100000,0.020169,-0.000029,0.000004
137.200000,0.020185,-0.000029,0.000004
137.300000,0.020202,-0.000029,0.000004
137.400000,0.020219,-0.000029,0.000004
137.500000,0.020236,-0.000029,0.000004
137.600000,0.020252,-0.000029,0.000004
137.700000,0.020270,-0.000029,0.000004
137.800000,0.020287,-0.000029,0.000004
137.900000,0.020303,-0.000029,0.000004
138.000000,0.020320,-0.000029,0.000004
138.100000,0.020336,-0.000029,0.000004
138.200000,0.020353,-0.000030,0.000004
138.300000,0.020370,-0.000030,0.000004
138.400000,0.020386,-0.000030,0.000004
138.500000,0.020404,-0.000030,0.000004
138.600000,0.020421,-0.000030,0.000004
138.700000,0.020437,-0.000030,0.000004
138.800000,0.020454,-0.000030,0.000004
138.900000,0.020470,-0.000030,0.000004
139.000000,0.020488,-0.000030,0.000004
139.100000,0.020504,-0.000030,0.000004
139.200000,0.020521,-0.000030,0.000004
139.320000,0.020541,-0.000030,0.000004
139.420000,0.020558,-0.000030,0.000004
139.520000,0.020575,-0.000030,0.000004
139.620000,0.020592,-0.000030,0.000004
139.720000,0.020609,-0.000030,0.000004
139.820000,0.020625,-0.000030,0.000004
139.920000,0.020642,-0.000030,0.000004
140.020000,0.020659,-0.000030,0.000004
140.120000,0.020675,-0.000030,0.000004
140.220000,0.020693,-0.000030,0.000004
140.320000,0.020710,-0.000030,0.000004
140.420000,0.020727,-0.000030,0.000004
140.520000,0.020744,-0.000030,0.000004
140.620000,0.020760,-0.000030,0.000004
140.720000,0.020777,-0.000030,0.000004
140.820000,0.020794,-0.000030,0.000004
140.920000,0.020811,-0.000030,0.000004
141.020000,0.020828,-0.000030,0.000004
141.120000,0.020845,-0.000030,0.000004
141.220000,0.020861,-0.000030,0.000004
141.320000,0.020878,-0.000030,0.000004
141.420000,0.020895,-0.000030,0.000004
141.520000,0.020911,-0.000030,0.000004
141.620000,0.020929,-0.000030,0.000004
141.720000,0.020945,-0.000030,0.000004
141.820000,0.020962,-0.000030,0.000004
141.920000,0.020979,-0.000030,0.000004
142.020000,0.020996,-0.000030,0.000004
142.120000,0.021013,-0.000030,0.000004
142.220000,0.021030,-0.000030,0.000004
142.320000,0.021047,-0.000030,0.000004
142.420000,0.021064,-0.000030,0.000004
142.520000,0.021081,-0.000030,0.000004
142.620000,0.021098,-0.000030,0.000004
142.720000,0.021115,-0.000030,0.000004
142.820000,0.021131,-0.000030,0.000004
142.920000,0.021148,-0.000030,0.000004
143.020000,0.021165,-0.000030,0.000004
143.120000,0.021182,-0.000030,0.000004
143.220000,0.021199,-0.000030,0.000004
143.320000,0.021216,-0.000030,0.000004
143.420000,0.021233,-0.000030,0.000004
143.520000,0.021249,-0.000030,0.000004
143.620000,0.021266,-0.000030,0.000004
143.720000,0.021283,-0.000030,0.000004
143.820000,0.021300,-0.000030,0.000004
143.920000,0.021317,-0.000030,0.000004
144.020000,0.021334,-0.000030,0.000004
144.120000,0.021352,-0.000030,0.000004
144.220000,0.021369,-0.000030,0.000004
144.320000,0.021386,-0.000030,0.000004
144.420000,0.021403,-0.000030,0.000004
144.520000,0.021419,-0.000031,0.000004
144.620000,0.021436,-0.000031,0.000004
144.720000,0.021453,-0.000031,0.000004
144.820000,0.021470,-0.000031,0.000004
144.920000,0.021487,-0.000031,0.000004
145.020000,0.021504,-0.000031,0.000004
145.120000,0.021521,-0.000031,0.000004
145.220000,0.021538,-0.000031,0.000004
145.320000,0.021555,-0.000031,0.000004
145.420000,0.021572,-0.000031,0.000004
145.520000,0.021589,-0.000031,0.000004
145.620000,0.021606,-0.000031,0.000004
145.720000,0.021623,-0.000031,0.000004
145.820000,0.021640,-0.000031,0.000004
145.920000,0.021657,-0.000031,0.000004
146.020000,0.021674,-0.000031,0.000004
146.120000,0.021691,-0.000031,0.000004
146.220000,0.021708,-0.000031,0.000004
146.320000,0.021725,-0.000031,0.000004
146.420000,0.021742,-0.000031,0.000004
146.520000,0.021759,-0.000031,0.000004
146.620000,0.021776,-0.000031,0.000004
146.720000,0.021793,-0.000031,0.000004
146.820000,0.021810,-0.000031,0.000004
146.920000,0.021827,-0.000031,0.000004
147.020000,0.021844,-0.000031,0.000004
147.120000,0.021861,-0.000031,0.000004
147.220000,0.021878,-0.000031,0.000004
147.320000,0.021895,-0.000031,0.000004
147.420000,0.021913,-0.000031,0.000004
147.520000,0.021930,-0.000031,0.000004
147.620000,0.021947,-0.000031,0.000004
147.720000,0.021964,-0.000031,0.000004
147.820000,0.021981,-0.000031,0.000004
147.920000,0.021998,-0.000031,0.000004
148.020000,0.022015,-0.000031,0.000004
148.120000,0.022032,-0.000031,0.000004
148.220000,0.022049,-0.000031,0.000004
148.320000,0.022067,-0.000031,0.000004
148.420000,0.022084,-0.000031,0.000004
148.520000,0.022101,-0.000031,0.000004
148.620000,0.022118,-0.000031,0.000004
148.720000,0.022135,-0.000031,0.000004
148.820000,0.022152,-0.000031,0.000004
148.920000,0.022169,-0.000031,0.000004
149.020000,0.022186,-0.000031,0.000004
149.120000,0.022204,-0.000031,0.000004
149.220000,0.022221,-0.000031,0.000004
149.320000,0.022238,-0.000031,0.000004
149.420000,0.022255,-0.000031,0.000004
149.520000,0.022272,-0.000031,0.000004
149.620000,0.022289,-0.000031,0.000004
149.720000,0.022306,-0.000031,0.000004
149.820000,0.022323,-0.000031,0.000004
149.920000,0.022341,-0.000031,0.000004
150.020000,0.022358,-0.000031,0.000004
150.120000,0.022375,-0.000031,0.000004
150.220000,0.022392,-0.000031,0.000004
150.340000,0.022412,-0.000031,0.000004
150.440000,0.022429,-0.000031,0.000004
150.540000,0.022446,-0.000031,0.000004
150.640000,0.022463,-0.000031,0.000004
150.740000,0.022480,-0.000032,0.000004
150.840000,0.022498,-0.000032,0.000004
150.940000,0.022515,-0.000032,0.000004
151.040000,0.022532,-0.000032,0.000004
151.140000,0.022549,-0.000032,0.000004
151.240000,0.022566,-0.000032,0.000004
151.340000,0.022583,-0.000032,0.000004
151.440000,0.022601,-0.000032,0.000004
151.540000,0.022618,-0.000032,0.000004
151.640000,0.022636,-0.000032,0.000004
151.740000,0.022653,-0.000032,0.000004
151.840000,0.022670,-0.000032,0.000004
151.940000,0.022688,-0.000032,0.000004
152.040000,0.022705,-0.000032,0.000004
152.140000,0.022722,-0.000032,0.000004
152.240000,0.022739,-0.000032,0.000004
152.340000,0.022757,-0.000032,0.000004
152.440000,0.022774,-0.000032,0.000004
152.540000,0.022791,-0.000032,0.000004
152.640000,0.022808,-0.000032,0.000004
152.740000,0.022825,-0.000032,0.000004
152.840000,0.022842,-0.000032,0.000004
152.940000,0.022859,-0.000032,0.000004
153.040000,0.022876,-0.000032,0.000004
153.140000,0.022893,-0.000032,0.000004
153.240000,0.022911,-0.000032,0.000004
153.340000,0.022928,-0.000032,0.000004
153.440000,0.022946,-0.000032,0.000004
153.540000,0.022964,-0.000032,0.000004
153.640000,0.022980,-0.000032,0.000004
153.760000,0.023001,-0.000032,0.000004
153.860000,0.023019,-0.000032,0.000004
153.960000,0.023036,-0.000032,0.000004
154.060000,0.023053,-0.000032,0.000004
154.160000,0.023070,-0.000032,0.000004
154.260000,0.023087,-0.000032,0.000004
154.360000,0.023105,-0.000032,0.000004
154.460000,0.023122,-0.000032,0.000004
154.560000,0.023139,-0.000032,0.000004
154.660000,0.023157,-0.000032,0.000004
154.760000,0.023174,-0.000032,0.000004
154.860000,0.023191,-0.000032,0.000004
154.960000,0.023208,-0.000032,0.000004
155.060000,0.023226,-0.000032,0.000004
155.160000,0.023243,-0.000032,0.000004
155.260000,0.023260,-0.000032,0.000004
155.360000,0.023278,-0.000032,0.000004
155.460000,0.023296,-0.000032,0.000004
155.560000,0.023313,-0.000032,0.000004
155.660000,0.023330,-0.000032,0.000004
155.760000,0.023347,-0.000032,0.000004
155.860000,0.023364,-0.000032,0.000004
155.960000,0.023382,-0.000032,0.000004
156.060000,0.023399,-0.000032,0.000004
156.160000,0.023417,-0.000032,0.000004
156.260000,0.023434,-0.000032,0.000004
156.360000,0.023451,-0.000032,0.000004
156.460000,0.023469,-0.000032,0.000004
156.560000,0.023486,-0.000032,0.000004
156.660000,0.023503,-0.000032,0.000004
156.760000,0.023521,-0.000032,0.000004
156.860000,0.023538,-0.000032,0.000004
156.960000,0.023555,-0.000032,0.000004
157.060000,0.023573,-0.000033,0.000004
157.160000,0.023590,-0.000033,0.000004
157.260000,0.023607,-0.000033,0.000004
157.360000,0.023625,-0.000033,0.000004
157.460000,0.023642,-0.000033,0.000004
157.560000,0.023659,-0.000033,0.000004
157.660000,0.023677,-0.000033,0.000004
157.760000,0.023695,-0.000033,0.000004
157.860000,0.023712,-0.000033,0.000004
157.980000,0.023733,-0.000033,0.000004
158.080000,0.023750,-0.000033,0.000004
158.180000,0.023768,-0.000033,0.000004
158.280000,0.023785,-0.000033,0.000004
158.380000,0.023803,-0.000033,0.000004
158.480000,0.023820,-0.000033,0.000004
158.580000,0.023837,-0.000033,0.000004
158.680000,0.023855,-0.000033,0.000004
158.780000,0.023872,-0.000033,0.000004
158.880000,0.023890,-0.000033,0.000004
158.980000,0.023907,-0.000033,0.000004
159.080000,0.023925,-0.000033,0.000004
159.180000,0.023942,-0.000033,0.000004
159.280000,0.023959,-0.000033,0.000004
159.380000,0.023977,-0.000033,0.000004
159.480000,0.023995,-0.000033,0.000004
159.580000,0.024012,-0.000033,0.000004
159.680000,0.024030,-0.000033,0.000004
159.780000,0.024047,-0.000033,0.000004
159.880000,0.024064,-0.000033,0.000004
159.980000,0.024082,-0.000033,0.000004
160.080000,0.024099,-0.000033,0.000004
160.180000,0.024117,-0.000033,0.000004
160.280000,0.024134,-0.000033,0.000004
160.380000,0.024151,-0.000033,0.000004
160.480000,0.024169,-0.000033,0.000004
160.580000,0.024187,-0.000033,0.000004
160.680000,0.024205,-0.000033,0.000004
160.780000,0.024222,-0.000033,0.000004
160.880000,0.024240,-0.000033,0.000004
160.980000,0.024257,-0.000033,0.000004
161.080000,0.024275,-0.000033,0.000004
161.180000,0.024292,-0.000033,0.000004
161.280000,0.024309,-0.000033,0.000004
161.380000,0.024327,-0.000033,0.000004
161.480000,0.024344,-0.000033,0.000004
161.580000,0.024362,-0.000033,0.000004
161.680000,0.024379,-0.000033,0.000004
161.780000,0.024397,-0.000033,0.000004
161.880000,0.024414,-0.000033,0.000004
161.980000,0.024432,-0.000033,0.000004
162.080000,0.024449,-0.000033,0.000004
162.180000,0.024467,-0.000033,0.000004
162.280000,0.024485,-0.000033,0.000004
162.380000,0.024503,-0.000033,0.000004
162.480000,0.024520,-0.000033,0.000004
162.580000,0.024537,-0.000033,0.000004
162.680000,0.024555,-0.000033,0.000004
162.780000,0.024572,-0.000033,0.000004
162.880000,0.024590,-0.000033,0.000004
162.980000,0.024608,-0.000033,0.000004
163.080000,0.024625,-0.000033,0.000004
163.180000,0.024643,-0.000033,0.000004
163.280000,0.024661,-0.000034,0.000004
163.380000,0.024678,-0.000034,0.000004
163.480000,0.024696,-0.000034,0.000004
163.580000,0.024713,-0.000034,0.000004
163.680000,0.024731,-0.000034,0.000004
163.780000,0.024748,-0.000034,0.000004
163.880000,0.024766,-0.000034,0.000004
163.980000,0.024783,-0.000034,0.000004
164.080000,0.024801,-0.000034,0.000004
164.180000,0.024819,-0.000034,0.000004
164.280000,0.024837,-0.000034,0.000004
164.380000,0.024855,-0.000034,0.000004
164.480000,0.024872,-0.000034,0.000004
164.580000,0.024890,-0.000034,0.000004
164.680000,0.024908,-0.000034,0.000004
164.780000,0.024925,-0.000034,0.000004
164.880000,0.024943,-0.000034,0.000004
164.980000,0.024961,-0.000034,0.000004
165.080000,0.024978,-0.000034,0.000004
165.180000,0.024995,-0.000034,0.000004
165.280000,0.025013,-0.000034,0.000004
165.380000,0.025031,-0.000034,0.000004
165.480000,0.025048,-0.000034,0.000004
165.580000,0.025066,-0.000034,0.000004
165.680000,0.025084,-0.000034,0.000003
165.780000,0.025101,-0.000034,0.000004
165.880000,0.025119,-0.000034,0.000004
165.980000,0.025137,-0.000034,0.000004
166.080000,0.025155,-0.000034,0.000004
166.180000,0.025172,-0.000034,0.000004
166.280000,0.025190,-0.000034,0.000004
166.380000,0.025207,-0.000034,0.000004
166.480000,0.025226,-0.000034,0.000004
166.580000,0.025244,-0.000034,0.000004
166.680000,0.025261,-0.000034,0.000003
166.780000,0.025279,-0.000034,0.000004
166.880000,0.025296,-0.000034,0.000004
166.980000,0.025314,-0.000034,0.000004
167.080000,0.025332,-0.000034,0.000004
167.180000,0.025349,-0.000034,0.000004
167.280000,0.025367,-0.000034,0.000004
167.380000,0.025384,-0.000034,0.000004
167.480000,0.025403,-0.000034,0.000004
167.580000,0.025421,-0.000034,0.000004
167.680000,0.025438,-0.000034,0.000004
167.780000,0.025456,-0.000034,0.000004
167.880000,0.025473,-0.000034,0.000004
167.980000,0.025491,-0.000034,0.000004
168.080000,0.025509,-0.000034,0.000003
168.180000,0.025527,-0.000034,0.000003
168.280000,0.025545,-0.000034,0.000003
168.380000,0.025562,-0.000034,0.000003
168.480000,0.025580,-0.000034,0.000003
168.580000,0.025598,-0.000034,0.000003
168.680000,0.025616,-0.000034,0.000003
168.780000,0.025633,-0.000034,0.000003
168.880000,0.025651,-0.000034,0.000003
168.980000,0.025669,-0.000034,0.000003
169.080000,0.025686,-0.000034,0.000003
169.180000,0.025705,-0.000034,0.000003
169.280000,0.025722,-0.000034,0.000003
169.380000,0.025740,-0.000034,0.000003
169.480000,0.025758,-0.000034,0.000003
169.580000,0.025776,-0.000035,0.000003
169.680000,0.025793,-0.000035,0.000003
169.780000,0.025812,-0.000035,0.000003
169.880000,0.025830,-0.000035,0.000003
169.980000,0.025848,-0.000035,0.000003
170.080000,0.025866,-0.000035,0.000003
170.180000,0.025883,-0.000035,0.000003
170.280000,0.025901,-0.000035,0.000003
170.380000,0.025918,-0.000035,0.000003
170.480000,0.025936,-0.000035,0.000003
170.580000,0.025954,-0.000035,0.000003
170.680000,0.025972,-0.000035,0.000003
170.780000,0.025990,-0.000035,0.000003
170.880000,0.026008,-0.000035,0.000003
170.980000,0.026026,-0.000035,0.000003
171.080000,0.026044,-0.000035,0.000003
171.180000,0.026061,-0.000035,0.000003
171.280000,0.026079,-0.000035,0.000003
171.380000,0.026097,-0.000035,0.000003
171.480000,0.026115,-0.000035,0.000003
171.580000,0.026133,-0.000035,0.000003
171.680000,0.026151,-0.000035,0.000003
171.780000,0.026169,-0.000035,0.000003
171.880000,0.026187,-0.000035,0.000003
171.980000,0.026205,-0.000035,0.000003
172.080000,0.026222,-0.000035,0.000003
172.180000,0.026240,-0.000035,0.000003
172.280000,0.026258,-0.000035,0.000003
172.380000,0.026276,-0.000035,0.000003
172.480000,0.026294,-0.000035,0.000003
172.580000,0.026311,-0.000035,0.000003
172.680000,0.026329,-0.000035,0.000003
172.780000,0.026347,-0.000035,0.000003
172.880000,0.026365,-0.000035,0.000003
172.980000,0.026383,-0.000035,0.000003
173.080000,0.026401,-0.000035,0.000003
173.180000,0.026419,-0.000035,0.000003
173.280000,0.026437,-0.000035,0.000003
173.380000,0.026455,-0.000035,0.000003
173.480000,0.026473,-0.000035,0.000003
173.580000,0.026491,-0.000035,0.000003
173.680000,0.026509,-0.000035,0.000003
173.780000,0.026527,-0.000035,0.000003
173.880000,0.026545,-0.000035,0.000003
173.980000,0.026563,-0.000035,0.000003
174.080000,0.026581,-0.000035,0.000003
174.180000,0.026599,-0.000035,0.000003
174.280000,0.026617,-0.000035,0.000003
174.380000,0.026635,-0.000035,0.000003
174.480000,0.026653,-0.000035,0.000003
174.580000,0.026670,-0.000035,0.000003
174.680000,0.026688,-0.000035,0.000003
174.780000,0.026707,-0.000035,0.000003
174.880000,0.026725,-0.000035,0.000003
174.980000,0.026743,-0.000035,0.000003
175.080000,0.026761,-0.000035,0.000003
175.180000,0.026779,-0.000035,0.000003
175.280000,0.026797,-0.000035,0.000003
175.380000,0.026815,-0.000035,0.000003
175.480000,0.026833,-0.000035,0.000003
175.580000,0.026850,-0.000035,0.000003
175.680000,0.026868,-0.000035,0.000003
175.780000,0.026887,-0.000035,0.000003
175.880000,0.026905,-0.000036,0.000003
175.980000,0.026922,-0.000036,0.000003
176.080000,0.026941,-0.000036,0.000003
176.180000,0.026959,-0.000036,0.000003
176.280000,0.026977,-0.000036,0.000003
176.380000,0.026996,-0.000036,0.000003
176.480000,0.027013,-0.000036,0.000003
176.580000,0.027031,-0.000036,0.000003
176.680000,0.027049,-0.000036,0.000003
176.780000,0.027067,-0.000036,0.000003
176.880000,0.027085,-0.000036,0.000003
176.980000,0.027103,-0.000036,0.000003
177.080000,0.027121,-0.000036,0.000003
177.180000,0.027140,-0.000036,0.000003
177.280000,0.027157,-0.000036,0.000003
177.380000,0.027176,-0.000036,0.000003
177.480000,0.027194,-0.000036,0.000003
177.580000,0.027212,-0.000036,0.000003
177.680000,0.027229,-0.000036,0.000003
177.780000,0.027247,-0.000036,0.000003
177.880000,0.027266,-0.000036,0.000003
177.980000,0.027284,-0.000036,0.000003
178.080000,0.027302,-0.000036,0.000003
178.180000,0.027320,-0.000036,0.000003
178.280000,0.027338,-0.000036,0.000003
178.380000,0.027356,-0.000036,0.000003
178.480000,0.027375,-0.000036,0.000003
178.580000,0.027393,-0.000036,0.000003
178.680000,0.027411,-0.000036,0.000003
178.780000,0.027429,-0.000036,0.000003
178.880000,0.027447,-0.000036,0.000003
178.980000,0.027465,-0.000036,0.000003
179.080000,0.027484,-0.000036,0.000003
179.180000,0.027502,-0.000036,0.000003
179.280000,0.027520,-0.000036,0.000003
179.380000,0.027538,-0.000036,0.000003
179.480000,0.027556,-0.000036,0.000003
179.580000,0.027575,-0.000036,0.000003
179.680000,0.027592,-0.000036,0.000003
179.780000,0.027610,-0.000036,0.000003
179.880000,0.027628,-0.000036,0.000003
179.980000,0.027646,-0.000036,0.000003
180.080000,0.027665,-0.000036,0.000003
180.180000,0.027683,-0.000036,0.000003
180.280000,0.027701,-0.000036,0.000003
180.380000,0.027719,-0.000036,0.000003
180.480000,0.027737,-0.000036,0.000003
180.580000,0.027755,-0.000036,0.000003
180.680000,0.027774,-0.000036,0.000003
180.780000,0.027792,-0.000036,0.000003
180.880000,0.027811,-0.000036,0.000003
180.980000,0.027829,-0.000036,0.000003
181.080000,0.027847,-0.000036,0.000003
181.180000,0.027865,-0.000036,0.000003
181.280000,0.027883,-0.000036,0.000003
181.380000,0.027901,-0.000036,0.000003
181.480000,0.027919,-0.000036,0.000003
181.580000,0.027937,-0.000036,0.000003
181.680000,0.027956,-0.000036,0.000003
181.780000,0.027974,-0.000036,0.000003
181.880000,0.027992,-0.000036,0.000003
181.980000,0.028010,-0.000036,0.000003
182.080000,0.028029,-0.000036,0.000003
182.180000,0.028047,-0.000036,0.000003
182.280000,0.028066,-0.000037,0.000003
182.380000,0.028084,-0.000037,0.000003
182.480000,0.028102,-0.000037,0.000003
182.580000,0.028120,-0.000037,0.000003
182.680000,0.028138,-0.000037,0.000003
182.780000,0.028156,-0.000037,0.000003
182.880000,0.028175,-0.000037,0.000003
182.980000,0.028193,-0.000037,0.000003
183.080000,0.028211,-0.000037,0.000003
183.180000,0.028230,-0.000037,0.000003
183.280000,0.028248,-0.000037,0.000003
183.380000,0.028267,-0.000037,0.000003
183.480000,0.028285,-0.000037,0.000003
183.580000,0.028303,-0.000037,0.000003
183.680000,0.028321,-0.000037,0.000003
183.780000,0.028340,-0.000037,0.000003
183.880000,0.028358,-0.000037,0.000003
183.980000,0.028377,-0.000037,0.000003
184.080000,0.028395,-0.000037,0.000003
184.180000,0.028413,-0.000037,0.000003
184.280000,0.028431,-0.000037,0.000003
184.380000,0.028450,-0.000037,0.000003
184.480000,0.028468,-0.000037,0.000003
184.580000,0.028486,-0.000037,0.000003
184.680000,0.028504,-0.000037,0.000003
184.780000,0.028523,-0.000037,0.000003
184.880000,0.028541,-0.000037,0.000003
184.980000,0.028559,-0.000037,0.000003
185.080000,0.028578,-0.000037,0.000003
185.180000,0.028597,-0.000037,0.000003
185.280000,0.028615,-0.000037,0.000003
185.380000,0.028633,-0.000037,0.000003
185.480000,0.028651,-0.000037,0.000003
185.580000,0.028670,-0.000037,0.000003
185.680000,0.028688,-0.000037,0.000003
185.780000,0.028706,-0.000037,0.000003
185.880000,0.028724,-0.000037,0.000003
185.980000,0.028743,-0.000037,0.000003
186.080000,0.028761,-0.000037,0.000003
186.180000,0.028780,-0.000037,0.000003
186.280000,0.028798,-0.000037,0.000003
186.380000,0.028816,-0.000037,0.000003
186.480000,0.028835,-0.000037,0.000003
186.580000,0.028854,-0.000037,0.000003
186.680000,0.028872,-0.000037,0.000003
186.780000,0.028890,-0.000037,0.000003
186.880000,0.028908,-0.000037,0.000003
186.980000,0.028927,-0.000037,0.000003
187.080000,0.028946,-0.000037,0.000003
187.180000,0.028964,-0.000037,0.000003
187.280000,0.028983,-0.000037,0.000003
187.380000,0.029001,-0.000037,0.000003
187.480000,0.029019,-0.000037,0.000003
187.580000,0.029038,-0.000037,0.000003
187.680000,0.029056,-0.000037,0.000003
187.780000,0.029075,-0.000037,0.000003
187.880000,0.029093,-0.000037,0.000003
187.980000,0.029112,-0.000037,0.000003
188.080000,0.029130,-0.000037,0.000003
188.180000,0.029149,-0.000037,0.000003
188.280000,0.029167,-0.000037,0.000003
188.380000,0.029186,-0.000037,0.000003
188.480000,0.029204,-0.000037,0.000003
188.580000,0.029223,-0.000038,0.000003
188.680000,0.029241,-0.000038,0.000003
188.780000,0.029260,-0.000038,0.000003
188.880000,0.029278,-0.000038,0.000003
188.980000,0.029297,-0.000038,0.000003
189.080000,0.029315,-0.000038,0.000003
189.180000,0.029333,-0.000038,0.000003
189.280000,0.029352,-0.000038,0.000003
189.380000,0.029370,-0.000038,0.000003
189.480000,0.029389,-0.000038,0.000003
189.580000,0.029407,-0.000038,0.000003
189.680000,0.029426,-0.000038,0.000003
189.780000,0.029444,-0.000038,0.000003
189.880000,0.029463,-0.000038,0.000003
189.980000,0.029481,-0.000038,0.000003
190.080000,0.029500,-0.000038,0.000003
190.180000,0.029518,-0.000038,0.000003
190.280000,0.029537,-0.000038,0.000003
190.380000,0.029555,-0.000038,0.000003
190.480000,0.029574,-0.000038,0.000003
190.580000,0.029592,-0.000038,0.000003
190.680000,0.029611,-0.000038,0.000003
190.780000,0.029630,-0.000038,0.000003
190.880000,0.029648,-0.000038,0.000003
190.980000,0.029667,-0.000038,0.000003
191.080000,0.029685,-0.000038,0.000003
191.180000,0.029704,-0.000038,0.000003
191.280000,0.029723,-0.000038,0.000003
191.380000,0.029741,-0.000038,0.000003
191.480000,0.029759,-0.000038,0.000003
191.580000,0.029778,-0.000038,0.000003
191.680000,0.029796,-0.000038,0.000003
191.780000,0.029815,-0.000038,0.000003
191.880000,0.029834,-0.000038,0.000003
191.980000,0.029853,-0.000038,0.000003
192.080000,0.029871,-0.000038,0.000003
192.180000,0.029890,-0.000038,0.000003
192.280000,0.029909,-0.000038,0.000003
192.380000,0.029928,-0.000038,0.000003
192.480000,0.029946,-0.000038,0.000003
192.580000,0.029965,-0.000038,0.000003
192.680000,0.029983,-0.000038,0.000003
192.780000,0.030002,-0.000038,0.000003
192.880000,0.030020,-0.000038,0.000003
192.980000,0.030039,-0.000038,0.000003
193.080000,0.030057,-0.000038,0.000003
193.180000,0.030076,-0.000038,0.000003
193.280000,0.030094,-0.000038,0.000003
193.380000,0.030113,-0.000038,0.000003
193.480000,0.030132,-0.000038,0.000003
193.580000,0.030150,-0.000038,0.000003
193.680000,0.030169,-0.000038,0.000003
193.780000,0.030188,-0.000038,0.000003
193.880000,0.030206,-0.000038,0.000003
193.980000,0.030225,-0.000038,0.000003
194.080000,0.030244,-0.000038,0.000003
194.180000,0.030263,-0.000038,0.000003
194.280000,0.030281,-0.000038,0.000003
194.380000,0.030300,-0.000038,0.000003
194.480000,0.030319,-0.000038,0.000003
194.580000,0.030337,-0.000038,0.000003
194.680000,0.030356,-0.000038,0.000003
194.780000,0.030375,-0.000038,0.000003
194.880000,0.030393,-0.000039,0.000003
194.980000,0.030412,-0.000039,0.000003
195.080000,0.030431,-0.000039,0.000003
195.180000,0.030450,-0.000039,0.000003
195.280000,0.030468,-0.000039,0.000003
195.380000,0.030487,-0.000039,0.000003
195.480000,0.030506,-0.000039,0.000003
195.580000,0.030524,-0.000039,0.000003
195.680000,0.030543,-0.000039,0.000003
195.780000,0.030562,-0.000039,0.000003
195.880000,0.030580,-0.000039,0.000003
195.980000,0.030599,-0.000039,0.000003
196.080000,0.030618,-0.000039,0.000003
196.180000,0.030637,-0.000039,0.000003
196.280000,0.030656,-0.000039,0.000003
196.380000,0.030674,-0.000039,0.000003
196.480000,0.030693,-0.000039,0.000003
196.580000,0.030712,-0.000039,0.000003
196.680000,0.030730,-0.000039,0.000003
196.780000,0.030749,-0.000039,0.000003
196.880000,0.030768,-0.000039,0.000003
196.980000,0.030787,-0.000039,0.000003
197.080000,0.030805,-0.000039,0.000003
197.200000,0.030828,-0.000039,0.000003
197.300000,0.030847,-0.000039,0.000003
197.400000,0.030865,-0.000039,0.000003
197.500000,0.030884,-0.000039,0.000003
197.600000,0.030903,-0.000039,0.000003
197.700000,0.030922,-0.000039,0.000003
197.800000,0.030941,-0.000039,0.000003
197.900000,0.030959,-0.000039,0.000003
198.000000,0.030978,-0.000039,0.000003
198.100000,0.030997,-0.000039,0.000003
198.200000,0.031016,-0.000039,0.000003
198.300000,0.031035,-0.000039,0.000003
198.400000,0.031054,-0.000039,0.000003
198.500000,0.031072,-0.000039,0.000003
198.600000,0.031091,-0.000039,0.000003
198.700000,0.031111,-0.000039,0.000003
198.800000,0.031129,-0.000039,0.000003
198.900000,0.031148,-0.000039,0.000003
199.000000,0.031167,-0.000039,0.000003
199.100000,0.031186,-0.000039,0.000003
199.200000,0.031205,-0.000039,0.000003
199.300000,0.031224,-0.000039,0.000003
199.400000,0.031242,-0.000039,0.000003
199.500000,0.031261,-0.000039,0.000003
199.600000,0.031280,-0.000039,0.000003
199.700000,0.031299,-0.000039,0.000003
199.800000,0.031318,-0.000039,0.000003
199.900000,0.031337,-0.000039,0.000003
200.000000,0.031355,-0.000039,0.000003
200.100000,0.031375,-0.000039,0.000003
200.200000,0.031394,-0.000039,0.000003
200.300000,0.031413,-0.000039,0.000003
200.400000,0.031432,-0.000039,0.000003
200.500000,0.031450,-0.000039,0.000003
200.600000,0.031469,-0.000039,0.000003
200.700000,0.031488,-0.000039,0.000003
200.800000,0.031507,-0.000039,0.000003
200.900000,0.031526,-0.000039,0.000003
201.000000,0.031545,-0.000039,0.000003
201.100000,0.031564,-0.000039,0.000003
201.200000,0.031583,-0.000040,0.000003
201.300000,0.031602,-0.000040,0.000003
201.400000,0.031620,-0.000040,0.000003
201.500000,0.031639,-0.000040,0.000003
201.600000,0.031658,-0.000040,0.000003
201.700000,0.031677,-0.000040,0.000003
201.800000,0.031696,-0.000040,0.000003
201.900000,0.031715,-0.000040,0.000003
202.000000,0.031734,-0.000040,0.000003
202.100000,0.031753,-0.000040,0.000003
202.200000,0.031772,-0.000040,0.000003
202.300000,0.031791,-0.000040,0.000003
202.400000,0.031810,-0.000040,0.000003
202.500000,0.031829,-0.000040,0.000003
202.600000,0.031848,-0.000040,0.000003
202.700000,0.031867,-0.000040,0.000003
202.800000,0.031886,-0.000040,0.000003
202.900000,0.031905,-0.000040,0.000003
203.000000,0.031924,-0.000040,0.000003
203.100000,0.031943,-0.000040,0.000003
203.220000,0.031966,-0.000040,0.000003
203.320000,0.031985,-0.000040,0.000003
203.420000,0.032004,-0.000040,0.000003
203.520000,0.032023,-0.000040,0.000003
203.620000,0.032042,-0.000040,0.000003
203.720000,0.032061,-0.000040,0.000003
203.820000,0.032080,-0.000040,0.000003
203.920000,0.032099,-0.000040,0.000003
204.020000,0.032118,-0.000040,0.000003
204.120000,0.032137,-0.000040,0.000003
204.220000,0.032156,-0.000040,0.000003
204.320000,0.032175,-0.000040,0.000003
204.420000,0.032194,-0.000040,0.000003
204.520000,0.032213,-0.000040,0.000003
204.620000,0.032232,-0.000040,0.000003
204.720000,0.032251,-0.000040,0.000003
204.820000,0.032270,-0.000040,0.000003
204.920000,0.032289,-0.000040,0.000003
205.020000,0.032308,-0.000040,0.000003
205.120000,0.032327,-0.000040,0.000003
205.220000,0.032346,-0.000040,0.000003
205.320000,0.032366,-0.000040,0.000003
205.420000,0.032385,-0.000040,0.000003
205.520000,0.032404,-0.000040,0.000003
205.620000,0.032423,-0.000040,0.000003
205.720000,0.032443,-0.000040,0.000003
205.820000,0.032462,-0.000040,0.000003
205.920000,0.032481,-0.000040,0.000003
206.020000,0.032500,-0.000040,0.000003
206.120000,0.032519,-0.000040,0.000003
206.220000,0.032538,-0.000040,0.000003
206.320000,0.032557,-0.000040,0.000003
206.420000,0.032576,-0.000040,0.000003
206.520000,0.032595,-0.000040,0.000003
206.620000,0.032615,-0.000040,0.000003
206.720000,0.032634,-0.000040,0.000002
206.820000,0.032653,-0.000040,0.000003
206.920000,0.032672,-0.000040,0.000003
207.020000,0.032691,-0.000040,0.000002
207.120000,0.032710,-0.000040,0.000002
207.220000,0.032729,-0.000040,0.000002
207.320000,0.032748,-0.000040,0.000002
207.420000,0.032767,-0.000040,0.000002
207.520000,0.032786,-0.000040,0.000002
207.620000,0.032806,-0.000041,0.000002
207.720000,0.032825,-0.000041,0.000002
207.820000,0.032845,-0.000041,0.000002
207.920000,0.032864,-0.000041,0.000003
208.020000,0.032883,-0.000041,0.000003
208.120000,0.032902,-0.000041,0.000003
208.220000,0.032921,-0.000041,0.000003
208.320000,0.032941,-0.000041,0.000003
208.420000,0.032960,-0.000041,0.000003
208.520000,0.032979,-0.000041,0.000002
208.620000,0.032998,-0.000041,0.000002
208.720000,0.033017,-0.000041,0.000002
208.820000,0.033036,-0.000041,0.000002
208.920000,0.033056,-0.000041,0.000002
209.020000,0.033075,-0.000041,0.000002
209.120000,0.033095,-0.000041,0.000002
209.220000,0.033114,-0.000041,0.000002
209.320000,0.033133,-0.000041,0.000002
209.420000,0.033152,-0.000041,0.000002
209.520000,0.033171,-0.000041,0.000002
209.620000,0.033191,-0.000041,0.000002
209.720000,0.033210,-0.000041,0.000002
209.820000,0.033229,-0.000041,0.000002
209.920000,0.033248,-0.000041,0.000002
210.020000,0.033268,-0.000041,0.000002
210.120000,0.033287,-0.000041,0.000002
210.220000,0.033306,-0.000041,0.000002
210.320000,0.033325,-0.000041,0.000002
210.420000,0.033344,-0.000041,0.000002
210.520000,0.033364,-0.000041,0.000002
210.620000,0.033383,-0.000041,0.000002
210.720000,0.033402,-0.000041,0.000002
210.820000,0.033422,-0.000041,0.000002
210.920000,0.033441,-0.000041,0.000002
211.020000,0.033460,-0.000041,0.000002
211.120000,0.033480,-0.000041,0.000002
211.220000,0.033499,-0.000041,0.000002
211.320000,0.033518,-0.000041,0.000002
211.420000,0.033537,-0.000041,0.000002
211.520000,0.033556,-0.000041,0.000002
211.620000,0.033575,-0.000041,0.000002
211.720000,0.033595,-0.000041,0.000002
211.820000,0.033614,-0.000041,0.000002
211.920000,0.033633,-0.000041,0.000002
212.020000,0.033653,-0.000041,0.000002
212.120000,0.033672,-0.000041,0.000002
212.220000,0.033691,-0.000041,0.000002
212.320000,0.033711,-0.000041,0.000002
212.420000,0.033730,-0.000041,0.000003
212.520000,0.033750,-0.000041,0.000002
212.620000,0.033769,-0.000041,0.000002
212.720000,0.033789,-0.000041,0.000002
212.820000,0.033809,-0.000041,0.000002
212.920000,0.033828,-0.000041,0.000002
213.020000,0.033847,-0.000041,0.000002
213.120000,0.033867,-0.000041,0.000002
213.220000,0.033886,-0.000041,0.000002
213.320000,0.033905,-0.000041,0.000002
213.420000,0.033925,-0.000041,0.000002
213.520000,0.033944,-0.000041,0.000002
213.620000,0.033963,-0.000041,0.000002
213.720000,0.033982,-0.000041,0.000002
213.820000,0.034002,-0.000041,0.000002
213.920000,0.034021,-0.000041,0.000002
214.020000,0.034041,-0.000042,0.000002
214.120000,0.034060,-0.000042,0.000003
214.220000,0.034080,-0.000042,0.000003
214.320000,0.034100,-0.000042,0.000003
214.420000,0.034119,-0.000042,0.000003
214.520000,0.034138,-0.000042,0.000003
214.620000,0.034157,-0.000042,0.000003
214.720000,0.034177,-0.000042,0.000003
214.820000,0.034196,-0.000042,0.000003
214.920000,0.034215,-0.000042,0.000003
215.020000,0.034235,-0.000042,0.000003
215.120000,0.034254,-0.000042,0.000003
215.220000,0.034274,-0.000042,0.000003
215.320000,0.034294,-0.000042,0.000003
215.420000,0.034313,-0.000042,0.000003
215.520000,0.034333,-0.000042,0.000002
215.620000,0.034352,-0.000042,0.000002
215.720000,0.034372,-0.000042,0.000002
215.820000,0.034391,-0.000042,0.000002
215.920000,0.034411,-0.000042,0.000002
216.020000,0.034430,-0.000042,0.000002
216.120000,0.034450,-0.000042,0.000002
216.220000,0.034469,-0.000042,0.000003
216.320000,0.034489,-0.000042,0.000002
216.420000,0.034508,-0.000042,0.000002
216.520000,0.034528,-0.000042,0.000002
216.620000,0.034547,-0.000042,0.000002
216.720000,0.034566,-0.000042,0.000002
216.820000,0.034585,-0.000042,0.000002
216.920000,0.034605,-0.000042,0.000002
217.020000,0.034624,-0.000042,0.000002
217.120000,0.034644,-0.000042,0.000002
217.220000,0.034663,-0.000042,0.000002
217.320000,0.034683,-0.000042,0.000002
217.420000,0.034702,-0.000042,0.000002
217.520000,0.034722,-0.000042,0.000002
217.620000,0.034741,-0.000042,0.000002
217.720000,0.034761,-0.000042,0.000002
217.820000,0.034780,-0.000042,0.000002
217.920000,0.034800,-0.000042,0.000002
218.040000,0.034824,-0.000042,0.000002
218.140000,0.034844,-0.000042,0.000002
218.240000,0.034863,-0.000042,0.000002
218.340000,0.034883,-0.000042,0.000002
218.440000,0.034903,-0.000042,0.000002
218.540000,0.034922,-0.000042,0.000002
218.640000,0.034941,-0.000042,0.000002
218.740000,0.034961,-0.000042,0.000002
218.840000,0.034980,-0.000042,0.000002
218.940000,0.035000,-0.000042,0.000002
219.040000,0.035020,-0.000042,0.000002
219.140000,0.035039,-0.000042,0.000002
219.240000,0.035059,-0.000042,0.000002
219.340000,0.035079,-0.000042,0.000002
219.440000,0.035099,-0.000042,0.000002
219.540000,0.035118,-0.000042,0.000002
219.640000,0.035137,-0.000042,0.000002
219.740000,0.035157,-0.000042,0.000002
219.840000,0.035177,-0.000042,0.000002
219.940000,0.035196,-0.000042,0.000002
220.040000,0.035216,-0.000042,0.000002
220.140000,0.035236,-0.000042,0.000002
220.240000,0.035255,-0.000042,0.000002
220.360000,0.035279,-0.000043,0.000002
220.460000,0.035299,-0.000043,0.000002
220.560000,0.035318,-0.000043,0.000002
220.660000,0.035338,-0.000043,0.000002
220.760000,0.035358,-0.000043,0.000002
220.860000,0.035377,-0.000043,0.000002
220.960000,0.035397,-0.000043,0.000002
221.060000,0.035416,-0.000043,0.000002
221.160000,0.035436,-0.000043,0.000002
221.260000,0.035456,-0.000043,0.000002
221.360000,0.035476,-0.000043,0.000002
221.460000,0.035495,-0.000043,0.000002
221.560000,0.035515,-0.000043,0.000002
221.660000,0.035535,-0.000043,0.000002
221.760000,0.035554,-0.000043,0.000002
221.860000,0.035574,-0.000043,0.000002
221.960000,0.035594,-0.000043,0.000002
222.060000,0.035613,-0.000043,0.000002
222.160000,0.035633,-0.000043,0.000002
222.260000,0.035653,-0.000043,0.000002
222.360000,0.035672,-0.000043,0.000002
222.460000,0.035692,-0.000043,0.000002
222.560000,0.035712,-0.000043,0.000002
222.660000,0.035731,-0.000043,0.000002
222.760000,0.035751,-0.000043,0.000002
222.860000,0.035771,-0.000043,0.000002
222.960000,0.035791,-0.000043,0.000002
223.060000,0.035811,-0.000043,0.000003
223.160000,0.035830,-0.000043,0.000003
223.260000,0.035850,-0.000043,0.000003
223.360000,0.035870,-0.000043,0.000003
223.460000,0.035890,-0.000043,0.000003
223.560000,0.035910,-0.000043,0.000003
223.660000,0.035930,-0.000043,0.000003
223.760000,0.035949,-0.000043,0.000003
223.860000,0.035969,-0.000043,0.000003
223.960000,0.035989,-0.000043,0.000003
224.060000,0.036008,-0.000043,0.000003
224.160000,0.036028,-0.000043,0.000003
224.260000,0.036048,-0.000043,0.000003
224.360000,0.036069,-0.000043,0.000003
224.460000,0.036088,-0.000043,0.000002
224.560000,0.036108,-0.000043,0.000002
224.660000,0.036127,-0.000043,0.000003
224.760000,0.036147,-0.000043,0.000003
224.860000,0.036167,-0.000043,0.000003
224.960000,0.036187,-0.000043,0.000003
225.060000,0.036206,-0.000043,0.000003
225.160000,0.036227,-0.000043,0.000002
225.260000,0.036246,-0.000043,0.000002
225.360000,0.036266,-0.000043,0.000002
225.460000,0.036286,-0.000043,0.000002
225.560000,0.036306,-0.000043,0.000002
225.660000,0.036326,-0.000043,0.000002
225.760000,0.036345,-0.000043,0.000002
225.860000,0.036365,-0.000043,0.000002
225.960000,0.036385,-0.000043,0.000002
226.060000,0.036405,-0.000043,0.000002
226.160000,0.036425,-0.000043,0.000002
226.260000,0.036445,-0.000043,0.000002
226.360000,0.036465,-0.000043,0.000002
226.460000,0.036485,-0.000043,0.000002
226.560000,0.036505,-0.000043,0.000002
226.660000,0.036525,-0.000043,0.000002
226.760000,0.036545,-0.000044,0.000002
226.860000,0.036565,-0.000044,0.000002
226.960000,0.036585,-0.000044,0.000002
227.060000,0.036604,-0.000044,0.000002
227.160000,0.036624,-0.000044,0.000002
227.260000,0.036644,-0.000044,0.000002
227.360000,0.036664,-0.000044,0.000002
227.460000,0.036684,-0.000044,0.000002
227.560000,0.036704,-0.000044,0.000003
227.660000,0.036724,-0.000044,0.000003
227.760000,0.036743,-0.000044,0.000002
227.860000,0.036763,-0.000044,0.000003
227.960000,0.036783,-0.000044,0.000003
228.060000,0.036803,-0.000044,0.000003
228.160000,0.036823,-0.000044,0.000003
228.260000,0.036843,-0.000044,0.000003
228.360000,0.036863,-0.000044,0.000003
228.460000,0.036883,-0.000044,0.000003
228.560000,0.036903,-0.000044,0.000003
228.660000,0.036923,-0.000044,0.000003
228.760000,0.036943,-0.000044,0.000003
228.860000,0.036964,-0.000044,0.000003
228.960000,0.036983,-0.000044,0.000003
229.060000,0.037003,-0.000044,0.000003
229.160000,0.037023,-0.000044,0.000003
229.260000,0.037043,-0.000044,0.000003
229.360000,0.037063,-0.000044,0.000003
229.460000,0.037083,-0.000044,0.000003
229.560000,0.037103,-0.000044,0.000003
229.660000,0.037123,-0.000044,0.000002
229.760000,0.037143,-0.000044,0.000002
229.860000,0.037164,-0.000044,0.000002
229.960000,0.037184,-0.000044,0.000003
230.060000,0.037203,-0.000044,0.000003
230.160000,0.037223,-0.000044,0.000003
230.260000,0.037243,-0.000044,0.000003
230.360000,0.037263,-0.000044,0.000003
230.460000,0.037283,-0.000044,0.000003
230.560000,0.037304,-0.000044,0.000003
230.660000,0.037324,-0.000044,0.000003
230.760000,0.037344,-0.000044,0.000003
230.860000,0.037364,-0.000044,0.000003
230.960000,0.037385,-0.000044,0.000003
231.060000,0.037405,-0.000044,0.000003
231.160000,0.037425,-0.000044,0.000003
231.260000,0.037445,-0.000044,0.000003
231.360000,0.037464,-0.000044,0.000003
231.460000,0.037484,-0.000044,0.000003
231.560000,0.037504,-0.000044,0.000003
231.660000,0.037524,-0.000044,0.000003
231.760000,0.037544,-0.000044,0.000003
231.860000,0.037564,-0.000044,0.000003
231.960000,0.037584,-0.000044,0.000003
232.060000,0.037604,-0.000044,0.000003
232.160000,0.037624,-0.000044,0.000002
232.260000,0.037644,-0.000044,0.000002
232.360000,0.037665,-0.000044,0.000002
232.460000,0.037685,-0.000044,0.000003
232.560000,0.037705,-0.000044,0.000003
232.660000,0.037725,-0.000044,0.000003
232.760000,0.037745,-0.000044,0.000002
232.860000,0.037765,-0.000044,0.000002
232.960000,0.037786,-0.000044,0.000002
233.060000,0.037806,-0.000045,0.000002
233.160000,0.037826,-0.000045,0.000002
233.260000,0.037846,-0.000045,0.000003
233.360000,0.037866,-0.000045,0.000002
233.460000,0.037886,-0.000045,0.000002
233.560000,0.037907,-0.000045,0.000002
233.660000,0.037927,-0.000045,0.000002
233.760000,0.037947,-0.000045,0.000002
233.880000,0.037972,-0.000045,0.000002
233.980000,0.037992,-0.000045,0.000002
234.080000,0.038012,-0.000045,0.000003
234.180000,0.038032,-0.000045,0.000003
234.280000,0.038053,-0.000045,0.000003
234.380000,0.038073,-0.000045,0.000003
234.480000,0.038093,-0.000045,0.000003
234.580000,0.038113,-0.000045,0.000003
234.680000,0.038134,-0.000045,0.000003
234.780000,0.038154,-0.000045,0.000003
234.880000,0.038174,-0.000045,0.000003
234.980000,0.038194,-0.000045,0.000003
235.080000,0.038214,-0.000045,0.000003
235.180000,0.038234,-0.000045,0.000003
235.280000,0.038254,-0.000045,0.000003
235.380000,0.038274,-0.000045,0.000003
235.480000,0.038295,-0.000045,0.000003
235.580000,0.038315,-0.000045,0.000003
235.680000,0.038335,-0.000045,0.000003
235.780000,0.038355,-0.000045,0.000003
235.880000,0.038375,-0.000045,0.000003
235.980000,0.038396,-0.000045,0.000003
236.080000,0.038416,-0.000045,0.000003
236.180000,0.038436,-0.000045,0.000003
236.280000,0.038457,-0.000045,0.000002
236.380000,0.038477,-0.000045,0.000002
236.480000,0.038497,-0.000045,0.000002
236.580000,0.038517,-0.000045,0.000002
236.680000,0.038538,-0.000045,0.000002
236.780000,0.038558,-0.000045,0.000002
236.880000,0.038578,-0.000045,0.000002
236.980000,0.038599,-0.000045,0.000002
237.080000,0.038619,-0.000045,0.000002
237.180000,0.038640,-0.000045,0.000002
237.280000,0.038660,-0.000045,0.000002
237.380000,0.038680,-0.000045,0.000002
237.480000,0.038700,-0.000045,0.000002
237.580000,0.038721,-0.000045,0.000002
237.680000,0.038741,-0.000045,0.000002
237.780000,0.038761,-0.000045,0.000002
237.880000,0.038781,-0.000045,0.000002
237.980000,0.038802,-0.000045,0.000002
238.080000,0.038823,-0.000045,0.000002
238.180000,0.038843,-0.000045,0.000002
238.280000,0.038863,-0.000045,0.000002
238.380000,0.038884,-0.000045,0.000002
238.480000,0.038905,-0.000045,0.000002
238.580000,0.038925,-0.000045,0.000002
238.680000,0.038945,-0.000045,0.000002
238.780000,0.038965,-0.000045,0.000002
238.880000,0.038985,-0.000045,0.000002
238.980000,0.039006,-0.000045,0.000002
239.080000,0.039026,-0.000045,0.000002
239.180000,0.039046,-0.000045,0.000002
239.280000,0.039067,-0.000045,0.000002
239.380000,0.039087,-0.000045,0.000002
239.480000,0.039107,-0.000046,0.000002
239.580000,0.039128,-0.000046,0.000002
239.680000,0.039149,-0.000046,0.000002
239.780000,0.039169,-0.000046,0.000002
239.880000,0.039190,-0.000046,0.000002
239.980000,0.039210,-0.000046,0.000002
240.080000,0.039230,-0.000046,0.000002
240.180000,0.039251,-0.000046,0.000002
240.280000,0.039271,-0.000046,0.000002
240.380000,0.039292,-0.000046,0.000002
240.480000,0.039312,-0.000046,0.000002
240.580000,0.039332,-0.000046,0.000002
240.680000,0.039353,-0.000046,0.000002
240.780000,0.039373,-0.000046,0.000002
240.880000,0.039394,-0.000046,0.000002
240.980000,0.039414,-0.000046,0.000002
241.080000,0.039434,-0.000046,0.000002
241.180000,0.039455,-0.000046,0.000002
241.280000,0.039475,-0.000046,0.000002
241.380000,0.039496,-0.000046,0.000002
241.480000,0.039516,-0.000046,0.000002
241.580000,0.039537,-0.000046,0.000002
241.680000,0.039557,-0.000046,0.000002
241.780000,0.039578,-0.000046,0.000002
241.880000,0.039599,-0.000046,0.000002
241.980000,0.039619,-0.000046,0.000002
242.080000,0.039640,-0.000046,0.000002
242.180000,0.039660,-0.000046,0.000002
242.280000,0.039680,-0.000046,0.000002
242.380000,0.039701,-0.000046,0.000002
242.480000,0.039721,-0.000046,0.000002
242.580000,0.039742,-0.000046,0.000002
242.680000,0.039762,-0.000046,0.000002
242.780000,0.039783,-0.000046,0.000002
242.880000,0.039803,-0.000046,0.000002
242.980000,0.039824,-0.000046,0.000002
243.080000,0.039844,-0.000046,0.000002
243.180000,0.039865,-0.000046,0.000002
243.280000,0.039886,-0.000046,0.000002
243.380000,0.039906,-0.000046,0.000002
243.480000,0.039927,-0.000046,0.000002
243.580000,0.039948,-0.000046,0.000002
243.680000,0.039968,-0.000046,0.000002
243.780000,0.039989,-0.000046,0.000002
243.880000,0.040009,-0.000046,0.000002
243.980000,0.040030,-0.000046,0.000002
244.080000,0.040051,-0.000046,0.000002
244.180000,0.040071,-0.000046,0.000002
244.280000,0.040091,-0.000046,0.000002
244.380000,0.040112,-0.000046,0.000002
244.480000,0.040132,-0.000046,0.000002
244.580000,0.040153,-0.000046,0.000002
244.680000,0.040174,-0.000046,0.000002
244.780000,0.040194,-0.000046,0.000002
244.880000,0.040215,-0.000046,0.000002
244.980000,0.040235,-0.000046,0.000002
245.080000,0.040256,-0.000046,0.000002
245.180000,0.040277,-0.000046,0.000002
245.280000,0.040298,-0.000046,0.000002
245.380000,0.040319,-0.000046,0.000002
245.480000,0.040340,-0.000046,0.000002
245.580000,0.040360,-0.000046,0.000002
245.680000,0.040380,-0.000046,0.000002
245.780000,0.040401,-0.000046,0.000002
245.900000,0.040426,-0.000047,0.000002
246.000000,0.040446,-0.000047,0.000002
246.100000,0.040467,-0.000047,0.000002
246.200000,0.040488,-0.000047,0.000002
246.300000,0.040509,-0.000047,0.000002
246.400000,0.040529,-0.000047,0.000002
246.500000,0.040550,-0.000047,0.000002
246.600000,0.040571,-0.000047,0.000002
246.700000,0.040591,-0.000047,0.000002
246.800000,0.040612,-0.000047,0.000002
246.900000,0.040633,-0.000047,0.000002
247.000000,0.040653,-0.000047,0.000002
247.100000,0.040674,-0.000047,0.000002
247.200000,0.040695,-0.000047,0.000002
247.300000,0.040715,-0.000047,0.000002
247.400000,0.040736,-0.000047,0.000002
247.500000,0.040757,-0.000047,0.000002
247.600000,0.040777,-0.000047,0.000002
247.700000,0.040798,-0.000047,0.000002
247.800000,0.040819,-0.000047,0.000002
247.900000,0.040839,-0.000047,0.000002
248.000000,0.040860,-0.000047,0.000002
248.100000,0.040881,-0.000047,0.000002
248.200000,0.040902,-0.000047,0.000002
248.300000,0.040923,-0.000047,0.000002
248.400000,0.040943,-0.000047,0.000002
248.500000,0.040964,-0.000047,0.000002
248.600000,0.040985,-0.000047,0.000002
248.700000,0.041006,-0.000047,0.000002
248.800000,0.041026,-0.000047,0.000002
248.900000,0.041047,-0.000047,0.000002
249.000000,0.041068,-0.000047,0.000002
249.100000,0.041089,-0.000047,0.000002
249.200000,0.041110,-0.000047,0.000002
249.300000,0.041131,-0.000047,0.000002
249.400000,0.041151,-0.000047,0.000002
249.500000,0.041172,-0.000047,0.000002
249.600000,0.041193,-0.000047,0.000002
249.700000,0.041214,-0.000047,0.000002
249.800000,0.041234,-0.000047,0.000002
249.900000,0.041255,-0.000047,0.000002
250.000000,0.041276,-0.000047,0.000002
250.100000,0.041297,-0.000047,0.000002
250.200000,0.041318,-0.000047,0.000002
250.300000,0.041339,-0.000047,0.000002
250.400000,0.041360,-0.000047,0.000002
250.500000,0.041381,-0.000047,0.000002
250.600000,0.041402,-0.000047,0.000002
250.700000,0.041422,-0.000047,0.000002
250.800000,0.041443,-0.000047,0.000002
250.900000,0.041464,-0.000047,0.000002
251.000000,0.041485,-0.000047,0.000002
251.100000,0.041506,-0.000047,0.000002
251.200000,0.041527,-0.000047,0.000002
251.300000,0.041548,-0.000047,0.000002
251.400000,0.041568,-0.000047,0.000002
251.500000,0.041589,-0.000047,0.000002
251.600000,0.041610,-0.000047,0.000002
251.700000,0.041631,-0.000047,0.000002
251.800000,0.041651,-0.000047,0.000002
251.900000,0.041672,-0.000047,0.000002
252.000000,0.041694,-0.000047,0.000002
252.100000,0.041715,-0.000047,0.000002
252.200000,0.041736,-0.000047,0.000002
252.300000,0.041757,-0.000048,0.000002
252.400000,0.041778,-0.000048,0.000002
252.500000,0.041799,-0.000048,0.000002
252.600000,0.041820,-0.000048,0.000002
252.700000,0.041841,-0.000048,0.000002
252.800000,0.041862,-0.000048,0.000002
252.900000,0.041883,-0.000048,0.000002
253.000000,0.041904,-0.000048,0.000002
253.100000,0.041924,-0.000048,0.000002
253.200000,0.041945,-0.000048,0.000002
253.300000,0.041966,-0.000048,0.000002
253.400000,0.041987,-0.000048,0.000002
253.500000,0.042008,-0.000048,0.000002
253.600000,0.042029,-0.000048,0.000002
253.700000,0.042051,-0.000048,0.000002
253.800000,0.042072,-0.000048,0.000002
253.900000,0.042092,-0.000048,0.000002
254.000000,0.042114,-0.000048,0.000002
254.100000,0.042134,-0.000048,0.000002
254.200000,0.042155,-0.000048,0.000002
254.300000,0.042177,-0.000048,0.000002
254.400000,0.042198,-0.000048,0.000002
254.500000,0.042219,-0.000048,0.000002
254.600000,0.042239,-0.000048,0.000002
254.700000,0.042260,-0.000048,0.000002
254.800000,0.042281,-0.000048,0.000002
254.900000,0.042302,-0.000048,0.000002
255.000000,0.042323,-0.000048,0.000002
255.100000,0.042344,-0.000048,0.000002
255.200000,0.042365,-0.000048,0.000002
255.300000,0.042386,-0.000048,0.000002
255.400000,0.042407,-0.000048,0.000002
255.500000,0.042428,-0.000048,0.000002
255.600000,0.042449,-0.000048,0.000002
255.700000,0.042470,-0.000048,0.000002
255.800000,0.042492,-0.000048,0.000002
255.900000,0.042512,-0.000048,0.000002
256.000000,0.042533,-0.000048,0.000002
256.100000,0.042555,-0.000048,0.000002
256.200000,0.042576,-0.000048,0.000002
256.300000,0.042597,-0.000048,0.000002
256.400000,0.042618,-0.000048,0.000002
256.500000,0.042639,-0.000048,0.000002
256.600000,0.042660,-0.000048,0.000002
256.700000,0.042681,-0.000048,0.000002
256.800000,0.042702,-0.000048,0.000002
256.900000,0.042723,-0.000048,0.000002
257.000000,0.042744,-0.000048,0.000002
257.100000,0.042765,-0.000048,0.000002
257.200000,0.042786,-0.000048,0.000002
257.300000,0.042807,-0.000048,0.000002
257.400000,0.042829,-0.000048,0.000002
257.500000,0.042850,-0.000048,0.000002
257.600000,0.042871,-0.000048,0.000002
257.700000,0.042892,-0.000048,0.000002
257.800000,0.042913,-0.000048,0.000002
257.900000,0.042934,-0.000048,0.000002
258.000000,0.042955,-0.000048,0.000002
258.100000,0.042977,-0.000048,0.000002
258.200000,0.042998,-0.000048,0.000002
258.300000,0.043019,-0.000048,0.000002
258.400000,0.043040,-0.000048,0.000002
258.500000,0.043061,-0.000048,0.000002
258.600000,0.043082,-0.000048,0.000002
258.700000,0.043104,-0.000048,0.000002
258.800000,0.043125,-0.000049,0.000002
258.900000,0.043146,-0.000049,0.000002
259.000000,0.043167,-0.000049,0.000002
259.100000,0.043189,-0.000049,0.000002
259.200000,0.043210,-0.000049,0.000002
259.300000,0.043231,-0.000049,0.000002
259.400000,0.043252,-0.000049,0.000002
259.500000,0.043273,-0.000049,0.000002
259.600000,0.043295,-0.000049,0.000002
259.700000,0.043316,-0.000049,0.000002
259.800000,0.043337,-0.000049,0.000002
259.900000,0.043358,-0.000049,0.000002
260.000000,0.043379,-0.000049,0.000002
260.100000,0.043401,-0.000049,0.000002
260.200000,0.043422,-0.000049,0.000002
260.300000,0.043444,-0.000049,0.000002
260.400000,0.043465,-0.000049,0.000002
260.500000,0.043486,-0.000049,0.000002
260.600000,0.043507,-0.000049,0.000002
260.700000,0.043528,-0.000049,0.000002
260.800000,0.043550,-0.000049,0.000002
260.900000,0.043571,-0.000049,0.000002
261.000000,0.043592,-0.000049,0.000002
261.100000,0.043614,-0.000049,0.000002
261.200000,0.043635,-0.000049,0.000002
261.300000,0.043656,-0.000049,0.000002
261.400000,0.043678,-0.000049,0.000002
261.500000,0.043699,-0.000049,0.000002
261.600000,0.043721,-0.000049,0.000002
261.700000,0.043742,-0.000049,0.000002
261.800000,0.043763,-0.000049,0.000002
261.900000,0.043784,-0.000049,0.000002
262.000000,0.043806,-0.000049,0.000002
262.100000,0.043827,-0.000049,0.000002
262.200000,0.043848,-0.000049,0.000002
262.300000,0.043869,-0.000049,0.000002
262.400000,0.043890,-0.000049,0.000002
262.500000,0.043912,-0.000049,0.000002
262.600000,0.043933,-0.000049,0.000002
262.700000,0.043954,-0.000049,0.000002
262.800000,0.043976,-0.000049,0.000002
262.900000,0.043997,-0.000049,0.000002
263.000000,0.044019,-0.000049,0.000002
263.100000,0.044040,-0.000049,0.000002
263.200000,0.044061,-0.000049,0.000002
263.300000,0.044083,-0.000049,0.000002
263.400000,0.044104,-0.000049,0.000002
263.500000,0.044126,-0.000049,0.000002
263.600000,0.044148,-0.000049,0.000002
263.700000,0.044169,-0.000049,0.000002
263.800000,0.044190,-0.000049,0.000002
263.900000,0.044212,-0.000049,0.000002
264.000000,0.044233,-0.000049,0.000002
264.100000,0.044255,-0.000049,0.000002
264.200000,0.044277,-0.000049,0.000002
264.300000,0.044298,-0.000049,0.000002
264.400000,0.044319,-0.000049,0.000002
264.500000,0.044340,-0.000049,0.000002
264.600000,0.044362,-0.000049,0.000002
264.700000,0.044383,-0.000049,0.000002
264.800000,0.044404,-0.000049,0.000002
264.900000,0.044425,-0.000049,0.000002
265.000000,0.044447,-0.000049,0.000002
265.100000,0.044469,-0.000049,0.000002
265.200000,0.044490,-0.000050,0.000002
265.300000,0.044512,-0.000050,0.000002
265.400000,0.044533,-0.000050,0.000002
265.500000,0.044555,-0.000050,0.000002
265.600000,0.044576,-0.000050,0.000002
265.700000,0.044598,-0.000050,0.000002
265.800000,0.044619,-0.000050,0.000002
265.900000,0.044640,-0.000050,0.000002
266.000000,0.044662,-0.000050,0.000002
266.100000,0.044683,-0.000050,0.000002
266.200000,0.044704,-0.000050,0.000002
266.300000,0.044726,-0.000050,0.000002
266.400000,0.044748,-0.000050,0.000002
266.500000,0.044770,-0.000050,0.000002
266.600000,0.044792,-0.000050,0.000002
266.700000,0.044813,-0.000050,0.000002
266.800000,0.044834,-0.000050,0.000002
266.900000,0.044855,-0.000050,0.000002
267.000000,0.044877,-0.000050,0.000002
267.100000,0.044898,-0.000050,0.000002
267.200000,0.044920,-0.000050,0.000002
267.300000,0.044942,-0.000050,0.000002
267.400000,0.044963,-0.000050,0.000002
267.500000,0.044984,-0.000050,0.000002
267.600000,0.045006,-0.000050,0.000002
267.700000,0.045028,-0.000050,0.000002
267.800000,0.045049,-0.000050,0.000002
267.900000,0.045071,-0.000050,0.000002
268.000000,0.045092,-0.000050,0.000002
268.100000,0.045114,-0.000050,0.000002
268.200000,0.045136,-0.000050,0.000002
268.300000,0.045157,-0.000050,0.000002
268.400000,0.045179,-0.000050,0.000002
268.500000,0.045200,-0.000050,0.000002
268.600000,0.045222,-0.000050,0.000002
268.700000,0.045244,-0.000050,0.000002
268.800000,0.045266,-0.000050,0.000002
268.900000,0.045287,-0.000050,0.000002
269.000000,0.045309,-0.000050,0.000002
269.100000,0.045331,-0.000050,0.000002
269.200000,0.045352,-0.000050,0.000002
269.300000,0.045373,-0.000050,0.000002
269.400000,0.045395,-0.000050,0.000002
269.500000,0.045416,-0.000050,0.000002
269.600000,0.045438,-0.000050,0.000002
269.700000,0.045460,-0.000050,0.000002
269.800000,0.045482,-0.000050,0.000002
269.900000,0.045503,-0.000050,0.000002
270.000000,0.045525,-0.000050,0.000002
270.100000,0.045547,-0.000050,0.000002
270.200000,0.045568,-0.000050,0.000002
270.300000,0.045590,-0.000050,0.000002
270.400000,0.045611,-0.000050,0.000002
270.500000,0.045634,-0.000050,0.000002
270.600000,0.045655,-0.000050,0.000002
270.700000,0.045677,-0.000050,0.000002
270.800000,0.045698,-0.000050,0.000002
270.900000,0.045720,-0.000050,0.000002
271.000000,0.045741,-0.000050,0.000002
271.100000,0.045763,-0.000050,0.000002
271.200000,0.045785,-0.000050,0.000002
271.300000,0.045807,-0.000050,0.000002
271.400000,0.045829,-0.000050,0.000002
271.500000,0.045851,-0.000050,0.000002
271.600000,0.045873,-0.000050,0.000002
271.700000,0.045895,-0.000051,0.000002
271.800000,0.045916,-0.000051,0.000002
271.900000,0.045938,-0.000051,0.000002
272.000000,0.045960,-0.000051,0.000002
272.100000,0.045982,-0.000051,0.000002
272.200000,0.046004,-0.000051,0.000002
272.300000,0.046025,-0.000051,0.000002
272.400000,0.046046,-0.000051,0.000002
272.500000,0.046069,-0.000051,0.000002
272.600000,0.046090,-0.000051,0.000002
272.700000,0.046112,-0.000051,0.000002
272.800000,0.046133,-0.000051,0.000002
272.900000,0.046155,-0.000051,0.000002
273.000000,0.046177,-0.000051,0.000002
273.100000,0.046198,-0.000051,0.000002
273.200000,0.046220,-0.000051,0.000002
273.300000,0.046242,-0.000051,0.000002
273.400000,0.046264,-0.000051,0.000002
273.500000,0.046286,-0.000051,0.000002
273.600000,0.046308,-0.000051,0.000002
273.700000,0.046330,-0.000051,0.000002
273.800000,0.046351,-0.000051,0.000002
273.900000,0.046373,-0.000051,0.000002
274.000000,0.046395,-0.000051,0.000002
274.100000,0.046417,-0.000051,0.000002
274.200000,0.046439,-0.000051,0.000002
274.300000,0.046461,-0.000051,0.000002
274.400000,0.046483,-0.000051,0.000002
274.500000,0.046505,-0.000051,0.000002
274.600000,0.046527,-0.000051,0.000002
274.700000,0.046548,-0.000051,0.000002
274.800000,0.046570,-0.000051,0.000002
274.900000,0.046592,-0.000051,0.000002
275.000000,0.046613,-0.000051,0.000002
275.100000,0.046635,-0.000051,0.000002
275.200000,0.046657,-0.000051,0.000002
275.300000,0.046679,-0.000051,0.000002
275.400000,0.046701,-0.000051,0.000002
275.500000,0.046723,-0.000051,0.000002
275.600000,0.046745,-0.000051,0.000002
275.700000,0.046767,-0.000051,0.000002
275.800000,0.046789,-0.000051,0.000002
275.900000,0.046811,-0.000051,0.000002
276.000000,0.046833,-0.000051,0.000002
276.100000,0.046854,-0.000051,0.000002
276.200000,0.046876,-0.000051,0.000002
276.300000,0.046898,-0.000051,0.000002
276.400000,0.046921,-0.000051,0.000002
276.500000,0.046942,-0.000051,0.000002
276.600000,0.046965,-0.000051,0.000002
276.700000,0.046986,-0.000051,0.000002
276.800000,0.047009,-0.000051,0.000002
276.900000,0.047030,-0.000051,0.000002
277.000000,0.047053,-0.000051,0.000002
277.100000,0.047074,-0.000051,0.000002
277.200000,0.047096,-0.000051,0.000002
277.300000,0.047118,-0.000051,0.000002
277.400000,0.047140,-0.000051,0.000002
277.500000,0.047162,-0.000051,0.000002
277.600000,0.047185,-0.000051,0.000002
277.700000,0.047206,-0.000051,0.000002
277.800000,0.047228,-0.000051,0.000002
277.900000,0.047250,-0.000051,0.000002
278.000000,0.047272,-0.000051,0.000002
278.100000,0.047294,-0.000051,0.000002
278.200000,0.047316,-0.000052,0.000002
278.300000,0.047338,-0.000052,0.000002
278.400000,0.047360,-0.000052,0.000002
278.500000,0.047382,-0.000052,0.000002
278.600000,0.047404,-0.000052,0.000002
278.700000,0.047426,-0.000052,0.000002
278.800000,0.047448,-0.000052,0.000002
278.900000,0.047470,-0.000052,0.000002
279.000000,0.047492,-0.000052,0.000002
279.100000,0.047514,-0.000052,0.000002
279.200000,0.047537,-0.000052,0.000002
279.300000,0.047559,-0.000052,0.000002
279.400000,0.047580,-0.000052,0.000002
279.500000,0.047603,-0.000052,0.000002
279.600000,0.047625,-0.000052,0.000002
279.700000,0.047647,-0.000052,0.000002
279.800000,0.047670,-0.000052,0.000002
279.900000,0.047691,-0.000052,0.000002
280.000000,0.047714,-0.000052,0.000002
280.100000,0.047736,-0.000052,0.000002
280.200000,0.047757,-0.000052,0.000002
280.300000,0.047780,-0.000052,0.000002
280.400000,0.047802,-0.000052,0.000002
280.500000,0.047825,-0.000052,0.000002
280.600000,0.047846,-0.000052,0.000002
280.700000,0.047869,-0.000052,0.000002
280.800000,0.047891,-0.000052,0.000002
280.900000,0.047913,-0.000052,0.000002
281.000000,0.047935,-0.000052,0.000002
281.100000,0.047957,-0.000052,0.000002
281.200000,0.047980,-0.000052,0.000002
281.300000,0.048002,-0.000052,0.000002
281.400000,0.048024,-0.000052,0.000002
281.500000,0.048046,-0.000052,0.000002
281.600000,0.048068,-0.000052,0.000002
281.700000,0.048090,-0.000052,0.000002
281.800000,0.048112,-0.000052,0.000002
281.900000,0.048134,-0.000052,0.000002
282.000000,0.048157,-0.000052,0.000002
282.100000,0.048179,-0.000052,0.000002
282.200000,0.048201,-0.000052,0.000002
282.300000,0.048223,-0.000052,0.000002
282.400000,0.048246,-0.000052,0.000002
282.500000,0.048268,-0.000052,0.000002
282.600000,0.048290,-0.000052,0.000002
282.700000,0.048312,-0.000052,0.000002
282.800000,0.048334,-0.000052,0.000002
282.900000,0.048356,-0.000052,0.000002
283.000000,0.048379,-0.000052,0.000002
283.100000,0.048401,-0.000052,0.000002
283.200000,0.048423,-0.000052,0.000002
283.300000,0.048445,-0.000052,0.000002
283.400000,0.048467,-0.000052,0.000002
283.500000,0.048489,-0.000052,0.000002
283.600000,0.048511,-0.000052,0.000002
283.720000,0.048538,-0.000052,0.000002
283.820000,0.048560,-0.000052,0.000002
283.920000,0.048582,-0.000052,0.000002
284.020000,0.048605,-0.000052,0.000002
284.120000,0.048627,-0.000052,0.000002
284.220000,0.048649,-0.000052,0.000002
284.320000,0.048672,-0.000052,0.000002
284.420000,0.048694,-0.000052,0.000002
284.520000,0.048716,-0.000052,0.000002
284.620000,0.048739,-0.000053,0.000002
284.720000,0.048761,-0.000053,0.000002
284.820000,0.048784,-0.000053,0.000002
284.920000,0.048806,-0.000053,0.000002
285.020000,0.048828,-0.000053,0.000002
285.120000,0.048851,-0.000053,0.000002
285.220000,0.048873,-0.000053,0.000002
285.320000,0.048896,-0.000053,0.000002
285.420000,0.048918,-0.000053,0.000002
285.520000,0.048940,-0.000053,0.000002
285.620000,0.048963,-0.000053,0.000002
285.720000,0.048985,-0.000053,0.000002
285.820000,0.049007,-0.000053,0.000002
285.920000,0.049029,-0.000053,0.000002
286.020000,0.049052,-0.000053,0.000002
286.120000,0.049074,-0.000053,0.000002
286.220000,0.049096,-0.000053,0.000002
286.320000,0.049118,-0.000053,0.000002
286.420000,0.049141,-0.000053,0.000002
286.520000,0.049163,-0.000053,0.000002
286.620000,0.049186,-0.000053,0.000002
286.720000,0.049208,-0.000053,0.000002
286.820000,0.049231,-0.000053,0.000002
286.920000,0.049253,-0.000053,0.000002
287.020000,0.049275,-0.000053,0.000002
287.120000,0.049298,-0.000053,0.000002
287.220000,0.049320,-0.000053,0.000002
287.320000,0.049343,-0.000053,0.000002
287.420000,0.049365,-0.000053,0.000002
287.520000,0.049388,-0.000053,0.000002
287.620000,0.049411,-0.000053,0.000002
287.720000,0.049433,-0.000053,0.000002
287.820000,0.049456,-0.000053,0.000002
287.920000,0.049478,-0.000053,0.000002
288.020000,0.049500,-0.000053,0.000002
288.120000,0.049522,-0.000053,0.000002
288.220000,0.049545,-0.000053,0.000002
288.320000,0.049567,-0.000053,0.000002
288.420000,0.049590,-0.000053,0.000002
288.520000,0.049612,-0.000053,0.000002
288.620000,0.049635,-0.000053,0.000002
288.720000,0.049657,-0.000053,0.000002
288.820000,0.049679,-0.000053,0.000002
288.920000,0.049702,-0.000053,0.000002
289.020000,0.049724,-0.000053,0.000002
289.120000,0.049746,-0.000053,0.000002
289.220000,0.049769,-0.000053,0.000002
289.320000,0.049791,-0.000053,0.000002
289.420000,0.049814,-0.000053,0.000002
289.520000,0.049837,-0.000053,0.000002
289.620000,0.049860,-0.000053,0.000002
289.720000,0.049883,-0.000053,0.000002
289.820000,0.049905,-0.000053,0.000002
289.920000,0.049927,-0.000053,0.000002
290.020000,0.049950,-0.000053,0.000002
290.120000,0.049972,-0.000053,0.000002
290.220000,0.049995,-0.000053,0.000002
290.320000,0.050017,-0.000053,0.000002
290.420000,0.050040,-0.000053,0.000002
290.520000,0.050063,-0.000053,0.000002
290.620000,0.050086,-0.000053,0.000002
290.720000,0.050108,-0.000053,0.000002
290.820000,0.050131,-0.000053,0.000002
290.920000,0.050153,-0.000053,0.000002
291.020000,0.050175,-0.000053,0.000002
291.120000,0.050198,-0.000053,0.000002
291.220000,0.050220,-0.000054,0.000002
291.320000,0.050243,-0.000054,0.000002
291.420000,0.050266,-0.000054,0.000002
291.520000,0.050288,-0.000054,0.000002
291.620000,0.050311,-0.000054,0.000002
291.720000,0.050333,-0.000054,0.000002
291.820000,0.050356,-0.000054,0.000002
291.920000,0.050378,-0.000054,0.000002
292.020000,0.050401,-0.000054,0.000002
292.120000,0.050424,-0.000054,0.000002
292.220000,0.050447,-0.000054,0.000002
292.320000,0.050470,-0.000054,0.000002
292.420000,0.050492,-0.000054,0.000002
292.520000,0.050515,-0.000054,0.000002
292.620000,0.050537,-0.000054,0.000002
292.720000,0.050560,-0.000054,0.000002
292.820000,0.050582,-0.000054,0.000002
292.920000,0.050605,-0.000054,0.000002
293.020000,0.050628,-0.000054,0.000002
293.120000,0.050650,-0.000054,0.000002
293.220000,0.050673,-0.000054,0.000002
293.320000,0.050695,-0.000054,0.000002
293.420000,0.050718,-0.000054,0.000002
293.520000,0.050741,-0.000054,0.000002
293.620000,0.050763,-0.000054,0.000002
293.720000,0.050786,-0.000054,0.000002
293.820000,0.050809,-0.000054,0.000002
293.920000,0.050832,-0.000054,0.000002
294.020000,0.050855,-0.000054,0.000002
294.120000,0.050878,-0.000054,0.000002
294.220000,0.050900,-0.000054,0.000002
294.320000,0.050923,-0.000054,0.000002
294.420000,0.050945,-0.000054,0.000002
294.520000,0.050968,-0.000054,0.000002
294.620000,0.050991,-0.000054,0.000002
294.720000,0.051014,-0.000054,0.000002
294.820000,0.051037,-0.000054,0.000002
294.920000,0.051060,-0.000054,0.000002
295.020000,0.051083,-0.000054,0.000002
295.120000,0.051106,-0.000054,0.000002
295.220000,0.051128,-0.000054,0.000002
295.320000,0.051151,-0.000054,0.000002
295.420000,0.051174,-0.000054,0.000002
295.520000,0.051197,-0.000054,0.000002
295.620000,0.051219,-0.000054,0.000002
295.720000,0.051243,-0.000054,0.000002
295.820000,0.051266,-0.000054,0.000002
295.920000,0.051288,-0.000054,0.000002
296.020000,0.051311,-0.000054,0.000002
296.120000,0.051334,-0.000054,0.000002
296.220000,0.051356,-0.000054,0.000002
296.320000,0.051379,-0.000054,0.000002
296.420000,0.051402,-0.000054,0.000002
296.520000,0.051425,-0.000054,0.000002
296.620000,0.051447,-0.000054,0.000002
296.720000,0.051470,-0.000054,0.000002
296.820000,0.051493,-0.000054,0.000002
296.920000,0.051515,-0.000054,0.000002
297.020000,0.051538,-0.000054,0.000002
297.120000,0.051561,-0.000054,0.000002
297.220000,0.051584,-0.000054,0.000002
297.320000,0.051607,-0.000054,0.000002
297.420000,0.051630,-0.000054,0.000002
297.520000,0.051653,-0.000054,0.000002
297.620000,0.051676,-0.000054,0.000002
297.720000,0.051698,-0.000054,0.000002
297.820000,0.051721,-0.000055,0.000002
297.920000,0.051744,-0.000055,0.000002
298.020000,0.051767,-0.000055,0.000002
298.120000,0.051790,-0.000055,0.000002
298.220000,0.051813,-0.000055,0.000002
298.320000,0.051836,-0.000055,0.000002
298.420000,0.051859,-0.000055,0.000002
298.520000,0.051882,-0.000055,0.000002
298.620000,0.051905,-0.000055,0.000002
298.720000,0.051928,-0.000055,0.000002
298.820000,0.051951,-0.000055,0.000002
298.920000,0.051974,-0.000055,0.000002
299.020000,0.051997,-0.000055,0.000002
299.120000,0.052020,-0.000055,0.000002
299.220000,0.052043,-0.000055,0.000002
299.320000,0.052066,-0.000055,0.000002
299.420000,0.052088,-0.000055,0.000002
299.520000,0.052111,-0.000055,0.000002
299.620000,0.052134,-0.000055,0.000002
299.720000,0.052158,-0.000055,0.000002
299.820000,0.052181,-0.000055,0.000002
299.920000,0.052204,-0.000055,0.000002
300.020000,0.052227,-0.000055,0.000002
300.120000,0.052250,-0.000055,0.000002
300.220000,0.052272,-0.000055,0.000002
300.320000,0.052296,-0.000055,0.000002
300.420000,0.052319,-0.000055,0.000002
300.520000,0.052342,-0.000055,0.000002
300.620000,0.052365,-0.000055,0.000002
300.720000,0.052388,-0.000055,0.000002
300.820000,0.052411,-0.000055,0.000002
300.920000,0.052434,-0.000055,0.000002
301.020000,0.052457,-0.000055,0.000002
301.120000,0.052480,-0.000055,0.000002
301.220000,0.052503,-0.000055,0.000002
301.320000,0.052526,-0.000055,0.000002
301.420000,0.052549,-0.000055,0.000002
301.520000,0.052572,-0.000055,0.000002
301.620000,0.052595,-0.000055,0.000002
301.720000,0.052618,-0.000055,0.000002
301.820000,0.052641,-0.000055,0.000002
301.920000,0.052665,-0.000055,0.000002
302.020000,0.052687,-0.000055,0.000002
302.120000,0.052710,-0.000055,0.000002
302.220000,0.052733,-0.000055,0.000002
302.320000,0.052756,-0.000055,0.000002
302.420000,0.052780,-0.000055,0.000002
302.520000,0.052803,-0.000055,0.000002
302.620000,0.052826,-0.000055,0.000002
302.720000,0.052849,-0.000055,0.000002
302.820000,0.052873,-0.000055,0.000002
302.920000,0.052896,-0.000055,0.000002
303.020000,0.052919,-0.000055,0.000002
303.120000,0.052942,-0.000055,0.000002
303.220000,0.052965,-0.000055,0.000002
303.320000,0.052989,-0.000055,0.000002
303.420000,0.053012,-0.000055,0.000002
303.520000,0.053035,-0.000055,0.000002
303.620000,0.053057,-0.000055,0.000002
303.720000,0.053080,-0.000055,0.000002
303.820000,0.053103,-0.000055,0.000002
303.920000,0.053127,-0.000055,0.000002
304.020000,0.053150,-0.000055,0.000002
304.120000,0.053173,-0.000055,0.000002
304.220000,0.053197,-0.000055,0.000002
304.320000,0.053220,-0.000056,0.000002
304.420000,0.053243,-0.000056,0.000002
304.520000,0.053266,-0.000056,0.000002
304.620000,0.053289,-0.000056,0.000002
304.720000,0.053312,-0.000056,0.000002
304.820000,0.053336,-0.000056,0.000002
304.920000,0.053359,-0.000056,0.000002
305.020000,0.053383,-0.000056,0.000002
305.120000,0.053406,-0.000056,0.000002
305.220000,0.053429,-0.000056,0.000002
305.320000,0.053452,-0.000056,0.000002
305.420000,0.053475,-0.000056,0.000002
305.520000,0.053498,-0.000056,0.000002
305.620000,0.053522,-0.000056,0.000002
305.720000,0.053545,-0.000056,0.000002
305.820000,0.053569,-0.000056,0.000002
305.920000,0.053592,-0.000056,0.000002
306.020000,0.053615,-0.000056,0.000002
306.120000,0.053638,-0.000056,0.000002
306.220000,0.053661,-0.000056,0.000002
306.320000,0.053685,-0.000056,0.000002
306.420000,0.053708,-0.000056,0.000002
306.520000,0.053732,-0.000056,0.000002
306.620000,0.053755,-0.000056,0.000002
306.720000,0.053778,-0.000056,0.000002
306.820000,0.053802,-0.000056,0.000002
306.920000,0.053825,-0.000056,0.000002
307.020000,0.053848,-0.000056,0.000002
307.120000,0.053871,-0.000056,0.000002
307.220000,0.053895,-0.000056,0.000002
307.320000,0.053918,-0.000056,0.000002
307.420000,0.053941,-0.000056,0.000002
307.520000,0.053965,-0.000056,0.000002
307.620000,0.053988,-0.000056,0.000002
307.720000,0.054011,-0.000056,0.000002
307.820000,0.054034,-0.000056,0.000002
307.920000,0.054057,-0.000056,0.000002
308.020000,0.054081,-0.000056,0.000002
308.120000,0.054104,-0.000056,0.000002
308.220000,0.054127,-0.000056,0.000002
308.320000,0.054151,-0.000056,0.000002
308.420000,0.054175,-0.000056,0.000002
308.520000,0.054199,-0.000056,0.000002
308.620000,0.054222,-0.000056,0.000002
308.720000,0.054246,-0.000056,0.000002
308.820000,0.054269,-0.000056,0.000002
308.920000,0.054292,-0.000056,0.000002
309.020000,0.054315,-0.000056,0.000002
309.120000,0.054338,-0.000056,0.000002
309.220000,0.054361,-0.000056,0.000002
309.320000,0.054385,-0.000056,0.000002
309.420000,0.054408,-0.000056,0.000002
309.520000,0.054432,-0.000056,0.000002
309.620000,0.054456,-0.000056,0.000002
309.720000,0.054479,-0.000056,0.000002
309.820000,0.054502,-0.000056,0.000002
309.920000,0.054525,-0.000056,0.000002
310.020000,0.054549,-0.000056,0.000002
310.120000,0.054573,-0.000056,0.000002
310.220000,0.054596,-0.000056,0.000002
310.320000,0.054620,-0.000056,0.000002
310.420000,0.054643,-0.000056,0.000002
310.520000,0.054666,-0.000056,0.000002
310.620000,0.054690,-0.000056,0.000002
310.720000,0.054714,-0.000056,0.000002
310.820000,0.054737,-0.000056,0.000002
310.920000,0.054761,-0.000057,0.000002
311.020000,0.054784,-0.000057,0.000002
311.120000,0.054807,-0.000057,0.000002
311.220000,0.054831,-0.000057,0.000002
311.320000,0.054855,-0.000057,0.000002
311.420000,0.054879,-0.000057,0.000002
311.520000,0.054903,-0.000057,0.000002
311.620000,0.054926,-0.000057,0.000002
311.720000,0.054950,-0.000057,0.000002
311.820000,0.054973,-0.000057,0.000002
311.920000,0.054996,-0.000057,0.000002
312.020000,0.055019,-0.000057,0.000002
312.120000,0.055043,-0.000057,0.000001
312.220000,0.055067,-0.000057,0.000001
312.320000,0.055091,-0.000057,0.000001
312.420000,0.055115,-0.000057,0.000001
312.520000,0.055138,-0.000057,0.000001
312.620000,0.055162,-0.000057,0.000001
312.720000,0.055185,-0.000057,0.000001
312.820000,0.055209,-0.000057,0.000001
312.920000,0.055233,-0.000057,0.000002
313.020000,0.055256,-0.000057,0.000002
313.120000,0.055280,-0.000057,0.000001
313.220000,0.055303,-0.000057,0.000002
313.320000,0.055327,-0.000057,0.000002
313.420000,0.055351,-0.000057,0.000001
313.520000,0.055374,-0.000057,0.000001
313.620000,0.055397,-0.000057,0.000001
313.720000,0.055421,-0.000057,0.000001
313.820000,0.055445,-0.000057,0.000001
313.920000,0.055468,-0.000057,0.000001
314.020000,0.055492,-0.000057,0.000001
314.120000,0.055515,-0.000057,0.000001
314.220000,0.055539,-0.000057,0.000002
314.320000,0.055562,-0.000057,0.000002
314.420000,0.055586,-0.000057,0.000002
314.520000,0.055610,-0.000057,0.000002
314.620000,0.055634,-0.000057,0.000002
314.720000,0.055658,-0.000057,0.000002
314.820000,0.055682,-0.000057,0.000002
314.920000,0.055705,-0.000057,0.000002
315.020000,0.055728,-0.000057,0.000002
315.120000,0.055752,-0.000057,0.000002
315.220000,0.055776,-0.000057,0.000002
315.320000,0.055800,-0.000057,0.000002
315.420000,0.055823,-0.000057,0.000002
315.520000,0.055847,-0.000057,0.000002
315.620000,0.055870,-0.000057,0.000002
315.720000,0.055894,-0.000057,0.000002
315.820000,0.055918,-0.000057,0.000002
315.920000,0.055942,-0.000057,0.000002
316.020000,0.055965,-0.000057,0.000002
316.120000,0.055989,-0.000057,0.000002
316.220000,0.056014,-0.000057,0.000002
316.320000,0.056037,-0.000057,0.000002
316.420000,0.056061,-0.000057,0.000002
316.520000,0.056084,-0.000057,0.000002
316.620000,0.056108,-0.000057,0.000002
316.720000,0.056132,-0.000057,0.000002
316.820000,0.056156,-0.000057,0.000002
316.920000,0.056180,-0.000057,0.000002
317.020000,0.056204,-0.000057,0.000002
317.120000,0.056228,-0.000057,0.000001
317.220000,0.056251,-0.000057,0.000001
317.320000,0.056275,-0.000057,0.000001
317.420000,0.056299,-0.000057,0.000001
317.520000,0.056322,-0.000058,0.000002
317.620000,0.056346,-0.000058,0.000002
317.720000,0.056370,-0.000058,0.000002
317.820000,0.056394,-0.000058,0.000002
317.920000,0.056417,-0.000058,0.000001
318.020000,0.056441,-0.000058,0.000001
318.120000,0.056465,-0.000058,0.000001
318.220000,0.056489,-0.000058,0.000001
318.320000,0.056513,-0.000058,0.000001
318.420000,0.056537,-0.000058,0.000001
318.520000,0.056560,-0.000058,0.000002
318.620000,0.056584,-0.000058,0.000002
318.720000,0.056608,-0.000058,0.000002
318.820000,0.056632,-0.000058,0.000002
318.920000,0.056656,-0.000058,0.000002
319.020000,0.056680,-0.000058,0.000002
319.120000,0.056704,-0.000058,0.000002
319.220000,0.056728,-0.000058,0.000002
319.320000,0.056751,-0.000058,0.000002
319.420000,0.056775,-0.000058,0.000002
319.520000,0.056800,-0.000058,0.000002
319.620000,0.056824,-0.000058,0.000002
319.720000,0.056847,-0.000058,0.000002
319.820000,0.056871,-0.000058,0.000001
319.920000,0.056896,-0.000058,0.000002
320.020000,0.056920,-0.000058,0.000002
320.120000,0.056944,-0.000058,0.000001
320.220000,0.056967,-0.000058,0.000001
320.320000,0.056992,-0.000058,0.000001
320.420000,0.057016,-0.000058,0.000001
320.520000,0.057040,-0.000058,0.000001
320.620000,0.057063,-0.000058,0.000001
320.720000,0.057087,-0.000058,0.000001
320.820000,0.057111,-0.000058,0.000001
320.920000,0.057135,-0.000058,0.000001
321.020000,0.057158,-0.000058,0.000001
321.120000,0.057182,-0.000058,0.000001
321.220000,0.057207,-0.000058,0.000002
321.320000,0.057231,-0.000058,0.000002
321.420000,0.057255,-0.000058,0.000001
321.520000,0.057279,-0.000058,0.000002
321.620000,0.057303,-0.000058,0.000001
321.720000,0.057327,-0.000058,0.000001
321.820000,0.057351,-0.000058,0.000001
321.920000,0.057375,-0.000058,0.000001
322.020000,0.057400,-0.000058,0.000001
322.120000,0.057424,-0.000058,0.000001
322.220000,0.057448,-0.000058,0.000001
322.320000,0.057472,-0.000058,0.000001
322.420000,0.057496,-0.000058,0.000001
322.520000,0.057520,-0.000058,0.000001
322.620000,0.057544,-0.000058,0.000001
322.720000,0.057568,-0.000058,0.000001
322.820000,0.057592,-0.000058,0.000001
322.920000,0.057616,-0.000058,0.000001
323.020000,0.057640,-0.000058,0.000001
323.120000,0.057665,-0.000058,0.000001
323.220000,0.057689,-0.000058,0.000001
323.320000,0.057713,-0.000058,0.000001
323.420000,0.057737,-0.000058,0.000001
323.520000,0.057761,-0.000058,0.000001
323.620000,0.057785,-0.000058,0.000001
323.720000,0.057809,-0.000058,0.000001
323.820000,0.057834,-0.000058,0.000001
323.920000,0.057858,-0.000058,0.000001
324.020000,0.057882,-0.000058,0.000001
324.120000,0.057905,-0.000059,0.000001
324.220000,0.057929,-0.000059,0.000001
324.320000,0.057953,-0.000059,0.000001
324.420000,0.057977,-0.000059,0.000001
324.520000,0.058001,-0.000059,0.000001
324.620000,0.058025,-0.000059,0.000001
324.720000,0.058049,-0.000059,0.000001
324.820000,0.058073,-0.000059,0.000001
324.920000,0.058098,-0.000059,0.000001
325.020000,0.058122,-0.000059,0.000001
325.120000,0.058146,-0.000059,0.000001
325.220000,0.058171,-0.000059,0.000001
325.320000,0.058195,-0.000059,0.000001
325.420000,0.058220,-0.000059,0.000001
325.520000,0.058244,-0.000059,0.000001
325.620000,0.058268,-0.000059,0.000001
325.720000,0.058292,-0.000059,0.000001
325.820000,0.058316,-0.000059,0.000001
325.920000,0.058340,-0.000059,0.000001
326.020000,0.058364,-0.000059,0.000001
326.120000,0.058389,-0.000059,0.000001
326.220000,0.058413,-0.000059,0.000001
326.320000,0.058437,-0.000059,0.000001
326.420000,0.058462,-0.000059,0.000001
326.520000,0.058486,-0.000059,0.000001
326.620000,0.058510,-0.000059,0.000001
326.720000,0.058535,-0.000059,0.000001
326.820000,0.058559,-0.000059,0.000001
326.920000,0.058583,-0.000059,0.000001
327.020000,0.058607,-0.000059,0.000001
327.120000,0.058631,-0.000059,0.000001
327.220000,0.058656,-0.000059,0.000001
327.320000,0.058680,-0.000059,0.000001
327.420000,0.058704,-0.000059,0.000001
327.520000,0.058728,-0.000059,0.000001
327.620000,0.058752,-0.000059,0.000001
327.720000,0.058777,-0.000059,0.000001
327.820000,0.058802,-0.000059,0.000001
327.920000,0.058826,-0.000059,0.000001
328.020000,0.058850,-0.000059,0.000001
328.120000,0.058875,-0.000059,0.000001
328.220000,0.058899,-0.000059,0.000001
328.320000,0.058923,-0.000059,0.000001
328.420000,0.058947,-0.000059,0.000001
328.520000,0.058972,-0.000059,0.000001
328.620000,0.058996,-0.000059,0.000001
328.720000,0.059021,-0.000059,0.000001
328.820000,0.059045,-0.000059,0.000001
328.920000,0.059069,-0.000059,0.000001
329.020000,0.059093,-0.000059,0.000001
329.120000,0.059117,-0.000059,0.000001
329.220000,0.059142,-0.000059,0.000001
329.320000,0.059166,-0.000059,0.000001
329.420000,0.059190,-0.000059,0.000001
329.520000,0.059215,-0.000059,0.000001
329.620000,0.059239,-0.000059,0.000001
329.720000,0.059263,-0.000059,0.000001
329.820000,0.059288,-0.000059,0.000001
329.920000,0.059312,-0.000059,0.000001
330.020000,0.059337,-0.000059,0.000001
330.120000,0.059361,-0.000059,0.000001
330.220000,0.059385,-0.000059,0.000001
330.320000,0.059410,-0.000059,0.000001
330.420000,0.059435,-0.000059,0.000001
330.520000,0.059459,-0.000059,0.000001
330.620000,0.059484,-0.000059,0.000001
330.720000,0.059508,-0.000060,0.000001
330.820000,0.059533,-0.000060,0.000001
330.920000,0.059557,-0.000060,0.000001
331.020000,0.059581,-0.000060,0.000001
331.120000,0.059606,-0.000060,0.000001
331.220000,0.059630,-0.000060,0.000001
331.320000,0.059655,-0.000060,0.000001
331.420000,0.059680,-0.000060,0.000001
331.520000,0.059705,-0.000060,0.000001
331.620000,0.059729,-0.000060,0.000001
331.720000,0.059753,-0.000060,0.000001
331.820000,0.059778,-0.000060,0.000001
331.920000,0.059802,-0.000060,0.000001
332.020000,0.059826,-0.000060,0.000001
332.120000,0.059851,-0.000060,0.000001
332.220000,0.059875,-0.000060,0.000001
332.320000,0.059900,-0.000060,0.000001
332.420000,0.059925,-0.000060,0.000001
332.520000,0.059949,-0.000060,0.000001
332.620000,0.059974,-0.000060,0.000001
332.720000,0.059999,-0.000060,0.000001
332.820000,0.060023,-0.000060,0.000001
332.920000,0.060047,-0.000060,0.000001
333.020000,0.060072,-0.000060,0.000001
333.120000,0.060096,-0.000060,0.000001
333.220000,0.060121,-0.000060,0.000001
333.320000,0.060145,-0.000060,0.000001
333.420000,0.060170,-0.000060,0.000001
333.520000,0.060195,-0.000060,0.000001
333.620000,0.060220,-0.000060,0.000001
333.720000,0.060244,-0.000060,0.000001
333.820000,0.060269,-0.000060,0.000001
333.920000,0.060293,-0.000060,0.000001
334.020000,0.060318,-0.000060,0.000001
334.120000,0.060343,-0.000060,0.000001
334.220000,0.060367,-0.000060,0.000001
334.320000,0.060392,-0.000060,0.000001
334.420000,0.060416,-0.000060,0.000001
334.520000,0.060441,-0.000060,0.000001
334.620000,0.060465,-0.000060,0.000001
334.720000,0.060490,-0.000060,0.000001
334.820000,0.060515,-0.000060,0.000001
334.920000,0.060540,-0.000060,0.000001
335.020000,0.060565,-0.000060,0.000001
335.120000,0.060590,-0.000060,0.000001
335.220000,0.060615,-0.000060,0.000001
335.320000,0.060639,-0.000060,0.000001
335.420000,0.060664,-0.000060,0.000001
335.520000,0.060689,-0.000060,0.000001
335.620000,0.060713,-0.000060,0.000001
335.720000,0.060738,-0.000060,0.000001
335.820000,0.060763,-0.000060,0.000001
335.920000,0.060787,-0.000060,0.000001
336.020000,0.060812,-0.000060,0.000001
336.120000,0.060837,-0.000060,0.000001
336.220000,0.060862,-0.000060,0.000001
336.320000,0.060886,-0.000060,0.000001
336.420000,0.060911,-0.000060,0.000001
336.520000,0.060936,-0.000060,0.000001
336.620000,0.060961,-0.000060,0.000001
336.720000,0.060986,-0.000060,0.000001
336.820000,0.061010,-0.000060,0.000001
336.920000,0.061035,-0.000060,0.000001
337.020000,0.061060,-0.000060,0.000001
337.120000,0.061085,-0.000060,0.000001
337.220000,0.061109,-0.000060,0.000001
337.320000,0.061134,-0.000060,0.000001
337.420000,0.061159,-0.000060,0.000001
337.520000,0.061184,-0.000061,0.000001
337.620000,0.061208,-0.000061,0.000001
337.720000,0.061233,-0.000061,0.000001
337.820000,0.061257,-0.000061,0.000001
337.920000,0.061282,-0.000061,0.000001
338.020000,0.061307,-0.000061,0.000001
338.120000,0.061332,-0.000061,0.000001
338.220000,0.061357,-0.000061,0.000001
338.320000,0.061382,-0.000061,0.000001
338.420000,0.061407,-0.000061,0.000001
338.520000,0.061432,-0.000061,0.000001
338.620000,0.061457,-0.000061,0.000001
338.720000,0.061482,-0.000061,0.000001
338.820000,0.061507,-0.000061,0.000001
338.920000,0.061532,-0.000061,0.000001
339.020000,0.061557,-0.000061,0.000001
339.120000,0.061582,-0.000061,0.000001
339.220000,0.061607,-0.000061,0.000001
339.320000,0.061631,-0.000061,0.000001
339.420000,0.061656,-0.000061,0.000001
339.520000,0.061681,-0.000061,0.000001
339.620000,0.061706,-0.000061,0.000001
339.720000,0.061730,-0.000061,0.000001
339.820000,0.061755,-0.000061,0.000001
339.920000,0.061780,-0.000061,0.000001
340.020000,0.061805,-0.000061,0.000001
340.120000,0.061829,-0.000061,0.000001
340.220000,0.061854,-0.000061,0.000001
340.320000,0.061879,-0.000061,0.000001
340.420000,0.061904,-0.000061,0.000001
340.520000,0.061929,-0.000061,0.000001
340.620000,0.061954,-0.000061,0.000001
340.720000,0.061979,-0.000061,0.000001
340.820000,0.062004,-0.000061,0.000001
340.920000,0.062029,-0.000061,0.000001
341.020000,0.062054,-0.000061,0.000001
341.120000,0.062079,-0.000061,0.000001
341.220000,0.062104,-0.000061,0.000001
341.320000,0.062129,-0.000061,0.000001
341.420000,0.062154,-0.000061,0.000001
341.520000,0.062179,-0.000061,0.000001
341.620000,0.062204,-0.000061,0.000001
341.720000,0.062229,-0.000061,0.000001
341.820000,0.062254,-0.000061,0.000001
341.920000,0.062279,-0.000061,0.000001
342.020000,0.062304,-0.000061,0.000001
342.120000,0.062329,-0.000061,0.000001
342.220000,0.062354,-0.000061,0.000001
342.320000,0.062379,-0.000061,0.000001
342.420000,0.062404,-0.000061,0.000001
342.520000,0.062430,-0.000061,0.000001
342.620000,0.062455,-0.000061,0.000001
342.720000,0.062480,-0.000061,0.000001
342.820000,0.062505,-0.000061,0.000001
342.920000,0.062530,-0.000061,0.000001
343.020000,0.062555,-0.000061,0.000001
343.120000,0.062580,-0.000061,0.000001
343.220000,0.062605,-0.000061,0.000001
343.320000,0.062630,-0.000061,0.000001
343.420000,0.062655,-0.000061,0.000001
343.520000,0.062681,-0.000061,0.000001
343.620000,0.062706,-0.000061,0.000001
343.720000,0.062731,-0.000061,0.000001
343.820000,0.062756,-0.000061,0.000001
343.920000,0.062781,-0.000061,0.000001
344.020000,0.062806,-0.000061,0.000001
344.120000,0.062831,-0.000061,0.000001
344.220000,0.062856,-0.000062,0.000001
344.320000,0.062881,-0.000062,0.000001
344.420000,0.062906,-0.000062,0.000001
344.520000,0.062931,-0.000062,0.000001
344.620000,0.062956,-0.000062,0.000001
344.720000,0.062981,-0.000062,0.000001
344.820000,0.063007,-0.000062,0.000001
344.920000,0.063032,-0.000062,0.000001
345.020000,0.063058,-0.000062,0.000001
345.120000,0.063083,-0.000062,0.000001
345.220000,0.063108,-0.000062,0.000001
345.320000,0.063134,-0.000062,0.000001
345.420000,0.063159,-0.000062,0.000001
345.520000,0.063184,-0.000062,0.000001
345.620000,0.063209,-0.000062,0.000001
345.720000,0.063234,-0.000062,0.000001
345.820000,0.063260,-0.000062,0.000001
345.920000,0.063285,-0.000062,0.000001
346.020000,0.063310,-0.000062,0.000001
346.120000,0.063335,-0.000062,0.000001
346.220000,0.063360,-0.000062,0.000001
346.320000,0.063385,-0.000062,0.000001
346.420000,0.063411,-0.000062,0.000001
346.520000,0.063436,-0.000062,0.000001
346.620000,0.063462,-0.000062,0.000001
346.720000,0.063487,-0.000062,0.000001
346.820000,0.063512,-0.000062,0.000001
346.920000,0.063537,-0.000062,0.000001
347.020000,0.063562,-0.000062,0.000001
347.120000,0.063587,-0.000062,0.000001
347.220000,0.063612,-0.000062,0.000001
347.320000,0.063638,-0.000062,0.000001
347.420000,0.063663,-0.000062,0.000001
347.520000,0.063688,-0.000062,0.000001
347.620000,0.063714,-0.000062,0.000001
347.720000,0.063740,-0.000062,0.000001
347.820000,0.063765,-0.000062,0.000001
347.920000,0.063791,-0.000062,0.000001
348.020000,0.063816,-0.000062,0.000001
348.120000,0.063841,-0.000062,0.000001
348.220000,0.063866,-0.000062,0.000001
348.320000,0.063892,-0.000062,0.000001
348.420000,0.063917,-0.000062,0.000001
348.520000,0.063942,-0.000062,0.000001
348.620000,0.063967,-0.000062,0.000001
348.720000,0.063993,-0.000062,0.000001
348.820000,0.064018,-0.000062,0.000001
348.920000,0.064044,-0.000062,0.000001
349.020000,0.064069,-0.000062,0.000001
349.140000,0.064099,-0.000062,0.000001
349.240000,0.064124,-0.000062,0.000001
349.340000,0.064150,-0.000062,0.000001
349.440000,0.064175,-0.000062,0.000001
349.540000,0.064201,-0.000062,0.000001
349.640000,0.064226,-0.000062,0.000001
349.740000,0.064252,-0.000062,0.000001
349.840000,0.064277,-0.000062,0.000001
349.940000,0.064303,-0.000062,0.000001
350.040000,0.064328,-0.000062,0.000001
350.140000,0.064353,-0.000062,0.000002
350.240000,0.064378,-0.000062,0.000001
350.340000,0.064404,-0.000062,0.000001
350.440000,0.064429,-0.000062,0.000001
350.540000,0.064455,-0.000062,0.000001
350.640000,0.064481,-0.000062,0.000002
350.740000,0.064506,-0.000062,0.000001
350.840000,0.064532,-0.000063,0.000001
350.940000,0.064557,-0.000063,0.000001
351.040000,0.064583,-0.000063,0.000001
351.140000,0.064608,-0.000063,0.000001
351.240000,0.064633,-0.000063,0.000001
351.340000,0.064658,-0.000063,0.000001
351.440000,0.064685,-0.000063,0.000001
351.540000,0.064710,-0.000063,0.000001
351.640000,0.064735,-0.000063,0.000001
351.760000,0.064766,-0.000063,0.000001
351.860000,0.064791,-0.000063,0.000001
351.960000,0.064817,-0.000063,0.000001
352.060000,0.064842,-0.000063,0.000001
352.160000,0.064868,-0.000063,0.000001
352.260000,0.064893,-0.000063,0.000001
352.360000,0.064919,-0.000063,0.000001
352.460000,0.064944,-0.000063,0.000001
352.560000,0.064970,-0.000063,0.000001
352.660000,0.064996,-0.000063,0.000001
352.760000,0.065022,-0.000063,0.000001
352.860000,0.065048,-0.000063,0.000001
352.960000,0.065074,-0.000063,0.000001
353.060000,0.065099,-0.000063,0.000001
353.160000,0.065124,-0.000063,0.000001
353.260000,0.065150,-0.000063,0.000001
353.360000,0.065175,-0.000063,0.000001
353.460000,0.065201,-0.000063,0.000001
353.560000,0.065226,-0.000063,0.000001
353.660000,0.065252,-0.000063,0.000001
353.760000,0.065278,-0.000063,0.000001
353.860000,0.065304,-0.000063,0.000001
353.960000,0.065329,-0.000063,0.000001
354.060000,0.065355,-0.000063,0.000001
354.160000,0.065380,-0.000063,0.000001
354.260000,0.065406,-0.000063,0.000001
354.360000,0.065432,-0.000063,0.000001
354.460000,0.065458,-0.000063,0.000001
354.560000,0.065483,-0.000063,0.000001
354.660000,0.065508,-0.000063,0.000001
354.760000,0.065535,-0.000063,0.000001
354.860000,0.065560,-0.000063,0.000001
354.960000,0.065585,-0.000063,0.000001
355.060000,0.065611,-0.000063,0.000001
355.160000,0.065637,-0.000063,0.000001
355.260000,0.065663,-0.000063,0.000001
355.360000,0.065688,-0.000063,0.000001
355.460000,0.065714,-0.000063,0.000001
355.560000,0.065740,-0.000063,0.000001
355.660000,0.065766,-0.000063,0.000001
355.760000,0.065792,-0.000063,0.000001
355.860000,0.065817,-0.000063,0.000001
355.960000,0.065843,-0.000063,0.000001
356.060000,0.065869,-0.000063,0.000001
356.160000,0.065894,-0.000063,0.000001
356.260000,0.065920,-0.000063,0.000001
356.360000,0.065946,-0.000063,0.000001
356.460000,0.065972,-0.000063,0.000001
356.560000,0.065998,-0.000063,0.000001
356.660000,0.066024,-0.000063,0.000001
356.760000,0.066049,-0.000063,0.000001
356.860000,0.066074,-0.000063,0.000001
356.960000,0.066101,-0.000063,0.000001
357.060000,0.066127,-0.000063,0.000001
357.160000,0.066153,-0.000063,0.000001
357.260000,0.066179,-0.000063,0.000001
357.360000,0.066204,-0.000063,0.000001
357.460000,0.066231,-0.000063,0.000001
357.560000,0.066257,-0.000063,0.000001
357.660000,0.066282,-0.000064,0.000001
357.760000,0.066307,-0.000064,0.000001
357.860000,0.066333,-0.000064,0.000001
357.960000,0.066358,-0.000064,0.000001
358.060000,0.066384,-0.000064,0.000001
358.160000,0.066410,-0.000064,0.000001
358.260000,0.066436,-0.000064,0.000001
358.360000,0.066461,-0.000064,0.000001
358.460000,0.066487,-0.000064,0.000001
358.560000,0.066514,-0.000064,0.000001
358.660000,0.066539,-0.000064,0.000001
358.760000,0.066566,-0.000064,0.000001
358.860000,0.066592,-0.000064,0.000001
358.960000,0.066618,-0.000064,0.000001
359.060000,0.066643,-0.000064,0.000001
359.160000,0.066669,-0.000064,0.000001
359.260000,0.066695,-0.000064,0.000001
359.360000,0.066721,-0.000064,0.000001
359.460000,0.066746,-0.000064,0.000001
359.560000,0.066772,-0.000064,0.000001
359.660000,0.066799,-0.000064,0.000001
359.760000,0.066825,-0.000064,0.000001
359.860000,0.066851,-0.000064,0.000001
359.960000,0.066877,-0.000064,0.000001
360.060000,0.066903,-0.000064,0.000001
360.160000,0.066929,-0.000064,0.000001
360.260000,0.066955,-0.000064,0.000001
360.360000,0.066981,-0.000064,0.000001
360.460000,0.067007,-0.000064,0.000001
360.560000,0.067033,-0.000064,0.000001
360.660000,0.067060,-0.000064,0.000001
360.760000,0.067085,-0.000064,0.000001
360.860000,0.067111,-0.000064,0.000001
360.960000,0.067136,-0.000064,0.000001
361.060000,0.067162,-0.000064,0.000001
361.160000,0.067188,-0.000064,0.000001
361.260000,0.067214,-0.000064,0.000001
361.360000,0.067240,-0.000064,0.000001
361.460000,0.067266,-0.000064,0.000001
361.560000,0.067292,-0.000064,0.000001
361.660000,0.067319,-0.000064,0.000001
361.760000,0.067345,-0.000064,0.000001
361.860000,0.067371,-0.000064,0.000001
361.960000,0.067398,-0.000064,0.000001
362.060000,0.067423,-0.000064,0.000001
362.160000,0.067450,-0.000064,0.000001
362.260000,0.067475,-0.000064,0.000001
362.360000,0.067501,-0.000064,0.000001
362.460000,0.067527,-0.000064,0.000001
362.560000,0.067553,-0.000064,0.000001
362.660000,0.067580,-0.000064,0.000001
362.760000,0.067606,-0.000064,0.000001
362.860000,0.067632,-0.000064,0.000001
362.960000,0.067658,-0.000064,0.000001
363.060000,0.067684,-0.000064,0.000001
363.160000,0.067710,-0.000064,0.000001
363.260000,0.067736,-0.000064,0.000001
363.360000,0.067762,-0.000064,0.000001
363.460000,0.067789,-0.000064,0.000001
363.560000,0.067815,-0.000064,0.000001
363.660000,0.067841,-0.000064,0.000001
363.760000,0.067867,-0.000064,0.000001
363.860000,0.067893,-0.000064,0.000001
363.960000,0.067920,-0.000064,0.000001
364.060000,0.067946,-0.000064,0.000001
364.160000,0.067971,-0.000064,0.000001
364.260000,0.067997,-0.000064,0.000001
364.360000,0.068024,-0.000064,0.000001
364.460000,0.068050,-0.000065,0.000001
364.560000,0.068076,-0.000065,0.000001
364.660000,0.068102,-0.000065,0.000001
364.760000,0.068129,-0.000065,0.000001
364.860000,0.068155,-0.000065,0.000001
364.960000,0.068181,-0.000065,0.000001
365.060000,0.068207,-0.000065,0.000001
365.160000,0.068234,-0.000065,0.000001
365.260000,0.068260,-0.000065,0.000001
365.360000,0.068286,-0.000065,0.000001
365.460000,0.068313,-0.000065,0.000001
365.560000,0.068339,-0.000065,0.000001
365.660000,0.068365,-0.000065,0.000001
365.760000,0.068391,-0.000065,0.000001
365.860000,0.068417,-0.000065,0.000001
365.960000,0.068443,-0.000065,0.000001
366.060000,0.068470,-0.000065,0.000001
366.160000,0.068497,-0.000065,0.000001
366.260000,0.068523,-0.000065,0.000001
366.360000,0.068549,-0.000065,0.000001
366.460000,0.068576,-0.000065,0.000001
366.560000,0.068602,-0.000065,0.000001
366.660000,0.068628,-0.000065,0.000001
366.760000,0.068654,-0.000065,0.000001
366.860000,0.068680,-0.000065,0.000001
366.960000,0.068706,-0.000065,0.000001
367.060000,0.068733,-0.000065,0.000001
367.160000,0.068759,-0.000065,0.000001
367.260000,0.068786,-0.000065,0.000001
367.360000,0.068812,-0.000065,0.000001
367.460000,0.068839,-0.000065,0.000001
367.560000,0.068866,-0.000065,0.000001
367.660000,0.068892,-0.000065,0.000001
367.760000,0.068918,-0.000065,0.000001
367.860000,0.068944,-0.000065,0.000001
367.960000,0.068970,-0.000065,0.000001
368.060000,0.068997,-0.000065,0.000001
368.160000,0.069023,-0.000065,0.000001
368.260000,0.069050,-0.000065,0.000001
368.360000,0.069077,-0.000065,0.000001
368.460000,0.069103,-0.000065,0.000001
368.560000,0.069130,-0.000065,0.000001
368.660000,0.069156,-0.000065,0.000001
368.760000,0.069182,-0.000065,0.000001
368.860000,0.069209,-0.000065,0.000001
368.960000,0.069235,-0.000065,0.000001
369.060000,0.069261,-0.000065,0.000001
369.160000,0.069287,-0.000065,0.000001
369.260000,0.069313,-0.000065,0.000001
369.360000,0.069340,-0.000065,0.000001
369.460000,0.069367,-0.000065,0.000001
369.560000,0.069393,-0.000065,0.000001
369.660000,0.069419,-0.000065,0.000001
369.760000,0.069446,-0.000065,0.000001
369.860000,0.069472,-0.000065,0.000001
369.960000,0.069499,-0.000065,0.000001
370.060000,0.069525,-0.000065,0.000001
370.160000,0.069551,-0.000065,0.000001
370.260000,0.069578,-0.000065,0.000001
370.360000,0.069604,-0.000065,0.000001
370.460000,0.069631,-0.000065,0.000001
370.560000,0.069658,-0.000065,0.000001
370.660000,0.069685,-0.000065,0.000001
370.760000,0.069712,-0.000065,0.000001
370.860000,0.069738,-0.000065,0.000001
370.960000,0.069765,-0.000065,0.000001
371.060000,0.069791,-0.000065,0.000001
371.160000,0.069818,-0.000065,0.000001
371.260000,0.069845,-0.000066,0.000001
371.360000,0.069871,-0.000066,0.000001
371.460000,0.069898,-0.000066,0.000001
371.560000,0.069924,-0.000066,0.000001
371.660000,0.069951,-0.000066,0.000001
371.760000,0.069977,-0.000066,0.000001
371.860000,0.070004,-0.000066,0.000001
371.960000,0.070031,-0.000066,0.000001
372.060000,0.070058,-0.000066,0.000001
372.160000,0.070084,-0.000066,0.000001
372.260000,0.070110,-0.000066,0.000001
372.360000,0.070137,-0.000066,0.000001
372.460000,0.070164,-0.000066,0.000001
372.560000,0.070191,-0.000066,0.000001
372.660000,0.070217,-0.000066,0.000001
372.760000,0.070243,-0.000066,0.000001
372.860000,0.070270,-0.000066,0.000001
372.960000,0.070296,-0.000066,0.000001
373.060000,0.070323,-0.000066,0.000001
373.160000,0.070349,-0.000066,0.000001
373.260000,0.070376,-0.000066,0.000001
373.360000,0.070403,-0.000066,0.000001
373.460000,0.070430,-0.000066,0.000001
373.560000,0.070457,-0.000066,0.000001
373.660000,0.070483,-0.000066,0.000001
373.760000,0.070510,-0.000066,0.000001
373.860000,0.070537,-0.000066,0.000001
373.960000,0.070563,-0.000066,0.000001
374.060000,0.070591,-0.000066,0.000001
374.160000,0.070618,-0.000066,0.000001
374.260000,0.070645,-0.000066,0.000001
374.360000,0.070672,-0.000066,0.000001
374.460000,0.070698,-0.000066,0.000001
374.560000,0.070724,-0.000066,0.000001
374.660000,0.070751,-0.000066,0.000001
374.760000,0.070777,-0.000066,0.000001
374.860000,0.070804,-0.000066,0.000001
374.960000,0.070831,-0.000066,0.000001
375.060000,0.070858,-0.000066,0.000001
375.160000,0.070885,-0.000066,0.000001
375.260000,0.070911,-0.000066,0.000001
375.360000,0.070938,-0.000066,0.000001
375.460000,0.070965,-0.000066,0.000001
375.560000,0.070991,-0.000066,0.000001
375.660000,0.071019,-0.000066,0.000001
375.760000,0.071045,-0.000066,0.000001
375.860000,0.071072,-0.000066,0.000001
375.960000,0.071099,-0.000066,0.000001
376.060000,0.071126,-0.000066,0.000001
376.160000,0.071154,-0.000066,0.000001
376.260000,0.071181,-0.000066,0.000001
376.360000,0.071208,-0.000066,0.000001
376.460000,0.071235,-0.000066,0.000001
376.560000,0.071261,-0.000066,0.000001
376.660000,0.071288,-0.000066,0.000001
376.760000,0.071315,-0.000066,0.000001
376.860000,0.071341,-0.000066,0.000001
376.960000,0.071368,-0.000066,0.000001
377.060000,0.071395,-0.000066,0.000001
377.160000,0.071422,-0.000066,0.000001
377.260000,0.071448,-0.000066,0.000001
377.360000,0.071476,-0.000066,0.000001
377.460000,0.071503,-0.000066,0.000001
377.560000,0.071529,-0.000066,0.000001
377.660000,0.071557,-0.000066,0.000001
377.760000,0.071584,-0.000066,0.000001
377.860000,0.071610,-0.000066,0.000001
377.960000,0.071637,-0.000066,0.000001
378.060000,0.071664,-0.000066,0.000001
378.160000,0.071691,-0.000067,0.000001
378.260000,0.071718,-0.000067,0.000001
378.360000,0.071744,-0.000067,0.000001
378.460000,0.071771,-0.000067,0.000001
378.560000,0.071798,-0.000067,0.000001
378.660000,0.071825,-0.000067,0.000001
378.760000,0.071852,-0.000067,0.000001
378.860000,0.071879,-0.000067,0.000001
378.960000,0.071906,-0.000067,0.000001
379.060000,0.071933,-0.000067,0.000001
379.160000,0.071961,-0.000067,0.000001
379.260000,0.071988,-0.000067,0.000001
379.360000,0.072015,-0.000067,0.000001
379.460000,0.072042,-0.000067,0.000001
379.560000,0.072068,-0.000067,0.000001
379.660000,0.072096,-0.000067,0.000001
379.760000,0.072123,-0.000067,0.000001
379.860000,0.072150,-0.000067,0.000001
379.960000,0.072176,-0.000067,0.000001
380.060000,0.072203,-0.000067,0.000001
380.160000,0.072230,-0.000067,0.000001
380.260000,0.072257,-0.000067,0.000001
380.360000,0.072284,-0.000067,0.000001
380.460000,0.072312,-0.000067,0.000001
380.560000,0.072338,-0.000067,0.000001
380.660000,0.072365,-0.000067,0.000001
380.760000,0.072393,-0.000067,0.000001
380.860000,0.072420,-0.000067,0.000001
380.960000,0.072447,-0.000067,0.000001
381.060000,0.072474,-0.000067,0.000001
381.160000,0.072501,-0.000067,0.000001
381.260000,0.072528,-0.000067,0.000001
381.360000,0.072555,-0.000067,0.000001
381.460000,0.072582,-0.000067,0.000001
381.560000,0.072609,-0.000067,0.000001
381.660000,0.072636,-0.000067,0.000001
381.760000,0.072663,-0.000067,0.000001
381.860000,0.072690,-0.000067,0.000001
381.960000,0.072718,-0.000067,0.000001
382.060000,0.072745,-0.000067,0.000001
382.160000,0.072772,-0.000067,0.000001
382.260000,0.072800,-0.000067,0.000001
382.360000,0.072827,-0.000067,0.000001
382.460000,0.072854,-0.000067,0.000001
382.560000,0.072881,-0.000067,0.000001
382.660000,0.072908,-0.000067,0.000001
382.760000,0.072936,-0.000067,0.000001
382.860000,0.072963,-0.000067,0.000001
382.960000,0.072990,-0.000067,0.000001
383.060000,0.073018,-0.000067,0.000001
383.160000,0.073045,-0.000067,0.000001
383.260000,0.073072,-0.000067,0.000001
383.360000,0.073099,-0.000067,0.000001
383.460000,0.073126,-0.000067,0.000001
383.560000,0.073153,-0.000067,0.000001
383.660000,0.073180,-0.000067,0.000001
383.760000,0.073208,-0.000067,0.000001
383.860000,0.073235,-0.000067,0.000001
383.960000,0.073262,-0.000067,0.000001
384.060000,0.073290,-0.000067,0.000001
384.160000,0.073317,-0.000067,0.000001
384.260000,0.073345,-0.000067,0.000001
384.360000,0.073372,-0.000067,0.000001
384.460000,0.073400,-0.000067,0.000001
384.560000,0.073427,-0.000067,0.000001
384.660000,0.073454,-0.000067,0.000001
384.760000,0.073481,-0.000067,0.000001
384.860000,0.073508,-0.000067,0.000001
384.960000,0.073535,-0.000067,0.000001
385.060000,0.073562,-0.000068,0.000001
385.160000,0.073590,-0.000068,0.000001
385.260000,0.073617,-0.000068,0.000001
385.360000,0.073644,-0.000068,0.000001
385.460000,0.073672,-0.000068,0.000001
385.560000,0.073699,-0.000068,0.000001
385.660000,0.073726,-0.000068,0.000001
385.760000,0.073754,-0.000068,0.000001
385.860000,0.073781,-0.000068,0.000001
385.960000,0.073809,-0.000068,0.000001
386.060000,0.073836,-0.000068,0.000001
386.160000,0.073864,-0.000068,0.000001
386.260000,0.073892,-0.000068,0.000001
386.360000,0.073920,-0.000068,0.000001
386.460000,0.073946,-0.000068,0.000001
386.560000,0.073974,-0.000068,0.000001
386.660000,0.074001,-0.000068,0.000001
386.760000,0.074028,-0.000068,0.000001
386.860000,0.074056,-0.000068,0.000001
386.960000,0.074083,-0.000068,0.000001
387.060000,0.074111,-0.000068,0.000001
387.160000,0.074138,-0.000068,0.000001
387.260000,0.074166,-0.000068,0.000001
387.360000,0.074193,-0.000068,0.000001
387.460000,0.074221,-0.000068,0.000001
387.560000,0.074248,-0.000068,0.000001
387.660000,0.074275,-0.000068,0.000001
387.760000,0.074303,-0.000068,0.000001
387.860000,0.074330,-0.000068,0.000001
387.960000,0.074357,-0.000068,0.000001
388.060000,0.074385,-0.000068,0.000001
388.160000,0.074412,-0.000068,0.000001
388.260000,0.074441,-0.000068,0.000001
388.360000,0.074469,-0.000068,0.000001
388.460000,0.074496,-0.000068,0.000001
388.560000,0.074523,-0.000068,0.000001
388.660000,0.074550,-0.000068,0.000001
388.760000,0.074578,-0.000068,0.000001
388.860000,0.074605,-0.000068,0.000001
388.960000,0.074633,-0.000068,0.000001
389.060000,0.074661,-0.000068,0.000001
389.160000,0.074689,-0.000068,0.000001
389.260000,0.074716,-0.000068,0.000001
389.360000,0.074744,-0.000068,0.000001
389.460000,0.074772,-0.000068,0.000001
389.560000,0.074799,-0.000068,0.000001
389.660000,0.074826,-0.000068,0.000001
389.760000,0.074854,-0.000068,0.000001
389.860000,0.074882,-0.000068,0.000001
389.960000,0.074910,-0.000068,0.000001
390.060000,0.074937,-0.000068,0.000001
390.160000,0.074965,-0.000068,0.000001
390.260000,0.074992,-0.000068,0.000001
390.360000,0.075020,-0.000068,0.000001
390.460000,0.075047,-0.000068,0.000001
390.560000,0.075075,-0.000068,0.000001
390.660000,0.075103,-0.000068,0.000001
390.760000,0.075130,-0.000068,0.000001
390.860000,0.075158,-0.000068,0.000001
390.960000,0.075185,-0.000068,0.000001
391.060000,0.075214,-0.000068,0.000001
391.160000,0.075241,-0.000068,0.000001
391.260000,0.075268,-0.000068,0.000001
391.360000,0.075296,-0.000068,0.000001
391.460000,0.075323,-0.000068,0.000001
391.560000,0.075351,-0.000068,0.000001
391.660000,0.075379,-0.000068,0.000001
391.760000,0.075407,-0.000068,0.000001
391.860000,0.075435,-0.000068,0.000001
391.960000,0.075464,-0.000069,0.000001
392.060000,0.075492,-0.000069,0.000001
392.160000,0.075520,-0.000069,0.000001
392.260000,0.075547,-0.000069,0.000001
392.360000,0.075575,-0.000069,0.000001
392.460000,0.075602,-0.000069,0.000001
392.560000,0.075629,-0.000069,0.000001
392.660000,0.075657,-0.000069,0.000001
392.760000,0.075686,-0.000069,0.000001
392.860000,0.075714,-0.000069,0.000001
392.960000,0.075741,-0.000069,0.000001
393.060000,0.075768,-0.000069,0.000001
393.160000,0.075797,-0.000069,0.000001
393.260000,0.075824,-0.000069,0.000001
393.360000,0.075852,-0.000069,0.000001
393.460000,0.075880,-0.000069,0.000001
393.560000,0.075908,-0.000069,0.000001
393.660000,0.075936,-0.000069,0.000001
393.760000,0.075964,-0.000069,0.000001
393.860000,0.075991,-0.000069,0.000001
393.960000,0.076019,-0.000069,0.000001
394.060000,0.076047,-0.000069,0.000001
394.160000,0.076074,-0.000069,0.000001
394.260000,0.076103,-0.000069,0.000001
394.360000,0.076130,-0.000069,0.000001
394.460000,0.076158,-0.000069,0.000001
394.560000,0.076185,-0.000069,0.000001
394.660000,0.076213,-0.000069,0.000001
394.760000,0.076242,-0.000069,0.000001
394.860000,0.076269,-0.000069,0.000001
394.960000,0.076297,-0.000069,0.000001
395.060000,0.076325,-0.000069,0.000001
395.160000,0.076353,-0.000069,0.000001
395.260000,0.076381,-0.000069,0.000001
395.360000,0.076408,-0.000069,0.000001
395.460000,0.076436,-0.000069,0.000001
395.560000,0.076464,-0.000069,0.000001
395.660000,0.076492,-0.000069,0.000001
395.760000,0.076521,-0.000069,0.000001
395.860000,0.076549,-0.000069,0.000001
395.960000,0.076577,-0.000069,0.000001
396.060000,0.076604,-0.000069,0.000001
396.160000,0.076632,-0.000069,0.000001
396.260000,0.076660,-0.000069,0.000001
396.360000,0.076688,-0.000069,0.000001
396.460000,0.076716,-0.000069,0.000001
396.560000,0.076744,-0.000069,0.000001
396.660000,0.076773,-0.000069,0.000001
396.760000,0.076800,-0.000069,0.000001
396.860000,0.076829,-0.000069,0.000001
396.960000,0.076857,-0.000069,0.000001
397.060000,0.076885,-0.000069,0.000001
397.160000,0.076913,-0.000069,0.000001
397.260000,0.076941,-0.000069,0.000001
397.360000,0.076969,-0.000069,0.000001
397.460000,0.076997,-0.000069,0.000001
397.560000,0.077025,-0.000069,0.000001
397.660000,0.077053,-0.000069,0.000001
397.760000,0.077081,-0.000069,0.000001
397.860000,0.077109,-0.000069,0.000001
397.960000,0.077138,-0.000069,0.000001
398.060000,0.077166,-0.000069,0.000001
398.160000,0.077195,-0.000069,0.000001
398.260000,0.077222,-0.000069,0.000001
398.360000,0.077250,-0.000069,0.000001
398.460000,0.077278,-0.000069,0.000001
398.560000,0.077306,-0.000069,0.000001
398.660000,0.077334,-0.000069,0.000001
398.760000,0.077363,-0.000069,0.000001
398.860000,0.077390,-0.000069,0.000001
398.960000,0.077419,-0.000070,0.000001
399.060000,0.077446,-0.000070,0.000001
399.160000,0.077474,-0.000070,0.000001
399.260000,0.077503,-0.000070,0.000001
399.360000,0.077531,-0.000070,0.000001
399.460000,0.077560,-0.000070,0.000001
399.560000,0.077588,-0.000070,0.000001
399.660000,0.077615,-0.000070,0.000001
399.760000,0.077643,-0.000070,0.000001
399.860000,0.077671,-0.000070,0.000001
399.960000,0.077699,-0.000070,0.000001
400.060000,0.077728,-0.000070,0.000001
400.160000,0.077756,-0.000070,0.000001
400.260000,0.077785,-0.000070,0.000001
400.360000,0.077813,-0.000070,0.000001
400.460000,0.077840,-0.000070,0.000001
400.560000,0.077868,-0.000070,0.000001
400.660000,0.077897,-0.000070,0.000001
400.760000,0.077926,-0.000070,0.000001
400.860000,0.077954,-0.000070,0.000001
400.960000,0.077983,-0.000070,0.000001
401.060000,0.078011,-0.000070,0.000001
401.160000,0.078039,-0.000070,0.000001
401.260000,0.078068,-0.000070,0.000001
401.360000,0.078095,-0.000070,0.000001
401.460000,0.078123,-0.000070,0.000001
401.560000,0.078152,-0.000070,0.000001
401.660000,0.078180,-0.000070,0.000001
401.760000,0.078208,-0.000070,0.000001
401.860000,0.078236,-0.000070,0.000001
401.960000,0.078264,-0.000070,0.000001
402.060000,0.078292,-0.000070,0.000001
402.160000,0.078321,-0.000070,0.000001
402.260000,0.078349,-0.000070,0.000001
402.360000,0.078378,-0.000070,0.000001
402.460000,0.078406,-0.000070,0.000001
402.560000,0.078435,-0.000070,0.000001
402.660000,0.078463,-0.000070,0.000001
402.760000,0.078491,-0.000070,0.000001
402.860000,0.078520,-0.000070,0.000001
402.960000,0.078549,-0.000070,0.000001
403.060000,0.078578,-0.000070,0.000001
403.160000,0.078605,-0.000070,0.000001
403.260000,0.078633,-0.000070,0.000001
403.360000,0.078662,-0.000070,0.000001
403.460000,0.078691,-0.000070,0.000001
403.560000,0.078719,-0.000070,0.000001
403.660000,0.078748,-0.000070,0.000001
403.760000,0.078776,-0.000070,0.000001
403.880000,0.078810,-0.000070,0.000001
403.980000,0.078838,-0.000070,0.000001
404.080000,0.078866,-0.000070,0.000001
404.180000,0.078895,-0.000070,0.000001
404.280000,0.078923,-0.000070,0.000001
404.380000,0.078951,-0.000070,0.000001
404.480000,0.078980,-0.000070,0.000001
404.580000,0.079008,-0.000070,0.000001
404.680000,0.079036,-0.000070,0.000001
404.780000,0.079065,-0.000070,0.000001
404.880000,0.079093,-0.000070,0.000001
404.980000,0.079123,-0.000070,0.000001
405.080000,0.079152,-0.000070,0.000001
405.180000,0.079180,-0.000070,0.000001
405.280000,0.079208,-0.000070,0.000001
405.380000,0.079237,-0.000070,0.000001
405.480000,0.079266,-0.000070,0.000001
405.580000,0.079295,-0.000070,0.000001
405.680000,0.079323,-0.000070,0.000001
405.780000,0.079352,-0.000070,0.000001
405.880000,0.079380,-0.000070,0.000001
405.980000,0.079409,-0.000071,0.000001
406.080000,0.079437,-0.000071,0.000001
406.180000,0.079465,-0.000071,0.000001
406.280000,0.079493,-0.000071,0.000001
406.380000,0.079522,-0.000071,0.000001
406.480000,0.079551,-0.000071,0.000001
406.580000,0.079579,-0.000071,0.000001
406.680000,0.079608,-0.000071,0.000001
406.780000,0.079637,-0.000071,0.000001
406.880000,0.079666,-0.000071,0.000001
406.980000,0.079695,-0.000071,0.000001
407.080000,0.079723,-0.000071,0.000001
407.180000,0.079751,-0.000071,0.000001
407.280000,0.079779,-0.000071,0.000001
407.380000,0.079808,-0.000071,0.000001
407.480000,0.079836,-0.000071,0.000001
407.580000,0.079866,-0.000071,0.000001
407.680000,0.079894,-0.000071,0.000001
407.780000,0.079923,-0.000071,0.000001
407.880000,0.079952,-0.000071,0.000001
407.980000,0.079980,-0.000071,0.000001
408.080000,0.080009,-0.000071,0.000001
408.180000,0.080038,-0.000071,0.000001
408.280000,0.080066,-0.000071,0.000001
408.380000,0.080095,-0.000071,0.000001
408.480000,0.080124,-0.000071,0.000001
408.580000,0.080152,-0.000071,0.000001
408.680000,0.080181,-0.000071,0.000001
408.780000,0.080209,-0.000071,0.000001
408.880000,0.080238,-0.000071,0.000001
408.980000,0.080267,-0.000071,0.000001
409.080000,0.080296,-0.000071,0.000001
409.180000,0.080324,-0.000071,0.000001
409.280000,0.080354,-0.000071,0.000001
409.380000,0.080383,-0.000071,0.000001
409.480000,0.080411,-0.000071,0.000001
409.580000,0.080440,-0.000071,0.000001
409.680000,0.080468,-0.000071,0.000001
409.780000,0.080497,-0.000071,0.000001
409.880000,0.080526,-0.000071,0.000001
409.980000,0.080554,-0.000071,0.000001
410.080000,0.080583,-0.000071,0.000001
410.180000,0.080612,-0.000071,0.000001
410.280000,0.080641,-0.000071,0.000001
410.380000,0.080669,-0.000071,0.000001
410.480000,0.080698,-0.000071,0.000001
410.580000,0.080727,-0.000071,0.000001
410.680000,0.080756,-0.000071,0.000001
410.780000,0.080785,-0.000071,0.000001
410.880000,0.080814,-0.000071,0.000001
410.980000,0.080843,-0.000071,0.000001
411.080000,0.080871,-0.000071,0.000001
411.180000,0.080900,-0.000071,0.000001
411.280000,0.080930,-0.000071,0.000001
411.380000,0.080958,-0.000071,0.000001
411.480000,0.080988,-0.000071,0.000001
411.580000,0.081017,-0.000071,0.000001
411.680000,0.081046,-0.000071,0.000001
411.780000,0.081074,-0.000071,0.000001
411.880000,0.081104,-0.000071,0.000001
411.980000,0.081132,-0.000071,0.000001
412.080000,0.081161,-0.000071,0.000001
412.180000,0.081190,-0.000071,0.000001
412.280000,0.081219,-0.000071,0.000001
412.380000,0.081248,-0.000071,0.000001
412.480000,0.081277,-0.000071,0.000001
412.580000,0.081305,-0.000071,0.000001
412.680000,0.081334,-0.000071,0.000001
412.780000,0.081363,-0.000071,0.000001
412.880000,0.081393,-0.000071,0.000001
412.980000,0.081421,-0.000071,0.000001
413.080000,0.081450,-0.000072,0.000001
413.180000,0.081479,-0.000072,0.000001
413.280000,0.081508,-0.000072,0.000001
413.380000,0.081537,-0.000072,0.000001
413.480000,0.081566,-0.000072,0.000001
413.580000,0.081595,-0.000072,0.000001
413.680000,0.081624,-0.000072,0.000001
413.780000,0.081654,-0.000072,0.000001
413.880000,0.081682,-0.000072,0.000001
413.980000,0.081711,-0.000072,0.000001
414.080000,0.081741,-0.000072,0.000001
414.180000,0.081770,-0.000072,0.000001
414.280000,0.081798,-0.000072,0.000001
414.380000,0.081827,-0.000072,0.000001
414.480000,0.081856,-0.000072,0.000001
414.580000,0.081886,-0.000072,0.000001
414.680000,0.081915,-0.000072,0.000001
414.780000,0.081944,-0.000072,0.000001
414.880000,0.081973,-0.000072,0.000001
414.980000,0.082002,-0.000072,0.000001
415.080000,0.082031,-0.000072,0.000001
415.180000,0.082060,-0.000072,0.000001
415.280000,0.082089,-0.000072,0.000001
415.380000,0.082118,-0.000072,0.000001
415.480000,0.082147,-0.000072,0.000001
415.580000,0.082176,-0.000072,0.000001
415.680000,0.082206,-0.000072,0.000001
415.780000,0.082236,-0.000072,0.000001
415.880000,0.082264,-0.000072,0.000001
415.980000,0.082293,-0.000072,0.000001
416.080000,0.082322,-0.000072,0.000001
416.180000,0.082351,-0.000072,0.000001
416.280000,0.082380,-0.000072,0.000001
416.380000,0.082410,-0.000072,0.000001
416.480000,0.082439,-0.000072,0.000001
416.580000,0.082468,-0.000072,0.000001
416.680000,0.082497,-0.000072,0.000001
416.780000,0.082526,-0.000072,0.000001
416.880000,0.082556,-0.000072,0.000001
416.980000,0.082585,-0.000072,0.000001
417.080000,0.082615,-0.000072,0.000001
417.180000,0.082644,-0.000072,0.000001
417.280000,0.082673,-0.000072,0.000001
417.380000,0.082702,-0.000072,0.000001
417.480000,0.082732,-0.000072,0.000001
417.580000,0.082761,-0.000072,0.000001
417.680000,0.082791,-0.000072,0.000001
417.780000,0.082820,-0.000072,0.000001
417.880000,0.082849,-0.000072,0.000001
417.980000,0.082878,-0.000072,0.000001
418.080000,0.082907,-0.000072,0.000001
418.180000,0.082936,-0.000072,0.000001
418.280000,0.082965,-0.000072,0.000001
418.380000,0.082995,-0.000072,0.000001
418.480000,0.083024,-0.000072,0.000001
418.580000,0.083054,-0.000072,0.000001
418.680000,0.083083,-0.000072,0.000001
418.780000,0.083112,-0.000072,0.000001
418.880000,0.083141,-0.000072,0.000001
418.980000,0.083171,-0.000072,0.000001
419.080000,0.083200,-0.000072,0.000001
419.180000,0.083230,-0.000072,0.000001
419.280000,0.083260,-0.000072,0.000001
419.380000,0.083289,-0.000072,0.000001
419.480000,0.083319,-0.000072,0.000001
419.580000,0.083348,-0.000072,0.000001
419.680000,0.083377,-0.000072,0.000001
419.780000,0.083406,-0.000072,0.000001
419.880000,0.083435,-0.000072,0.000001
419.980000,0.083464,-0.000072,0.000001
420.080000,0.083494,-0.000072,0.000001
420.180000,0.083523,-0.000073,0.000001
420.280000,0.083553,-0.000073,0.000001
420.380000,0.083583,-0.000073,0.000001
420.480000,0.083613,-0.000073,0.000001
420.580000,0.083642,-0.000073,0.000001
420.680000,0.083671,-0.000073,0.000001
420.780000,0.083700,-0.000073,0.000001
420.880000,0.083730,-0.000073,0.000001
420.980000,0.083760,-0.000073,0.000001
421.080000,0.083789,-0.000073,0.000001
421.180000,0.083818,-0.000073,0.000001
421.280000,0.083848,-0.000073,0.000001
421.380000,0.083877,-0.000073,0.000001
421.480000,0.083906,-0.000073,0.000001
421.580000,0.083936,-0.000073,0.000001
421.680000,0.083966,-0.000073,0.000001
421.780000,0.083995,-0.000073,0.000001
421.880000,0.084024,-0.000073,0.000001
421.980000,0.084054,-0.000073,0.000001
422.080000,0.084083,-0.000073,0.000001
422.180000,0.084113,-0.000073,0.000001
422.280000,0.084143,-0.000073,0.000001
422.380000,0.084173,-0.000073,0.000001
422.480000,0.084203,-0.000073,0.000001
422.580000,0.084232,-0.000073,0.000001
422.680000,0.084261,-0.000073,0.000001
422.780000,0.084291,-0.000073,0.000001
422.880000,0.084320,-0.000073,0.000001
422.980000,0.084350,-0.000073,0.000001
423.080000,0.084379,-0.000073,0.000001
423.180000,0.084409,-0.000073,0.000001
423.280000,0.084438,-0.000073,0.000001
423.380000,0.084468,-0.000073,0.000001
423.480000,0.084497,-0.000073,0.000001
423.580000,0.084527,-0.000073,0.000001
423.680000,0.084557,-0.000073,0.000001
423.780000,0.084587,-0.000073,0.000001
423.880000,0.084616,-0.000073,0.000001
423.980000,0.084647,-0.000073,0.000001
424.080000,0.084677,-0.000073,0.000001
424.180000,0.084707,-0.000073,0.000001
424.280000,0.084736,-0.000073,0.000001
424.380000,0.084765,-0.000073,0.000001
424.480000,0.084795,-0.000073,0.000001
424.580000,0.084825,-0.000073,0.000001
424.680000,0.084854,-0.000073,0.000001
424.780000,0.084884,-0.000073,0.000001
424.880000,0.084914,-0.000073,0.000001
424.980000,0.084943,-0.000073,0.000001
425.080000,0.084973,-0.000073,0.000001
425.180000,0.085003,-0.000073,0.000001
425.280000,0.085032,-0.000073,0.000001
425.380000,0.085063,-0.000073,0.000001
425.480000,0.085092,-0.000073,0.000001
425.580000,0.085122,-0.000073,0.000001
425.680000,0.085152,-0.000073,0.000001
425.780000,0.085182,-0.000073,0.000001
425.880000,0.085211,-0.000073,0.000001
425.980000,0.085241,-0.000073,0.000001
426.080000,0.085270,-0.000073,0.000001
426.180000,0.085300,-0.000073,0.000001
426.280000,0.085330,-0.000073,0.000001
426.380000,0.085359,-0.000073,0.000001
426.480000,0.085390,-0.000073,0.000001
426.580000,0.085420,-0.000073,0.000001
426.680000,0.085450,-0.000073,0.000001
426.780000,0.085480,-0.000073,0.000001
426.880000,0.085511,-0.000073,0.000001
426.980000,0.085541,-0.000073,0.000001
427.080000,0.085570,-0.000073,0.000001
427.180000,0.085599,-0.000073,0.000001
427.280000,0.085629,-0.000073,0.000001
427.380000,0.085659,-0.000074,0.000001
427.480000,0.085688,-0.000074,0.000001
427.580000,0.085718,-0.000074,0.000001
427.680000,0.085748,-0.000074,0.000000
427.780000,0.085778,-0.000074,0.000001
427.880000,0.085808,-0.000074,0.000001
427.980000,0.085838,-0.000074,0.000001
428.080000,0.085868,-0.000074,0.000001
428.180000,0.085897,-0.000074,0.000000
428.280000,0.085927,-0.000074,0.000000
428.380000,0.085957,-0.000074,0.000001
428.480000,0.085987,-0.000074,0.000001
428.580000,0.086017,-0.000074,0.000000
428.680000,0.086047,-0.000074,0.000000
428.780000,0.086077,-0.000074,0.000000
428.880000,0.086108,-0.000074,0.000000
428.980000,0.086137,-0.000074,0.000000
429.080000,0.086167,-0.000074,0.000000
429.180000,0.086198,-0.000074,0.000001
429.280000,0.086227,-0.000074,0.000000
429.380000,0.086258,-0.000074,0.000000
429.480000,0.086287,-0.000074,0.000000
429.580000,0.086317,-0.000074,0.000000
429.680000,0.086347,-0.000074,0.000000
429.780000,0.086377,-0.000074,0.000000
429.880000,0.086407,-0.000074,0.000000
429.980000,0.086437,-0.000074,0.000000
430.080000,0.086467,-0.000074,0.000000
430.180000,0.086497,-0.000074,0.000000
430.280000,0.086527,-0.000074,0.000000
430.380000,0.086557,-0.000074,0.000000
430.480000,0.086587,-0.000074,0.000000
430.580000,0.086617,-0.000074,0.000000
430.680000,0.086647,-0.000074,0.000000
430.780000,0.086677,-0.000074,0.000000
430.880000,0.086707,-0.000074,0.000000
430.980000,0.086738,-0.000074,0.000000
431.080000,0.086769,-0.000074,0.000000
431.180000,0.086799,-0.000074,0.000000
431.280000,0.086829,-0.000074,0.000000
431.380000,0.086859,-0.000074,0.000000
431.480000,0.086889,-0.000074,0.000000
431.580000,0.086918,-0.000074,0.000000
431.680000,0.086949,-0.000074,0.000000
431.780000,0.086979,-0.000074,0.000000
431.880000,0.087009,-0.000074,0.000000
431.980000,0.087039,-0.000074,0.000000
432.080000,0.087070,-0.000074,0.000000
432.180000,0.087101,-0.000074,0.000000
432.280000,0.087130,-0.000074,0.000000
432.380000,0.087160,-0.000074,0.000000
432.480000,0.087190,-0.000074,0.000000
432.580000,0.087220,-0.000074,0.000000
432.680000,0.087250,-0.000074,0.000000
432.780000,0.087281,-0.000074,0.000000
432.880000,0.087311,-0.000074,0.000000
432.980000,0.087341,-0.000074,0.000000
433.080000,0.087372,-0.000074,0.000000
433.180000,0.087402,-0.000074,0.000000
433.280000,0.087432,-0.000074,0.000000
433.380000,0.087462,-0.000074,0.000000
433.480000,0.087492,-0.000074,0.000000
433.580000,0.087522,-0.000074,0.000000
433.680000,0.087553,-0.000074,0.000000
433.780000,0.087583,-0.000074,0.000000
433.880000,0.087613,-0.000074,0.000000
433.980000,0.087644,-0.000074,0.000000
434.080000,0.087675,-0.000074,0.000000
434.180000,0.087705,-0.000074,0.000000
434.280000,0.087735,-0.000074,0.000000
434.380000,0.087766,-0.000074,0.000000
434.480000,0.087797,-0.000074,0.000000
434.580000,0.087826,-0.000075,0.000000
434.680000,0.087856,-0.000075,0.000000
434.780000,0.087887,-0.000075,0.000000
434.880000,0.087917,-0.000075,0.000000
434.980000,0.087948,-0.000075,0.000000
435.080000,0.087979,-0.000075,0.000000
435.180000,0.088009,-0.000075,0.000000
435.280000,0.088039,-0.000075,0.000000
435.380000,0.088070,-0.000075,0.000000
435.480000,0.088100,-0.000075,0.000000
435.580000,0.088130,-0.000075,0.000000
435.680000,0.088160,-0.000075,0.000000
435.780000,0.088191,-0.000075,0.000000
435.880000,0.088222,-0.000075,0.000000
435.980000,0.088252,-0.000075,0.000000
436.080000,0.088282,-0.000075,0.000000
436.180000,0.088312,-0.000075,0.000000
436.280000,0.088343,-0.000075,0.000000
436.380000,0.088373,-0.000075,0.000000
436.480000,0.088404,-0.000075,0.000000
436.580000,0.088434,-0.000075,0.000000
436.680000,0.088464,-0.000075,0.000000
436.780000,0.088495,-0.000075,0.000000
436.880000,0.088525,-0.000075,0.000000
436.980000,0.088556,-0.000075,0.000000
437.080000,0.088586,-0.000075,0.000000
437.180000,0.088618,-0.000075,0.000000
437.280000,0.088648,-0.000075,0.000000
437.380000,0.088678,-0.000075,0.000000
437.480000,0.088708,-0.000075,0.000000
437.580000,0.088739,-0.000075,0.000000
437.700000,0.088776,-0.000075,0.000000
437.800000,0.088806,-0.000075,0.000000
437.900000,0.088836,-0.000075,0.000000
438.000000,0.088868,-0.000075,0.000000
438.100000,0.088899,-0.000075,0.000000
438.200000,0.088929,-0.000075,0.000000
438.300000,0.088959,-0.000075,0.000000
438.400000,0.088990,-0.000075,0.000000
438.500000,0.089021,-0.000075,0.000000
438.600000,0.089052,-0.000075,0.000000
438.700000,0.089082,-0.000075,0.000000
438.800000,0.089112,-0.000075,0.000000
438.900000,0.089143,-0.000075,0.000000
439.000000,0.089174,-0.000075,0.000000
439.100000,0.089204,-0.000075,0.000000
439.200000,0.089235,-0.000075,0.000000
439.300000,0.089266,-0.000075,0.000000
439.400000,0.089296,-0.000075,0.000000
439.500000,0.089327,-0.000075,0.000000
439.600000,0.089357,-0.000075,0.000000
439.700000,0.089388,-0.000075,0.000000
439.800000,0.089419,-0.000075,0.000000
439.900000,0.089449,-0.000075,0.000000
440.000000,0.089480,-0.000075,0.000000
440.100000,0.089510,-0.000075,0.000000
440.200000,0.089541,-0.000075,0.000000
440.300000,0.089571,-0.000075,0.000000
440.400000,0.089602,-0.000075,0.000000
440.500000,0.089633,-0.000075,0.000000
440.600000,0.089664,-0.000075,0.000000
440.700000,0.089694,-0.000075,0.000000
440.800000,0.089725,-0.000075,0.000000
440.900000,0.089756,-0.000075,0.000000
441.000000,0.089786,-0.000075,0.000000
441.100000,0.089818,-0.000075,0.000000
441.200000,0.089849,-0.000075,0.000000
441.300000,0.089880,-0.000075,0.000000
441.400000,0.089910,-0.000075,0.000000
441.500000,0.089942,-0.000075,0.000000
441.600000,0.089972,-0.000075,0.000000
441.700000,0.090003,-0.000075,0.000000
441.800000,0.090034,-0.000075,0.000000
441.900000,0.090065,-0.000076,0.000000
442.000000,0.090096,-0.000076,0.000000
442.100000,0.090126,-0.000076,0.000000
442.200000,0.090157,-0.000076,0.000000
442.300000,0.090187,-0.000076,0.000000
442.400000,0.090218,-0.000076,0.000000
442.500000,0.090249,-0.000076,0.000000
442.600000,0.090280,-0.000076,0.000000
442.700000,0.090310,-0.000076,0.000000
442.800000,0.090341,-0.000076,0.000000
442.900000,0.090373,-0.000076,0.000000
443.000000,0.090404,-0.000076,0.000000
443.100000,0.090434,-0.000076,0.000000
443.200000,0.090466,-0.000076,0.000000
443.300000,0.090497,-0.000076,0.000000
443.400000,0.090528,-0.000076,0.000000
443.500000,0.090559,-0.000076,0.000000
443.600000,0.090589,-0.000076,0.000000
443.700000,0.090621,-0.000076,0.000000
443.800000,0.090651,-0.000076,0.000000
443.900000,0.090682,-0.000076,0.000000
444.000000,0.090713,-0.000076,0.000000
444.100000,0.090744,-0.000076,0.000000
444.200000,0.090774,-0.000076,0.000000
444.300000,0.090805,-0.000076,0.000000
444.400000,0.090837,-0.000076,0.000000
444.500000,0.090868,-0.000076,0.000000
444.600000,0.090899,-0.000076,0.000000
444.700000,0.090930,-0.000076,0.000000
444.800000,0.090961,-0.000076,0.000000
444.900000,0.090992,-0.000076,0.000000
445.000000,0.091023,-0.000076,0.000000
445.100000,0.091055,-0.000076,0.000000
445.200000,0.091085,-0.000076,0.000000
445.300000,0.091116,-0.000076,0.000000
445.400000,0.091147,-0.000076,0.000000
445.500000,0.091178,-0.000076,0.000000
445.600000,0.091209,-0.000076,0.000000
445.700000,0.091240,-0.000076,0.000000
445.800000,0.091271,-0.000076,0.000000
445.900000,0.091302,-0.000076,0.000000
446.000000,0.091334,-0.000076,0.000000
446.100000,0.091364,-0.000076,0.000000
446.200000,0.091395,-0.000076,0.000000
446.300000,0.091427,-0.000076,0.000000
446.400000,0.091458,-0.000076,0.000000
446.500000,0.091489,-0.000076,0.000000
446.600000,0.091520,-0.000076,0.000000
446.700000,0.091551,-0.000076,0.000000
446.800000,0.091583,-0.000076,0.000000
446.900000,0.091614,-0.000076,0.000000
447.000000,0.091644,-0.000076,0.000000
447.100000,0.091675,-0.000076,0.000000
447.200000,0.091707,-0.000076,0.000000
447.300000,0.091738,-0.000076,0.000000
447.400000,0.091769,-0.000076,0.000000
447.500000,0.091800,-0.000076,0.000000
447.600000,0.091832,-0.000076,0.000000
447.700000,0.091863,-0.000076,0.000000
447.800000,0.091894,-0.000076,0.000000
447.900000,0.091925,-0.000076,0.000000
448.000000,0.091957,-0.000076,0.000000
448.100000,0.091989,-0.000076,0.000000
448.200000,0.092020,-0.000076,0.000000
448.300000,0.092051,-0.000076,0.000000
448.400000,0.092083,-0.000076,0.000000
448.500000,0.092114,-0.000076,0.000000
448.600000,0.092145,-0.000076,0.000000
448.700000,0.092176,-0.000076,0.000000
448.800000,0.092207,-0.000076,0.000000
448.900000,0.092238,-0.000076,0.000000
449.000000,0.092269,-0.000076,0.000000
449.100000,0.092301,-0.000076,0.000000
449.200000,0.092333,-0.000076,0.000000
449.300000,0.092364,-0.000077,0.000000
449.400000,0.092395,-0.000077,0.000000
449.500000,0.092426,-0.000077,0.000000
449.600000,0.092458,-0.000077,0.000000
449.700000,0.092490,-0.000077,0.000000
449.800000,0.092521,-0.000077,0.000000
449.900000,0.092552,-0.000077,0.000000
450.000000,0.092583,-0.000077,0.000000
450.100000,0.092615,-0.000077,0.000000
450.200000,0.092646,-0.000077,0.000000
450.300000,0.092678,-0.000077,0.000000
450.400000,0.092710,-0.000077,0.000000
450.500000,0.092740,-0.000077,0.000000
450.600000,0.092772,-0.000077,0.000000
450.700000,0.092803,-0.000077,0.000000
450.800000,0.092835,-0.000077,0.000000
450.900000,0.092866,-0.000077,0.000000
451.000000,0.092897,-0.000077,0.000000
451.100000,0.092929,-0.000077,0.000000
451.200000,0.092960,-0.000077,0.000000
451.300000,0.092991,-0.000077,0.000000
451.400000,0.093023,-0.000077,0.000000
451.500000,0.093054,-0.000077,0.000000
451.600000,0.093085,-0.000077,0.000000
451.700000,0.093117,-0.000077,0.000000
451.800000,0.093149,-0.000077,0.000000
451.900000,0.093181,-0.000077,0.000000
452.000000,0.093213,-0.000077,0.000000
452.100000,0.093244,-0.000077,0.000000
452.200000,0.093275,-0.000077,0.000000
452.300000,0.093307,-0.000077,0.000000
452.400000,0.093338,-0.000077,0.000000
452.500000,0.093369,-0.000077,0.000000
452.600000,0.093401,-0.000077,0.000000
452.700000,0.093433,-0.000077,0.000000
452.800000,0.093465,-0.000077,0.000000
452.900000,0.093496,-0.000077,0.000000
453.000000,0.093528,-0.000077,0.000000
453.100000,0.093559,-0.000077,0.000000
453.200000,0.093590,-0.000077,0.000000
453.300000,0.093621,-0.000077,0.000000
453.400000,0.093653,-0.000077,0.000000
453.500000,0.093685,-0.000077,0.000000
453.600000,0.093716,-0.000077,0.000000
453.700000,0.093748,-0.000077,0.000000
453.800000,0.093779,-0.000077,0.000000
453.900000,0.093811,-0.000077,0.000000
454.000000,0.093842,-0.000077,0.000000
454.100000,0.093874,-0.000077,0.000000
454.200000,0.093905,-0.000077,0.000000
454.300000,0.093938,-0.000077,0.000000
454.400000,0.093969,-0.000077,0.000000
454.500000,0.094000,-0.000077,0.000000
454.600000,0.094033,-0.000077,0.000000
454.700000,0.094065,-0.000077,0.000000
454.800000,0.094096,-0.000077,0.000000
454.900000,0.094128,-0.000077,0.000000
455.000000,0.094159,-0.000077,0.000000
455.100000,0.094191,-0.000077,0.000000
455.200000,0.094223,-0.000077,0.000000
455.300000,0.094254,-0.000077,0.000000
455.400000,0.094286,-0.000077,-0.000000
455.500000,0.094317,-0.000077,0.000000
455.600000,0.094349,-0.000077,0.000000
455.700000,0.094381,-0.000077,0.000000
455.800000,0.094413,-0.000077,0.000000
455.900000,0.094445,-0.000077,0.000000
456.000000,0.094476,-0.000077,-0.000000
456.100000,0.094508,-0.000077,-0.000000
456.200000,0.094540,-0.000077,0.000000
456.300000,0.094572,-0.000077,-0.000000
456.400000,0.094604,-0.000077,-0.000000
456.500000,0.094635,-0.000077,-0.000000
456.600000,0.094668,-0.000077,-0.000000
456.700000,0.094700,-0.000078,-0.000000
456.800000,0.094732,-0.000078,-0.000000
456.900000,0.094764,-0.000078,-0.000000
457.000000,0.094795,-0.000078,-0.000000
457.100000,0.094827,-0.000078,-0.000000
457.200000,0.094858,-0.000078,-0.000000
457.300000,0.094890,-0.000078,-0.000000
457.400000,0.094922,-0.000078,-0.000000
457.500000,0.094954,-0.000078,-0.000000
457.600000,0.094986,-0.000078,-0.000000
